[{"inec_provincia_id":"01","provincia":"Azuay","provincia_poblacion":881394,"inec_canton_id":"0115","canton":"Camilo Ponce Enríquez","canton_poblacion":36423,"total":2,"acumuladas":2,"lat":-3.0500000000000003,"lng":-79.733333,"semana":1},{"inec_provincia_id":"01","provincia":"Azuay","provincia_poblacion":881394,"inec_canton_id":"0111","canton":"Chordeleg","canton_poblacion":15176,"total":1,"acumuladas":1,"lat":-2.933333,"lng":-78.766667,"semana":1},{"inec_provincia_id":"01","provincia":"Azuay","provincia_poblacion":881394,"inec_canton_id":"0101","canton":"Cuenca","canton_poblacion":636996,"total":78,"acumuladas":78,"lat":-2.8974140000000004,"lng":-79.004481,"semana":1},{"inec_provincia_id":"01","provincia":"Azuay","provincia_poblacion":881394,"inec_canton_id":"0112","canton":"El Pan","canton_poblacion":3091,"total":0,"acumuladas":0,"lat":-2.786111,"lng":-78.665,"semana":1},{"inec_provincia_id":"01","provincia":"Azuay","provincia_poblacion":881394,"inec_canton_id":"0102","canton":"Girón","canton_poblacion":13037,"total":1,"acumuladas":1,"lat":-3.159028,"lng":-79.147568,"semana":1},{"inec_provincia_id":"01","provincia":"Azuay","provincia_poblacion":881394,"inec_canton_id":"0114","canton":"Guachapala","canton_poblacion":3859,"total":0,"acumuladas":0,"lat":-2.769,"lng":-78.709,"semana":1},{"inec_provincia_id":"01","provincia":"Azuay","provincia_poblacion":881394,"inec_canton_id":"0103","canton":"Gualaceo","canton_poblacion":49104,"total":2,"acumuladas":2,"lat":-2.9000000000000004,"lng":-78.783333,"semana":1},{"inec_provincia_id":"01","provincia":"Azuay","provincia_poblacion":881394,"inec_canton_id":"0104","canton":"Nabón","canton_poblacion":17292,"total":3,"acumuladas":3,"lat":-3.3360600000000002,"lng":-79.06368,"semana":1},{"inec_provincia_id":"01","provincia":"Azuay","provincia_poblacion":881394,"inec_canton_id":"0110","canton":"Oña","canton_poblacion":4128,"total":0,"acumuladas":0,"lat":-3.46964,"lng":-79.15431,"semana":1},{"inec_provincia_id":"01","provincia":"Azuay","provincia_poblacion":881394,"inec_canton_id":"0105","canton":"Paute","canton_poblacion":29214,"total":2,"acumuladas":2,"lat":-2.7818,"lng":-78.76,"semana":1},{"inec_provincia_id":"01","provincia":"Azuay","provincia_poblacion":881394,"inec_canton_id":"0106","canton":"Pucará","canton_poblacion":10584,"total":0,"acumuladas":0,"lat":-3.2337800000000003,"lng":-79.4612,"semana":1},{"inec_provincia_id":"01","provincia":"Azuay","provincia_poblacion":881394,"inec_canton_id":"0107","canton":"San Fernando","canton_poblacion":4156,"total":0,"acumuladas":0,"lat":-3.1445000000000003,"lng":-79.252,"semana":1},{"inec_provincia_id":"01","provincia":"Azuay","provincia_poblacion":881394,"inec_canton_id":"0108","canton":"Santa Isabel","canton_poblacion":20935,"total":2,"acumuladas":2,"lat":-3.2741700000000002,"lng":-79.3156,"semana":1},{"inec_provincia_id":"01","provincia":"Azuay","provincia_poblacion":881394,"inec_canton_id":"0113","canton":"Sevilla de Oro","canton_poblacion":6890,"total":0,"acumuladas":0,"lat":-2.799833,"lng":-78.655694,"semana":1},{"inec_provincia_id":"01","provincia":"Azuay","provincia_poblacion":881394,"inec_canton_id":"0109","canton":"Sígsig","canton_poblacion":30509,"total":6,"acumuladas":6,"lat":-3.0897,"lng":-78.8032,"semana":1},{"inec_provincia_id":"02","provincia":"Bolívar","provincia_poblacion":209933,"inec_canton_id":"0206","canton":"Caluma","canton_poblacion":16429,"total":0,"acumuladas":0,"lat":-1.6333300000000002,"lng":-79.25,"semana":1},{"inec_provincia_id":"02","provincia":"Bolívar","provincia_poblacion":209933,"inec_canton_id":"0202","canton":"Chillanes","canton_poblacion":16850,"total":0,"acumuladas":0,"lat":-1.9333330000000002,"lng":-79.066667,"semana":1},{"inec_provincia_id":"02","provincia":"Bolívar","provincia_poblacion":209933,"inec_canton_id":"0203","canton":"Chimbo","canton_poblacion":17378,"total":1,"acumuladas":1,"lat":-1.7000000000000002,"lng":-79.016667,"semana":1},{"inec_provincia_id":"02","provincia":"Bolívar","provincia_poblacion":209933,"inec_canton_id":"0204","canton":"Echeandía","canton_poblacion":14081,"total":2,"acumuladas":2,"lat":-1.4333300000000002,"lng":-79.26667,"semana":1},{"inec_provincia_id":"02","provincia":"Bolívar","provincia_poblacion":209933,"inec_canton_id":"0201","canton":"Guaranda","canton_poblacion":108763,"total":8,"acumuladas":8,"lat":-1.6055560000000002,"lng":-79.003056,"semana":1},{"inec_provincia_id":"02","provincia":"Bolívar","provincia_poblacion":209933,"inec_canton_id":"0207","canton":"Las Naves","canton_poblacion":7428,"total":1,"acumuladas":1,"lat":-1.28333,"lng":-79.3,"semana":1},{"inec_provincia_id":"02","provincia":"Bolívar","provincia_poblacion":209933,"inec_canton_id":"0205","canton":"San Miguel","canton_poblacion":29004,"total":7,"acumuladas":7,"lat":-1.7000000000000002,"lng":-79.033333,"semana":1},{"inec_provincia_id":"04","provincia":"Carchi","provincia_poblacion":186869,"inec_canton_id":"0402","canton":"Bolivar","canton_poblacion":15528,"total":1,"acumuladas":1,"lat":0.507099,"lng":-77.862454,"semana":1},{"inec_provincia_id":"04","provincia":"Carchi","provincia_poblacion":186869,"inec_canton_id":"0403","canton":"Espejo","canton_poblacion":13817,"total":1,"acumuladas":1,"lat":0.621,"lng":-77.94,"semana":1},{"inec_provincia_id":"04","provincia":"Carchi","provincia_poblacion":186869,"inec_canton_id":"0404","canton":"Mira","canton_poblacion":11969,"total":2,"acumuladas":2,"lat":0.5538999999999998,"lng":-78.0493,"semana":1},{"inec_provincia_id":"04","provincia":"Carchi","provincia_poblacion":186869,"inec_canton_id":"0405","canton":"Montúfar","canton_poblacion":34229,"total":3,"acumuladas":3,"lat":0.61,"lng":-77.84,"semana":1},{"inec_provincia_id":"04","provincia":"Carchi","provincia_poblacion":186869,"inec_canton_id":"0406","canton":"San Pedro de Huaca","canton_poblacion":8931,"total":0,"acumuladas":0,"lat":0.631111,"lng":-77.725278,"semana":1},{"inec_provincia_id":"04","provincia":"Carchi","provincia_poblacion":186869,"inec_canton_id":"0401","canton":"Tulcán","canton_poblacion":102395,"total":20,"acumuladas":20,"lat":0.81218,"lng":-77.71633,"semana":1},{"inec_provincia_id":"03","provincia":"Cañar","provincia_poblacion":281396,"inec_canton_id":"0301","canton":"Azogues","canton_poblacion":86276,"total":14,"acumuladas":14,"lat":-2.733333,"lng":-78.833333,"semana":1},{"inec_provincia_id":"03","provincia":"Cañar","provincia_poblacion":281396,"inec_canton_id":"0302","canton":"Biblían","canton_poblacion":23741,"total":4,"acumuladas":4,"lat":-2.7100000000000004,"lng":-78.88,"semana":1},{"inec_provincia_id":"03","provincia":"Cañar","provincia_poblacion":281396,"inec_canton_id":"0303","canton":"Cañar","canton_poblacion":68747,"total":3,"acumuladas":3,"lat":-2.4837000000000002,"lng":-78.9784,"semana":1},{"inec_provincia_id":"03","provincia":"Cañar","provincia_poblacion":281396,"inec_canton_id":"0306","canton":"Déleg","canton_poblacion":6782,"total":1,"acumuladas":1,"lat":-2.7726,"lng":-78.9183,"semana":1},{"inec_provincia_id":"03","provincia":"Cañar","provincia_poblacion":281396,"inec_canton_id":"0305","canton":"El Tambo","canton_poblacion":12462,"total":0,"acumuladas":0,"lat":-2.5081,"lng":-78.9249,"semana":1},{"inec_provincia_id":"03","provincia":"Cañar","provincia_poblacion":281396,"inec_canton_id":"0304","canton":"La Troncal","canton_poblacion":76872,"total":9,"acumuladas":9,"lat":-2.4000000000000004,"lng":-79.33,"semana":1},{"inec_provincia_id":"03","provincia":"Cañar","provincia_poblacion":281396,"inec_canton_id":"0307","canton":"Suscal","canton_poblacion":6516,"total":0,"acumuladas":0,"lat":-2.4364000000000003,"lng":-79.0522,"semana":1},{"inec_provincia_id":"06","provincia":"Chimborazo","provincia_poblacion":524004,"inec_canton_id":"0602","canton":"Alausí","canton_poblacion":45054,"total":2,"acumuladas":2,"lat":-2.2,"lng":-78.85,"semana":1},{"inec_provincia_id":"06","provincia":"Chimborazo","provincia_poblacion":524004,"inec_canton_id":"0604","canton":"Chambo","canton_poblacion":13378,"total":1,"acumuladas":1,"lat":-1.7333330000000002,"lng":-78.583333,"semana":1},{"inec_provincia_id":"06","provincia":"Chimborazo","provincia_poblacion":524004,"inec_canton_id":"0605","canton":"Chunchi","canton_poblacion":12795,"total":7,"acumuladas":7,"lat":-2.2833330000000003,"lng":-78.916667,"semana":1},{"inec_provincia_id":"06","provincia":"Chimborazo","provincia_poblacion":524004,"inec_canton_id":"0603","canton":"Colta","canton_poblacion":44838,"total":7,"acumuladas":7,"lat":-1.7000000000000002,"lng":-78.75,"semana":1},{"inec_provincia_id":"06","provincia":"Chimborazo","provincia_poblacion":524004,"inec_canton_id":"0610","canton":"Cumandá","canton_poblacion":17973,"total":1,"acumuladas":1,"lat":-2.2,"lng":-79.133333,"semana":1},{"inec_provincia_id":"06","provincia":"Chimborazo","provincia_poblacion":524004,"inec_canton_id":"0606","canton":"Guamote","canton_poblacion":58291,"total":4,"acumuladas":4,"lat":-1.9333330000000002,"lng":-78.716667,"semana":1},{"inec_provincia_id":"06","provincia":"Chimborazo","provincia_poblacion":524004,"inec_canton_id":"0607","canton":"Guano","canton_poblacion":48395,"total":5,"acumuladas":5,"lat":-1.583333,"lng":-78.633333,"semana":1},{"inec_provincia_id":"06","provincia":"Chimborazo","provincia_poblacion":524004,"inec_canton_id":"0608","canton":"Pallatanga","canton_poblacion":12277,"total":0,"acumuladas":0,"lat":-1.9833330000000002,"lng":-78.95,"semana":1},{"inec_provincia_id":"06","provincia":"Chimborazo","provincia_poblacion":524004,"inec_canton_id":"0609","canton":"Penipe","canton_poblacion":6955,"total":0,"acumuladas":0,"lat":-1.5573000000000001,"lng":-78.5396,"semana":1},{"inec_provincia_id":"06","provincia":"Chimborazo","provincia_poblacion":524004,"inec_canton_id":"0601","canton":"Riobamba","canton_poblacion":264048,"total":47,"acumuladas":47,"lat":-1.674347,"lng":-78.648294,"semana":1},{"inec_provincia_id":"05","provincia":"Cotopaxi","provincia_poblacion":488716,"inec_canton_id":"0502","canton":"La Maná","canton_poblacion":56905,"total":0,"acumuladas":0,"lat":-0.9299999999999999,"lng":-79.22,"semana":1},{"inec_provincia_id":"05","provincia":"Cotopaxi","provincia_poblacion":488716,"inec_canton_id":"0501","canton":"Latacunga","canton_poblacion":205624,"total":36,"acumuladas":36,"lat":-0.933333,"lng":-78.616667,"semana":1},{"inec_provincia_id":"05","provincia":"Cotopaxi","provincia_poblacion":488716,"inec_canton_id":"0503","canton":"Pangua","canton_poblacion":24612,"total":1,"acumuladas":1,"lat":-1.1333330000000001,"lng":-79.066667,"semana":1},{"inec_provincia_id":"05","provincia":"Cotopaxi","provincia_poblacion":488716,"inec_canton_id":"0504","canton":"Pujilí","canton_poblacion":79772,"total":5,"acumuladas":5,"lat":-0.95,"lng":-78.69,"semana":1},{"inec_provincia_id":"05","provincia":"Cotopaxi","provincia_poblacion":488716,"inec_canton_id":"0505","canton":"Salcedo","canton_poblacion":67100,"total":6,"acumuladas":6,"lat":-1.05,"lng":-78.583333,"semana":1},{"inec_provincia_id":"05","provincia":"Cotopaxi","provincia_poblacion":488716,"inec_canton_id":"0506","canton":"Saquisilí","canton_poblacion":31426,"total":4,"acumuladas":4,"lat":-0.83,"lng":-78.67,"semana":1},{"inec_provincia_id":"05","provincia":"Cotopaxi","provincia_poblacion":488716,"inec_canton_id":"0507","canton":"Sigchos","canton_poblacion":23277,"total":1,"acumuladas":1,"lat":-0.7,"lng":-78.883333,"semana":1},{"inec_provincia_id":"07","provincia":"El Oro","provincia_poblacion":715751,"inec_canton_id":"0702","canton":"Arenillas","canton_poblacion":33473,"total":1,"acumuladas":1,"lat":-3.5500000000000003,"lng":-80.06,"semana":1},{"inec_provincia_id":"07","provincia":"El Oro","provincia_poblacion":715751,"inec_canton_id":"0703","canton":"Atahualpa","canton_poblacion":6436,"total":1,"acumuladas":1,"lat":-2.9000000000000004,"lng":-78.933333,"semana":1},{"inec_provincia_id":"07","provincia":"El Oro","provincia_poblacion":715751,"inec_canton_id":"0704","canton":"Balsas","canton_poblacion":9233,"total":0,"acumuladas":0,"lat":-3.7626000000000004,"lng":-79.8253,"semana":1},{"inec_provincia_id":"07","provincia":"El Oro","provincia_poblacion":715751,"inec_canton_id":"0705","canton":"Chilla","canton_poblacion":2379,"total":0,"acumuladas":0,"lat":-3.45,"lng":-79.58,"semana":1},{"inec_provincia_id":"07","provincia":"El Oro","provincia_poblacion":715751,"inec_canton_id":"0706","canton":"El Guabo","canton_poblacion":63645,"total":2,"acumuladas":2,"lat":-3.2388000000000003,"lng":-79.8292,"semana":1},{"inec_provincia_id":"07","provincia":"El Oro","provincia_poblacion":715751,"inec_canton_id":"0707","canton":"Huaquillas","canton_poblacion":60440,"total":4,"acumuladas":4,"lat":-3.48138,"lng":-80.243207,"semana":1},{"inec_provincia_id":"07","provincia":"El Oro","provincia_poblacion":715751,"inec_canton_id":"0714","canton":"Las Lajas","canton_poblacion":4963,"total":1,"acumuladas":1,"lat":-3.785,"lng":-80.061667,"semana":1},{"inec_provincia_id":"07","provincia":"El Oro","provincia_poblacion":715751,"inec_canton_id":"0701","canton":"Machala","canton_poblacion":289141,"total":39,"acumuladas":39,"lat":-3.2666670000000004,"lng":-79.966667,"semana":1},{"inec_provincia_id":"07","provincia":"El Oro","provincia_poblacion":715751,"inec_canton_id":"0708","canton":"Marcabelí","canton_poblacion":6259,"total":0,"acumuladas":0,"lat":-3.7860000000000005,"lng":-79.8978,"semana":1},{"inec_provincia_id":"07","provincia":"El Oro","provincia_poblacion":715751,"inec_canton_id":"0709","canton":"Pasaje","canton_poblacion":87723,"total":7,"acumuladas":7,"lat":-3.3269,"lng":-79.8049,"semana":1},{"inec_provincia_id":"07","provincia":"El Oro","provincia_poblacion":715751,"inec_canton_id":"0710","canton":"Piñas","canton_poblacion":30206,"total":4,"acumuladas":4,"lat":-3.6666670000000003,"lng":-79.65,"semana":1},{"inec_provincia_id":"07","provincia":"El Oro","provincia_poblacion":715751,"inec_canton_id":"0711","canton":"Portovelo","canton_poblacion":14028,"total":1,"acumuladas":1,"lat":-3.72,"lng":-79.62,"semana":1},{"inec_provincia_id":"07","provincia":"El Oro","provincia_poblacion":715751,"inec_canton_id":"0712","canton":"Santa Rosa","canton_poblacion":82171,"total":3,"acumuladas":3,"lat":-3.4522220000000003,"lng":-79.961667,"semana":1},{"inec_provincia_id":"07","provincia":"El Oro","provincia_poblacion":715751,"inec_canton_id":"0713","canton":"Zaruma","canton_poblacion":25654,"total":3,"acumuladas":3,"lat":-3.433333,"lng":-79.6,"semana":1},{"inec_provincia_id":"08","provincia":"Esmeraldas","provincia_poblacion":591083,"inec_canton_id":"0806","canton":"Atacames","canton_poblacion":55495,"total":2,"acumuladas":2,"lat":0.866667,"lng":-79.833333,"semana":1},{"inec_provincia_id":"08","provincia":"Esmeraldas","provincia_poblacion":591083,"inec_canton_id":"0802","canton":"Eloy Alfaro","canton_poblacion":45629,"total":2,"acumuladas":2,"lat":1.25,"lng":-79,"semana":1},{"inec_provincia_id":"08","provincia":"Esmeraldas","provincia_poblacion":591083,"inec_canton_id":"0801","canton":"Esmeraldas","canton_poblacion":218727,"total":14,"acumuladas":14,"lat":1.05,"lng":-79.2,"semana":1},{"inec_provincia_id":"08","provincia":"Esmeraldas","provincia_poblacion":591083,"inec_canton_id":"0803","canton":"Muisne","canton_poblacion":31106,"total":0,"acumuladas":0,"lat":0.6067,"lng":-80.0183,"semana":1},{"inec_provincia_id":"08","provincia":"Esmeraldas","provincia_poblacion":591083,"inec_canton_id":"0804","canton":"Quinindé","canton_poblacion":145879,"total":2,"acumuladas":2,"lat":0.33,"lng":-79.48,"semana":1},{"inec_provincia_id":"08","provincia":"Esmeraldas","provincia_poblacion":591083,"inec_canton_id":"0807","canton":"Rioverde","canton_poblacion":31475,"total":1,"acumuladas":1,"lat":1.0602,"lng":-79.4044,"semana":1},{"inec_provincia_id":"08","provincia":"Esmeraldas","provincia_poblacion":591083,"inec_canton_id":"0805","canton":"San Lorenzo","canton_poblacion":62772,"total":3,"acumuladas":3,"lat":1.2658,"lng":-78.8414,"semana":1},{"inec_provincia_id":"20","provincia":"Galápagos","provincia_poblacion":33042,"inec_canton_id":"2002","canton":"Isabela","canton_poblacion":3073,"total":0,"acumuladas":0,"lat":-0.4724,"lng":-90.6811,"semana":1},{"inec_provincia_id":"20","provincia":"Galápagos","provincia_poblacion":33042,"inec_canton_id":"2001","canton":"San Cristóbal","canton_poblacion":9667,"total":2,"acumuladas":2,"lat":-0.7999999999999999,"lng":-89.4,"semana":1},{"inec_provincia_id":"20","provincia":"Galápagos","provincia_poblacion":33042,"inec_canton_id":"2003","canton":"Santa Cruz","canton_poblacion":20302,"total":2,"acumuladas":2,"lat":-0.633333,"lng":-90.366667,"semana":1},{"inec_provincia_id":"09","provincia":"Guayas","provincia_poblacion":4387434,"inec_canton_id":"0902","canton":"Alfredo Baquerizo Moreno","canton_poblacion":32110,"total":0,"acumuladas":0,"lat":-1.9166670000000001,"lng":-79.516667,"semana":1},{"inec_provincia_id":"09","provincia":"Guayas","provincia_poblacion":4387434,"inec_canton_id":"0903","canton":"Balao","canton_poblacion":26348,"total":0,"acumuladas":0,"lat":-2.91,"lng":-79.81,"semana":1},{"inec_provincia_id":"09","provincia":"Guayas","provincia_poblacion":4387434,"inec_canton_id":"0904","canton":"Balzar","canton_poblacion":60260,"total":2,"acumuladas":2,"lat":-1.36,"lng":-79.9,"semana":1},{"inec_provincia_id":"09","provincia":"Guayas","provincia_poblacion":4387434,"inec_canton_id":"0905","canton":"Colimes","canton_poblacion":26169,"total":3,"acumuladas":3,"lat":-1.55,"lng":-80.016667,"semana":1},{"inec_provincia_id":"09","provincia":"Guayas","provincia_poblacion":4387434,"inec_canton_id":"0923","canton":"Coronel Marcelino Maridueña","canton_poblacion":13132,"total":0,"acumuladas":0,"lat":-2.2,"lng":-79.42,"semana":1},{"inec_provincia_id":"09","provincia":"Guayas","provincia_poblacion":4387434,"inec_canton_id":"0906","canton":"Daule","canton_poblacion":173684,"total":16,"acumuladas":16,"lat":-1.866667,"lng":-79.983333,"semana":1},{"inec_provincia_id":"09","provincia":"Guayas","provincia_poblacion":4387434,"inec_canton_id":"0907","canton":"Durán","canton_poblacion":315724,"total":9,"acumuladas":9,"lat":-2.1666670000000003,"lng":-79.833333,"semana":1},{"inec_provincia_id":"09","provincia":"Guayas","provincia_poblacion":4387434,"inec_canton_id":"0909","canton":"El Triunfo","canton_poblacion":59636,"total":4,"acumuladas":4,"lat":-2.33,"lng":-79.4,"semana":1},{"inec_provincia_id":"09","provincia":"Guayas","provincia_poblacion":4387434,"inec_canton_id":"0908","canton":"Empalme","canton_poblacion":86073,"total":8,"acumuladas":8,"lat":-1.046111,"lng":-79.633611,"semana":1},{"inec_provincia_id":"09","provincia":"Guayas","provincia_poblacion":4387434,"inec_canton_id":"0927","canton":"General Antonio Elizalde","canton_poblacion":13156,"total":2,"acumuladas":2,"lat":-2.2,"lng":-79.17,"semana":1},{"inec_provincia_id":"09","provincia":"Guayas","provincia_poblacion":4387434,"inec_canton_id":"0901","canton":"Guayaquil","canton_poblacion":2723665,"total":438,"acumuladas":438,"lat":-2.183333,"lng":-79.883333,"semana":1},{"inec_provincia_id":"09","provincia":"Guayas","provincia_poblacion":4387434,"inec_canton_id":"0928","canton":"Isidro Ayora","canton_poblacion":14582,"total":0,"acumuladas":0,"lat":-1.8833330000000001,"lng":-80.166667,"semana":1},{"inec_provincia_id":"09","provincia":"Guayas","provincia_poblacion":4387434,"inec_canton_id":"0924","canton":"Lomas de Sargentillo","canton_poblacion":24220,"total":0,"acumuladas":0,"lat":-1.8833330000000001,"lng":-80.083333,"semana":1},{"inec_provincia_id":"09","provincia":"Guayas","provincia_poblacion":4387434,"inec_canton_id":"0910","canton":"Milagro","canton_poblacion":199835,"total":27,"acumuladas":27,"lat":-2.126944,"lng":-79.599167,"semana":1},{"inec_provincia_id":"09","provincia":"Guayas","provincia_poblacion":4387434,"inec_canton_id":"0911","canton":"Naranjal","canton_poblacion":95052,"total":3,"acumuladas":3,"lat":-2.6728,"lng":-79.615,"semana":1},{"inec_provincia_id":"09","provincia":"Guayas","provincia_poblacion":4387434,"inec_canton_id":"0912","canton":"Naranjito","canton_poblacion":43862,"total":6,"acumuladas":6,"lat":-2.173,"lng":-79.4671,"semana":1},{"inec_provincia_id":"09","provincia":"Guayas","provincia_poblacion":4387434,"inec_canton_id":"0925","canton":"Nobol","canton_poblacion":26444,"total":1,"acumuladas":1,"lat":-1.9166710000000002,"lng":-80.011539,"semana":1},{"inec_provincia_id":"09","provincia":"Guayas","provincia_poblacion":4387434,"inec_canton_id":"0913","canton":"Palestina","canton_poblacion":18451,"total":1,"acumuladas":1,"lat":-1.6263,"lng":-79.977,"semana":1},{"inec_provincia_id":"09","provincia":"Guayas","provincia_poblacion":4387434,"inec_canton_id":"0914","canton":"Pedro Carbo","canton_poblacion":51802,"total":7,"acumuladas":7,"lat":-1.833333,"lng":-80.233333,"semana":1},{"inec_provincia_id":"09","provincia":"Guayas","provincia_poblacion":4387434,"inec_canton_id":"0921","canton":"Playas","canton_poblacion":59628,"total":2,"acumuladas":2,"lat":-2.62333,"lng":-80.3875,"semana":1},{"inec_provincia_id":"09","provincia":"Guayas","provincia_poblacion":4387434,"inec_canton_id":"0919","canton":"Salitre","canton_poblacion":65765,"total":6,"acumuladas":6,"lat":-1.829444,"lng":-79.815556,"semana":1},{"inec_provincia_id":"09","provincia":"Guayas","provincia_poblacion":4387434,"inec_canton_id":"0916","canton":"Samborondón","canton_poblacion":102404,"total":4,"acumuladas":4,"lat":-2.183333,"lng":-79.883333,"semana":1},{"inec_provincia_id":"09","provincia":"Guayas","provincia_poblacion":4387434,"inec_canton_id":"0920","canton":"San Jacinto De Yaguachi","canton_poblacion":78204,"total":2,"acumuladas":2,"lat":-2.12,"lng":-79.69,"semana":1},{"inec_provincia_id":"09","provincia":"Guayas","provincia_poblacion":4387434,"inec_canton_id":"0918","canton":"Santa Lucía","canton_poblacion":45004,"total":0,"acumuladas":0,"lat":-1.7138890000000002,"lng":-79.985,"semana":1},{"inec_provincia_id":"09","provincia":"Guayas","provincia_poblacion":4387434,"inec_canton_id":"0922","canton":"Simón Bolivar","canton_poblacion":32224,"total":2,"acumuladas":2,"lat":-2.156667,"lng":-79.8875,"semana":1},{"inec_provincia_id":"10","provincia":"Imbabura","provincia_poblacion":476257,"inec_canton_id":"1002","canton":"Antonio Ante","canton_poblacion":54311,"total":3,"acumuladas":3,"lat":0.32,"lng":-78.21,"semana":1},{"inec_provincia_id":"10","provincia":"Imbabura","provincia_poblacion":476257,"inec_canton_id":"1003","canton":"Cotacachi","canton_poblacion":44203,"total":2,"acumuladas":2,"lat":0.3,"lng":-78.266667,"semana":1},{"inec_provincia_id":"10","provincia":"Imbabura","provincia_poblacion":476257,"inec_canton_id":"1001","canton":"Ibarra","canton_poblacion":221149,"total":36,"acumuladas":36,"lat":0.362678,"lng":-78.130667,"semana":1},{"inec_provincia_id":"10","provincia":"Imbabura","provincia_poblacion":476257,"inec_canton_id":"1004","canton":"Otavalo","canton_poblacion":125785,"total":11,"acumuladas":11,"lat":0.23333299999999998,"lng":-78.266667,"semana":1},{"inec_provincia_id":"10","provincia":"Imbabura","provincia_poblacion":476257,"inec_canton_id":"1005","canton":"Pimampiro","canton_poblacion":13269,"total":3,"acumuladas":3,"lat":0.39999999999999997,"lng":-77.97,"semana":1},{"inec_provincia_id":"10","provincia":"Imbabura","provincia_poblacion":476257,"inec_canton_id":"1006","canton":"San Miguel de Urcuquí","canton_poblacion":17540,"total":0,"acumuladas":0,"lat":0.52,"lng":-78.2,"semana":1},{"inec_provincia_id":"11","provincia":"Loja","provincia_poblacion":521154,"inec_canton_id":"1102","canton":"Calvas","canton_poblacion":29565,"total":3,"acumuladas":3,"lat":-4.32,"lng":-79.56,"semana":1},{"inec_provincia_id":"11","provincia":"Loja","provincia_poblacion":521154,"inec_canton_id":"1103","canton":"Catamayo","canton_poblacion":35961,"total":1,"acumuladas":1,"lat":-3.9800000000000004,"lng":-79.35,"semana":1},{"inec_provincia_id":"11","provincia":"Loja","provincia_poblacion":521154,"inec_canton_id":"1104","canton":"Celica","canton_poblacion":16160,"total":1,"acumuladas":1,"lat":-4.1025,"lng":-79.954444,"semana":1},{"inec_provincia_id":"11","provincia":"Loja","provincia_poblacion":521154,"inec_canton_id":"1105","canton":"Chaguarpamba","canton_poblacion":6620,"total":0,"acumuladas":0,"lat":-3.85,"lng":-79.65,"semana":1},{"inec_provincia_id":"11","provincia":"Loja","provincia_poblacion":521154,"inec_canton_id":"1106","canton":"Espíndola","canton_poblacion":14209,"total":2,"acumuladas":2,"lat":-4.583056,"lng":-79.426944,"semana":1},{"inec_provincia_id":"11","provincia":"Loja","provincia_poblacion":521154,"inec_canton_id":"1107","canton":"Gonzanamá","canton_poblacion":10953,"total":1,"acumuladas":1,"lat":-4.231389,"lng":-79.435278,"semana":1},{"inec_provincia_id":"11","provincia":"Loja","provincia_poblacion":521154,"inec_canton_id":"1101","canton":"Loja","canton_poblacion":274112,"total":29,"acumuladas":29,"lat":-3.9833330000000005,"lng":-79.2,"semana":1},{"inec_provincia_id":"11","provincia":"Loja","provincia_poblacion":521154,"inec_canton_id":"1108","canton":"Macará","canton_poblacion":20269,"total":2,"acumuladas":2,"lat":-4.383333,"lng":-79.95,"semana":1},{"inec_provincia_id":"11","provincia":"Loja","provincia_poblacion":521154,"inec_canton_id":"1116","canton":"Olmedo","canton_poblacion":4220,"total":0,"acumuladas":0,"lat":-3.934,"lng":-79.648,"semana":1},{"inec_provincia_id":"11","provincia":"Loja","provincia_poblacion":521154,"inec_canton_id":"1109","canton":"Paltas","canton_poblacion":23471,"total":3,"acumuladas":3,"lat":-4.050000000000002,"lng":-79.65,"semana":1},{"inec_provincia_id":"11","provincia":"Loja","provincia_poblacion":521154,"inec_canton_id":"1114","canton":"Pindal","canton_poblacion":10540,"total":0,"acumuladas":0,"lat":-4.1161,"lng":-80.1076,"semana":1},{"inec_provincia_id":"11","provincia":"Loja","provincia_poblacion":521154,"inec_canton_id":"1110","canton":"Puyango","canton_poblacion":15925,"total":3,"acumuladas":3,"lat":-3.87,"lng":-80.09,"semana":1},{"inec_provincia_id":"11","provincia":"Loja","provincia_poblacion":521154,"inec_canton_id":"1115","canton":"Quilanga","canton_poblacion":4197,"total":0,"acumuladas":0,"lat":-4.298,"lng":-79.3986,"semana":1},{"inec_provincia_id":"11","provincia":"Loja","provincia_poblacion":521154,"inec_canton_id":"1111","canton":"Saraguro","canton_poblacion":33506,"total":1,"acumuladas":1,"lat":-3.6253,"lng":-79.2411,"semana":1},{"inec_provincia_id":"11","provincia":"Loja","provincia_poblacion":521154,"inec_canton_id":"1112","canton":"Sozoranga","canton_poblacion":7121,"total":0,"acumuladas":0,"lat":-4.327778,"lng":-79.789722,"semana":1},{"inec_provincia_id":"11","provincia":"Loja","provincia_poblacion":521154,"inec_canton_id":"1113","canton":"Zapotillo","canton_poblacion":14325,"total":1,"acumuladas":1,"lat":-4.386360000000002,"lng":-80.2436,"semana":1},{"inec_provincia_id":"12","provincia":"Los Ríos","provincia_poblacion":921763,"inec_canton_id":"1202","canton":"Baba","canton_poblacion":43429,"total":8,"acumuladas":8,"lat":-1.784167,"lng":-79.676667,"semana":1},{"inec_provincia_id":"12","provincia":"Los Ríos","provincia_poblacion":921763,"inec_canton_id":"1201","canton":"Babahoyo","canton_poblacion":175281,"total":27,"acumuladas":27,"lat":-1.8,"lng":-79.533333,"semana":1},{"inec_provincia_id":"12","provincia":"Los Ríos","provincia_poblacion":921763,"inec_canton_id":"1210","canton":"Buena Fe","canton_poblacion":83654,"total":4,"acumuladas":4,"lat":-0.8985719999999999,"lng":-79.488916,"semana":1},{"inec_provincia_id":"12","provincia":"Los Ríos","provincia_poblacion":921763,"inec_canton_id":"1212","canton":"Mocache","canton_poblacion":43316,"total":0,"acumuladas":0,"lat":-1.18385,"lng":-79.50553,"semana":1},{"inec_provincia_id":"12","provincia":"Los Ríos","provincia_poblacion":921763,"inec_canton_id":"1203","canton":"Montalvo","canton_poblacion":28720,"total":1,"acumuladas":1,"lat":-1.7938,"lng":-79.2857,"semana":1},{"inec_provincia_id":"12","provincia":"Los Ríos","provincia_poblacion":921763,"inec_canton_id":"1209","canton":"Palenque","canton_poblacion":23638,"total":2,"acumuladas":2,"lat":-1.4328,"lng":-79.7495,"semana":1},{"inec_provincia_id":"12","provincia":"Los Ríos","provincia_poblacion":921763,"inec_canton_id":"1204","canton":"Puebloviejo","canton_poblacion":44725,"total":2,"acumuladas":2,"lat":-1.55,"lng":-79.533889,"semana":1},{"inec_provincia_id":"12","provincia":"Los Ríos","provincia_poblacion":921763,"inec_canton_id":"1205","canton":"Quevedo","canton_poblacion":213842,"total":19,"acumuladas":19,"lat":-1.033333,"lng":-79.45,"semana":1},{"inec_provincia_id":"12","provincia":"Los Ríos","provincia_poblacion":921763,"inec_canton_id":"1213","canton":"Quinsaloma","canton_poblacion":20428,"total":0,"acumuladas":0,"lat":-1.2062000000000002,"lng":-79.3145,"semana":1},{"inec_provincia_id":"12","provincia":"Los Ríos","provincia_poblacion":921763,"inec_canton_id":"1206","canton":"Urdaneta","canton_poblacion":32618,"total":3,"acumuladas":3,"lat":-1.570556,"lng":-79.471111,"semana":1},{"inec_provincia_id":"12","provincia":"Los Ríos","provincia_poblacion":921763,"inec_canton_id":"1211","canton":"Valencia","canton_poblacion":54637,"total":1,"acumuladas":1,"lat":-0.9525,"lng":-79.3531,"semana":1},{"inec_provincia_id":"12","provincia":"Los Ríos","provincia_poblacion":921763,"inec_canton_id":"1207","canton":"Ventanas","canton_poblacion":75146,"total":7,"acumuladas":7,"lat":-1.4500000000000002,"lng":-79.47,"semana":1},{"inec_provincia_id":"12","provincia":"Los Ríos","provincia_poblacion":921763,"inec_canton_id":"1208","canton":"Vinces","canton_poblacion":82329,"total":7,"acumuladas":7,"lat":-1.5583330000000002,"lng":-79.75,"semana":1},{"inec_provincia_id":"13","provincia":"Manabí","provincia_poblacion":1562079,"inec_canton_id":"1302","canton":"Bolívar","canton_poblacion":45493,"total":0,"acumuladas":0,"lat":-0.841944,"lng":-80.161944,"semana":1},{"inec_provincia_id":"13","provincia":"Manabí","provincia_poblacion":1562079,"inec_canton_id":"1303","canton":"Chone","canton_poblacion":131002,"total":9,"acumuladas":9,"lat":-0.683333,"lng":-80.1,"semana":1},{"inec_provincia_id":"13","provincia":"Manabí","provincia_poblacion":1562079,"inec_canton_id":"1304","canton":"El Carmen","canton_poblacion":111344,"total":6,"acumuladas":6,"lat":-1.3147000000000002,"lng":-80.0169,"semana":1},{"inec_provincia_id":"13","provincia":"Manabí","provincia_poblacion":1562079,"inec_canton_id":"1305","canton":"Flavio Alfaro","canton_poblacion":23822,"total":0,"acumuladas":0,"lat":-0.4054,"lng":-79.9058,"semana":1},{"inec_provincia_id":"13","provincia":"Manabí","provincia_poblacion":1562079,"inec_canton_id":"1320","canton":"Jama","canton_poblacion":26116,"total":0,"acumuladas":0,"lat":-0.2014,"lng":-80.2659,"semana":1},{"inec_provincia_id":"13","provincia":"Manabí","provincia_poblacion":1562079,"inec_canton_id":"1321","canton":"Jaramijó","canton_poblacion":28439,"total":0,"acumuladas":0,"lat":-0.94873,"lng":-80.6363,"semana":1},{"inec_provincia_id":"13","provincia":"Manabí","provincia_poblacion":1562079,"inec_canton_id":"1306","canton":"Jipijapa","canton_poblacion":74645,"total":6,"acumuladas":6,"lat":-1.3333300000000001,"lng":-80.5833,"semana":1},{"inec_provincia_id":"13","provincia":"Manabí","provincia_poblacion":1562079,"inec_canton_id":"1307","canton":"Junín","canton_poblacion":18820,"total":4,"acumuladas":4,"lat":-0.92916,"lng":-80.20569,"semana":1},{"inec_provincia_id":"13","provincia":"Manabí","provincia_poblacion":1562079,"inec_canton_id":"1308","canton":"Manta","canton_poblacion":264281,"total":42,"acumuladas":42,"lat":-0.950022,"lng":-80.7162,"semana":1},{"inec_provincia_id":"13","provincia":"Manabí","provincia_poblacion":1562079,"inec_canton_id":"1309","canton":"Montecristi","canton_poblacion":107785,"total":5,"acumuladas":5,"lat":-1.03333,"lng":-80.65,"semana":1},{"inec_provincia_id":"13","provincia":"Manabí","provincia_poblacion":1562079,"inec_canton_id":"1318","canton":"Olmedo","canton_poblacion":10194,"total":0,"acumuladas":0,"lat":-1.396111,"lng":-80.206111,"semana":1},{"inec_provincia_id":"13","provincia":"Manabí","provincia_poblacion":1562079,"inec_canton_id":"1310","canton":"Paján","canton_poblacion":37093,"total":1,"acumuladas":1,"lat":-1.57,"lng":-80.42,"semana":1},{"inec_provincia_id":"13","provincia":"Manabí","provincia_poblacion":1562079,"inec_canton_id":"1317","canton":"Pedernales","canton_poblacion":63441,"total":1,"acumuladas":1,"lat":0.07010000000000001,"lng":-80.0536,"semana":1},{"inec_provincia_id":"13","provincia":"Manabí","provincia_poblacion":1562079,"inec_canton_id":"1311","canton":"Pichincha","canton_poblacion":29599,"total":2,"acumuladas":2,"lat":-1.0473000000000001,"lng":-79.8186,"semana":1},{"inec_provincia_id":"13","provincia":"Manabí","provincia_poblacion":1562079,"inec_canton_id":"1301","canton":"Portoviejo","canton_poblacion":321800,"total":43,"acumuladas":43,"lat":-1.056181,"lng":-80.455217,"semana":1},{"inec_provincia_id":"13","provincia":"Manabí","provincia_poblacion":1562079,"inec_canton_id":"1319","canton":"Puerto López","canton_poblacion":24688,"total":1,"acumuladas":1,"lat":-1.566667,"lng":-80.816667,"semana":1},{"inec_provincia_id":"13","provincia":"Manabí","provincia_poblacion":1562079,"inec_canton_id":"1312","canton":"Rocafuerte","canton_poblacion":37312,"total":1,"acumuladas":1,"lat":-0.9199999999999999,"lng":-80.46,"semana":1},{"inec_provincia_id":"13","provincia":"Manabí","provincia_poblacion":1562079,"inec_canton_id":"1322","canton":"San Vicente","canton_poblacion":24799,"total":1,"acumuladas":1,"lat":-0.5892999999999999,"lng":-80.4088,"semana":1},{"inec_provincia_id":"13","provincia":"Manabí","provincia_poblacion":1562079,"inec_canton_id":"1313","canton":"Santa Ana","canton_poblacion":48152,"total":4,"acumuladas":4,"lat":-1.2069,"lng":-80.3709,"semana":1},{"inec_provincia_id":"13","provincia":"Manabí","provincia_poblacion":1562079,"inec_canton_id":"1314","canton":"Sucre","canton_poblacion":62443,"total":6,"acumuladas":6,"lat":-0.6,"lng":-80.416667,"semana":1},{"inec_provincia_id":"13","provincia":"Manabí","provincia_poblacion":1562079,"inec_canton_id":"1315","canton":"Tosagua","canton_poblacion":42297,"total":3,"acumuladas":3,"lat":-0.78,"lng":-80.26,"semana":1},{"inec_provincia_id":"13","provincia":"Manabí","provincia_poblacion":1562079,"inec_canton_id":"1316","canton":"Veinticuatro de Mayo","canton_poblacion":28514,"total":4,"acumuladas":4,"lat":-1.2788890000000002,"lng":-80.42,"semana":1},{"inec_provincia_id":"14","provincia":"Morona Santiago","provincia_poblacion":196535,"inec_canton_id":"1402","canton":"Gualaquiza","canton_poblacion":19555,"total":2,"acumuladas":2,"lat":-3.3800000000000003,"lng":-78.58,"semana":1},{"inec_provincia_id":"14","provincia":"Morona Santiago","provincia_poblacion":196535,"inec_canton_id":"1407","canton":"Huamboya","canton_poblacion":12382,"total":1,"acumuladas":1,"lat":-1.7850000000000001,"lng":-78.231944,"semana":1},{"inec_provincia_id":"14","provincia":"Morona Santiago","provincia_poblacion":196535,"inec_canton_id":"1403","canton":"Limón Indanza","canton_poblacion":10349,"total":1,"acumuladas":1,"lat":-2.96625,"lng":-78.430528,"semana":1},{"inec_provincia_id":"14","provincia":"Morona Santiago","provincia_poblacion":196535,"inec_canton_id":"1410","canton":"Logroño","canton_poblacion":7643,"total":0,"acumuladas":0,"lat":-2.6248,"lng":-78.1896,"semana":1},{"inec_provincia_id":"14","provincia":"Morona Santiago","provincia_poblacion":196535,"inec_canton_id":"1401","canton":"Morona","canton_poblacion":58281,"total":4,"acumuladas":4,"lat":-2.3000000000000003,"lng":-78.116667,"semana":1},{"inec_provincia_id":"14","provincia":"Morona Santiago","provincia_poblacion":196535,"inec_canton_id":"1411","canton":"Pablo Sexto","canton_poblacion":2897,"total":0,"acumuladas":0,"lat":-1.8030560000000002,"lng":-77.921111,"semana":1},{"inec_provincia_id":"14","provincia":"Morona Santiago","provincia_poblacion":196535,"inec_canton_id":"1404","canton":"Palora","canton_poblacion":7719,"total":0,"acumuladas":0,"lat":-1.7000000000000002,"lng":-77.94,"semana":1},{"inec_provincia_id":"14","provincia":"Morona Santiago","provincia_poblacion":196535,"inec_canton_id":"1408","canton":"San Juan Bosco","canton_poblacion":4985,"total":1,"acumuladas":1,"lat":-3.0923000000000003,"lng":-78.5132,"semana":1},{"inec_provincia_id":"14","provincia":"Morona Santiago","provincia_poblacion":196535,"inec_canton_id":"1405","canton":"Santiago","canton_poblacion":11087,"total":0,"acumuladas":0,"lat":-3.4298,"lng":-78.5656,"semana":1},{"inec_provincia_id":"14","provincia":"Morona Santiago","provincia_poblacion":196535,"inec_canton_id":"1406","canton":"Sucúa","canton_poblacion":23823,"total":3,"acumuladas":3,"lat":-2.4600000000000004,"lng":-78.17,"semana":1},{"inec_provincia_id":"14","provincia":"Morona Santiago","provincia_poblacion":196535,"inec_canton_id":"1409","canton":"Taisha","canton_poblacion":26773,"total":0,"acumuladas":0,"lat":-2.33995,"lng":-77.45808,"semana":1},{"inec_provincia_id":"14","provincia":"Morona Santiago","provincia_poblacion":196535,"inec_canton_id":"1412","canton":"Tiwintza","canton_poblacion":11041,"total":0,"acumuladas":0,"lat":-2.91767,"lng":-77.8017,"semana":1},{"inec_provincia_id":"15","provincia":"Napo","provincia_poblacion":133705,"inec_canton_id":"1503","canton":"Archidona","canton_poblacion":33068,"total":4,"acumuladas":4,"lat":-0.916667,"lng":-77.783333,"semana":1},{"inec_provincia_id":"15","provincia":"Napo","provincia_poblacion":133705,"inec_canton_id":"1509","canton":"Carlos Julio Arosemena Tola","canton_poblacion":4466,"total":1,"acumuladas":1,"lat":-1.1666670000000001,"lng":-77.85,"semana":1},{"inec_provincia_id":"15","provincia":"Napo","provincia_poblacion":133705,"inec_canton_id":"1504","canton":"El Chaco","canton_poblacion":10142,"total":0,"acumuladas":0,"lat":-0.34027799999999997,"lng":-77.808889,"semana":1},{"inec_provincia_id":"15","provincia":"Napo","provincia_poblacion":133705,"inec_canton_id":"1507","canton":"Quijos","canton_poblacion":6847,"total":0,"acumuladas":0,"lat":-0.463611,"lng":-77.892778,"semana":1},{"inec_provincia_id":"15","provincia":"Napo","provincia_poblacion":133705,"inec_canton_id":"1501","canton":"Tena","canton_poblacion":79182,"total":9,"acumuladas":9,"lat":-0.989,"lng":-77.8159,"semana":1},{"inec_provincia_id":"22","provincia":"Orellana","provincia_poblacion":161338,"inec_canton_id":"2202","canton":"Aguarico","canton_poblacion":3629,"total":0,"acumuladas":0,"lat":-0.921111,"lng":-75.399167,"semana":1},{"inec_provincia_id":"22","provincia":"Orellana","provincia_poblacion":161338,"inec_canton_id":"2203","canton":"La Joya de los Sachas","canton_poblacion":39352,"total":3,"acumuladas":3,"lat":-0.3,"lng":-76.85,"semana":1},{"inec_provincia_id":"22","provincia":"Orellana","provincia_poblacion":161338,"inec_canton_id":"2204","canton":"Loreto","canton_poblacion":24579,"total":1,"acumuladas":1,"lat":-0.6904,"lng":-77.3083,"semana":1},{"inec_provincia_id":"22","provincia":"Orellana","provincia_poblacion":161338,"inec_canton_id":"2201","canton":"Orellana","canton_poblacion":93778,"total":6,"acumuladas":6,"lat":-0.466667,"lng":-76.966667,"semana":1},{"inec_provincia_id":"16","provincia":"Pastaza","provincia_poblacion":114202,"inec_canton_id":"1604","canton":"Arajuno","canton_poblacion":8128,"total":0,"acumuladas":0,"lat":-1.2343700000000002,"lng":-77.6875,"semana":1},{"inec_provincia_id":"16","provincia":"Pastaza","provincia_poblacion":114202,"inec_canton_id":"1602","canton":"Mera","canton_poblacion":17547,"total":0,"acumuladas":0,"lat":-1.4600000000000002,"lng":-78.09,"semana":1},{"inec_provincia_id":"16","provincia":"Pastaza","provincia_poblacion":114202,"inec_canton_id":"1601","canton":"Pastaza","canton_poblacion":84377,"total":2,"acumuladas":2,"lat":-1.066667,"lng":-78.001111,"semana":1},{"inec_provincia_id":"16","provincia":"Pastaza","provincia_poblacion":114202,"inec_canton_id":"1603","canton":"Santa Clara","canton_poblacion":4150,"total":0,"acumuladas":0,"lat":-1.2671000000000001,"lng":-77.8882,"semana":1},{"inec_provincia_id":"17","provincia":"Pichincha","provincia_poblacion":3228233,"inec_canton_id":"1702","canton":"Cayambe","canton_poblacion":107660,"total":8,"acumuladas":8,"lat":0.043889000000000004,"lng":-78.1561,"semana":1},{"inec_provincia_id":"17","provincia":"Pichincha","provincia_poblacion":3228233,"inec_canton_id":"1703","canton":"Mejía","canton_poblacion":108167,"total":6,"acumuladas":6,"lat":-0.5101,"lng":-78.5698,"semana":1},{"inec_provincia_id":"17","provincia":"Pichincha","provincia_poblacion":3228233,"inec_canton_id":"1704","canton":"Pedro Moncayo","canton_poblacion":43281,"total":3,"acumuladas":3,"lat":0.043697,"lng":-78.34924,"semana":1},{"inec_provincia_id":"17","provincia":"Pichincha","provincia_poblacion":3228233,"inec_canton_id":"1708","canton":"Pedro Vicente Maldonado","canton_poblacion":17171,"total":2,"acumuladas":2,"lat":0.166667,"lng":-79,"semana":1},{"inec_provincia_id":"17","provincia":"Pichincha","provincia_poblacion":3228233,"inec_canton_id":"1709","canton":"Puerto Quito","canton_poblacion":24911,"total":1,"acumuladas":1,"lat":0.11699999999999999,"lng":-79.264,"semana":1},{"inec_provincia_id":"17","provincia":"Pichincha","provincia_poblacion":3228233,"inec_canton_id":"1701","canton":"Quito","canton_poblacion":2781641,"total":334,"acumuladas":334,"lat":-0.218611,"lng":-78.509722,"semana":1},{"inec_provincia_id":"17","provincia":"Pichincha","provincia_poblacion":3228233,"inec_canton_id":"1705","canton":"Rumiñahui","canton_poblacion":115433,"total":13,"acumuladas":13,"lat":-0.3345,"lng":-78.4475,"semana":1},{"inec_provincia_id":"17","provincia":"Pichincha","provincia_poblacion":3228233,"inec_canton_id":"1707","canton":"San Miguel de Los Bancos","canton_poblacion":29969,"total":0,"acumuladas":0,"lat":0.023000000000000003,"lng":-78.892,"semana":1},{"inec_provincia_id":"24","provincia":"Santa Elena","provincia_poblacion":401178,"inec_canton_id":"2402","canton":"La Libertad","canton_poblacion":117767,"total":5,"acumuladas":5,"lat":-2.233333,"lng":-80.9,"semana":1},{"inec_provincia_id":"24","provincia":"Santa Elena","provincia_poblacion":401178,"inec_canton_id":"2403","canton":"Salinas","canton_poblacion":94590,"total":9,"acumuladas":9,"lat":-2.216667,"lng":-80.95,"semana":1},{"inec_provincia_id":"24","provincia":"Santa Elena","provincia_poblacion":401178,"inec_canton_id":"2401","canton":"Santa Elena","canton_poblacion":188821,"total":19,"acumuladas":19,"lat":-2.2267,"lng":-80.8583,"semana":1},{"inec_provincia_id":"23","provincia":"Sto. Domingo Tsáchilas","provincia_poblacion":511151,"inec_canton_id":"2302","canton":"La Concordia","canton_poblacion":52571,"total":7,"acumuladas":7,"lat":0.0023,"lng":-79.3846,"semana":1},{"inec_provincia_id":"23","provincia":"Sto. Domingo Tsáchilas","provincia_poblacion":511151,"inec_canton_id":"2301","canton":"Santo Domingo","canton_poblacion":458580,"total":43,"acumuladas":43,"lat":-0.254167,"lng":-79.171944,"semana":1},{"inec_provincia_id":"21","provincia":"Sucumbíos","provincia_poblacion":230503,"inec_canton_id":"2106","canton":"Cascales","canton_poblacion":15882,"total":0,"acumuladas":0,"lat":-0.0675,"lng":-77.216944,"semana":1},{"inec_provincia_id":"21","provincia":"Sucumbíos","provincia_poblacion":230503,"inec_canton_id":"2107","canton":"Cuyabeno","canton_poblacion":7154,"total":0,"acumuladas":0,"lat":-0.128889,"lng":-76.413889,"semana":1},{"inec_provincia_id":"21","provincia":"Sucumbíos","provincia_poblacion":230503,"inec_canton_id":"2102","canton":"Gonzalo Pizarro","canton_poblacion":10007,"total":0,"acumuladas":0,"lat":0.047,"lng":-77.3228,"semana":1},{"inec_provincia_id":"21","provincia":"Sucumbíos","provincia_poblacion":230503,"inec_canton_id":"2101","canton":"Lago Agrio","canton_poblacion":119594,"total":13,"acumuladas":13,"lat":0.08472200000000002,"lng":-76.882778,"semana":1},{"inec_provincia_id":"21","provincia":"Sucumbíos","provincia_poblacion":230503,"inec_canton_id":"2103","canton":"Putumayo","canton_poblacion":16106,"total":0,"acumuladas":0,"lat":0.1,"lng":-75.85,"semana":1},{"inec_provincia_id":"21","provincia":"Sucumbíos","provincia_poblacion":230503,"inec_canton_id":"2104","canton":"Shushufindi","canton_poblacion":57949,"total":1,"acumuladas":1,"lat":-0.1871,"lng":-76.645,"semana":1},{"inec_provincia_id":"21","provincia":"Sucumbíos","provincia_poblacion":230503,"inec_canton_id":"2105","canton":"Sucumbíos","canton_poblacion":3811,"total":1,"acumuladas":1,"lat":0.4592,"lng":-77.523,"semana":1},{"inec_provincia_id":"18","provincia":"Tungurahua","provincia_poblacion":590600,"inec_canton_id":"1801","canton":"Ambato","canton_poblacion":387309,"total":81,"acumuladas":81,"lat":-1.241667,"lng":-78.619722,"semana":1},{"inec_provincia_id":"18","provincia":"Tungurahua","provincia_poblacion":590600,"inec_canton_id":"1802","canton":"Baños","canton_poblacion":25043,"total":0,"acumuladas":0,"lat":-1.396389,"lng":-78.424722,"semana":1},{"inec_provincia_id":"18","provincia":"Tungurahua","provincia_poblacion":590600,"inec_canton_id":"1803","canton":"Cevallos","canton_poblacion":9936,"total":2,"acumuladas":2,"lat":-1.35,"lng":-78.616667,"semana":1},{"inec_provincia_id":"18","provincia":"Tungurahua","provincia_poblacion":590600,"inec_canton_id":"1804","canton":"Mocha","canton_poblacion":7336,"total":0,"acumuladas":0,"lat":-1.4166670000000001,"lng":-78.666667,"semana":1},{"inec_provincia_id":"18","provincia":"Tungurahua","provincia_poblacion":590600,"inec_canton_id":"1805","canton":"Patate","canton_poblacion":15825,"total":1,"acumuladas":1,"lat":-1.316667,"lng":-78.516667,"semana":1},{"inec_provincia_id":"18","provincia":"Tungurahua","provincia_poblacion":590600,"inec_canton_id":"1807","canton":"Pelileo","canton_poblacion":66836,"total":7,"acumuladas":7,"lat":-1.3275000000000001,"lng":-78.540833,"semana":1},{"inec_provincia_id":"18","provincia":"Tungurahua","provincia_poblacion":590600,"inec_canton_id":"1808","canton":"Píllaro","canton_poblacion":43371,"total":4,"acumuladas":4,"lat":-1.1758330000000001,"lng":-78.555278,"semana":1},{"inec_provincia_id":"18","provincia":"Tungurahua","provincia_poblacion":590600,"inec_canton_id":"1806","canton":"Quero","canton_poblacion":20627,"total":3,"acumuladas":3,"lat":-1.3793000000000002,"lng":-78.607,"semana":1},{"inec_provincia_id":"18","provincia":"Tungurahua","provincia_poblacion":590600,"inec_canton_id":"1809","canton":"Tisaleo","canton_poblacion":14317,"total":3,"acumuladas":3,"lat":-1.35,"lng":-78.666667,"semana":1},{"inec_provincia_id":"19","provincia":"Zamora Chinchipe","provincia_poblacion":120416,"inec_canton_id":"1907","canton":"Centinela del Cóndor","canton_poblacion":8313,"total":0,"acumuladas":0,"lat":-3.8949100000000003,"lng":-78.78141,"semana":1},{"inec_provincia_id":"19","provincia":"Zamora Chinchipe","provincia_poblacion":120416,"inec_canton_id":"1902","canton":"Chinchipe","canton_poblacion":10679,"total":0,"acumuladas":0,"lat":-4.8628,"lng":-79.1328,"semana":1},{"inec_provincia_id":"19","provincia":"Zamora Chinchipe","provincia_poblacion":120416,"inec_canton_id":"1906","canton":"El Pangui","canton_poblacion":10945,"total":0,"acumuladas":0,"lat":-3.6249000000000002,"lng":-78.5871,"semana":1},{"inec_provincia_id":"19","provincia":"Zamora Chinchipe","provincia_poblacion":120416,"inec_canton_id":"1903","canton":"Nangaritza","canton_poblacion":8014,"total":0,"acumuladas":0,"lat":-4.048333,"lng":-78.682222,"semana":1},{"inec_provincia_id":"19","provincia":"Zamora Chinchipe","provincia_poblacion":120416,"inec_canton_id":"1908","canton":"Palanda","canton_poblacion":10144,"total":0,"acumuladas":0,"lat":-4.6498,"lng":-79.1321,"semana":1},{"inec_provincia_id":"19","provincia":"Zamora Chinchipe","provincia_poblacion":120416,"inec_canton_id":"1909","canton":"Paquisha","canton_poblacion":5992,"total":0,"acumuladas":0,"lat":-3.9327500000000004,"lng":-78.67426,"semana":1},{"inec_provincia_id":"19","provincia":"Zamora Chinchipe","provincia_poblacion":120416,"inec_canton_id":"1904","canton":"Yacuambi","canton_poblacion":7121,"total":1,"acumuladas":1,"lat":-3.63444,"lng":-78.9281,"semana":1},{"inec_provincia_id":"19","provincia":"Zamora Chinchipe","provincia_poblacion":120416,"inec_canton_id":"1905","canton":"Yantzaza","canton_poblacion":26447,"total":2,"acumuladas":2,"lat":-3.85,"lng":-78.75,"semana":1},{"inec_provincia_id":"19","provincia":"Zamora Chinchipe","provincia_poblacion":120416,"inec_canton_id":"1901","canton":"Zamora","canton_poblacion":32761,"total":2,"acumuladas":2,"lat":-4.12,"lng":-78.8,"semana":1},{"inec_provincia_id":"01","provincia":"Azuay","provincia_poblacion":881394,"inec_canton_id":"0115","canton":"Camilo Ponce Enríquez","canton_poblacion":36423,"total":0,"acumuladas":2,"lat":-3.0500000000000003,"lng":-79.733333,"semana":2},{"inec_provincia_id":"01","provincia":"Azuay","provincia_poblacion":881394,"inec_canton_id":"0111","canton":"Chordeleg","canton_poblacion":15176,"total":0,"acumuladas":1,"lat":-2.933333,"lng":-78.766667,"semana":2},{"inec_provincia_id":"01","provincia":"Azuay","provincia_poblacion":881394,"inec_canton_id":"0101","canton":"Cuenca","canton_poblacion":636996,"total":33,"acumuladas":111,"lat":-2.8974140000000004,"lng":-79.004481,"semana":2},{"inec_provincia_id":"01","provincia":"Azuay","provincia_poblacion":881394,"inec_canton_id":"0112","canton":"El Pan","canton_poblacion":3091,"total":0,"acumuladas":0,"lat":-2.786111,"lng":-78.665,"semana":2},{"inec_provincia_id":"01","provincia":"Azuay","provincia_poblacion":881394,"inec_canton_id":"0102","canton":"Girón","canton_poblacion":13037,"total":3,"acumuladas":4,"lat":-3.159028,"lng":-79.147568,"semana":2},{"inec_provincia_id":"01","provincia":"Azuay","provincia_poblacion":881394,"inec_canton_id":"0114","canton":"Guachapala","canton_poblacion":3859,"total":0,"acumuladas":0,"lat":-2.769,"lng":-78.709,"semana":2},{"inec_provincia_id":"01","provincia":"Azuay","provincia_poblacion":881394,"inec_canton_id":"0103","canton":"Gualaceo","canton_poblacion":49104,"total":1,"acumuladas":3,"lat":-2.9000000000000004,"lng":-78.783333,"semana":2},{"inec_provincia_id":"01","provincia":"Azuay","provincia_poblacion":881394,"inec_canton_id":"0104","canton":"Nabón","canton_poblacion":17292,"total":0,"acumuladas":3,"lat":-3.3360600000000002,"lng":-79.06368,"semana":2},{"inec_provincia_id":"01","provincia":"Azuay","provincia_poblacion":881394,"inec_canton_id":"0110","canton":"Oña","canton_poblacion":4128,"total":0,"acumuladas":0,"lat":-3.46964,"lng":-79.15431,"semana":2},{"inec_provincia_id":"01","provincia":"Azuay","provincia_poblacion":881394,"inec_canton_id":"0105","canton":"Paute","canton_poblacion":29214,"total":0,"acumuladas":2,"lat":-2.7818,"lng":-78.76,"semana":2},{"inec_provincia_id":"01","provincia":"Azuay","provincia_poblacion":881394,"inec_canton_id":"0106","canton":"Pucará","canton_poblacion":10584,"total":1,"acumuladas":1,"lat":-3.2337800000000003,"lng":-79.4612,"semana":2},{"inec_provincia_id":"01","provincia":"Azuay","provincia_poblacion":881394,"inec_canton_id":"0107","canton":"San Fernando","canton_poblacion":4156,"total":0,"acumuladas":0,"lat":-3.1445000000000003,"lng":-79.252,"semana":2},{"inec_provincia_id":"01","provincia":"Azuay","provincia_poblacion":881394,"inec_canton_id":"0108","canton":"Santa Isabel","canton_poblacion":20935,"total":0,"acumuladas":2,"lat":-3.2741700000000002,"lng":-79.3156,"semana":2},{"inec_provincia_id":"01","provincia":"Azuay","provincia_poblacion":881394,"inec_canton_id":"0113","canton":"Sevilla de Oro","canton_poblacion":6890,"total":0,"acumuladas":0,"lat":-2.799833,"lng":-78.655694,"semana":2},{"inec_provincia_id":"01","provincia":"Azuay","provincia_poblacion":881394,"inec_canton_id":"0109","canton":"Sígsig","canton_poblacion":30509,"total":2,"acumuladas":8,"lat":-3.0897,"lng":-78.8032,"semana":2},{"inec_provincia_id":"02","provincia":"Bolívar","provincia_poblacion":209933,"inec_canton_id":"0206","canton":"Caluma","canton_poblacion":16429,"total":0,"acumuladas":0,"lat":-1.6333300000000002,"lng":-79.25,"semana":2},{"inec_provincia_id":"02","provincia":"Bolívar","provincia_poblacion":209933,"inec_canton_id":"0202","canton":"Chillanes","canton_poblacion":16850,"total":3,"acumuladas":3,"lat":-1.9333330000000002,"lng":-79.066667,"semana":2},{"inec_provincia_id":"02","provincia":"Bolívar","provincia_poblacion":209933,"inec_canton_id":"0203","canton":"Chimbo","canton_poblacion":17378,"total":1,"acumuladas":2,"lat":-1.7000000000000002,"lng":-79.016667,"semana":2},{"inec_provincia_id":"02","provincia":"Bolívar","provincia_poblacion":209933,"inec_canton_id":"0204","canton":"Echeandía","canton_poblacion":14081,"total":2,"acumuladas":4,"lat":-1.4333300000000002,"lng":-79.26667,"semana":2},{"inec_provincia_id":"02","provincia":"Bolívar","provincia_poblacion":209933,"inec_canton_id":"0201","canton":"Guaranda","canton_poblacion":108763,"total":4,"acumuladas":12,"lat":-1.6055560000000002,"lng":-79.003056,"semana":2},{"inec_provincia_id":"02","provincia":"Bolívar","provincia_poblacion":209933,"inec_canton_id":"0207","canton":"Las Naves","canton_poblacion":7428,"total":0,"acumuladas":1,"lat":-1.28333,"lng":-79.3,"semana":2},{"inec_provincia_id":"02","provincia":"Bolívar","provincia_poblacion":209933,"inec_canton_id":"0205","canton":"San Miguel","canton_poblacion":29004,"total":0,"acumuladas":7,"lat":-1.7000000000000002,"lng":-79.033333,"semana":2},{"inec_provincia_id":"04","provincia":"Carchi","provincia_poblacion":186869,"inec_canton_id":"0402","canton":"Bolivar","canton_poblacion":15528,"total":2,"acumuladas":3,"lat":0.507099,"lng":-77.862454,"semana":2},{"inec_provincia_id":"04","provincia":"Carchi","provincia_poblacion":186869,"inec_canton_id":"0403","canton":"Espejo","canton_poblacion":13817,"total":1,"acumuladas":2,"lat":0.621,"lng":-77.94,"semana":2},{"inec_provincia_id":"04","provincia":"Carchi","provincia_poblacion":186869,"inec_canton_id":"0404","canton":"Mira","canton_poblacion":11969,"total":0,"acumuladas":2,"lat":0.5538999999999998,"lng":-78.0493,"semana":2},{"inec_provincia_id":"04","provincia":"Carchi","provincia_poblacion":186869,"inec_canton_id":"0405","canton":"Montúfar","canton_poblacion":34229,"total":2,"acumuladas":5,"lat":0.61,"lng":-77.84,"semana":2},{"inec_provincia_id":"04","provincia":"Carchi","provincia_poblacion":186869,"inec_canton_id":"0406","canton":"San Pedro de Huaca","canton_poblacion":8931,"total":0,"acumuladas":0,"lat":0.631111,"lng":-77.725278,"semana":2},{"inec_provincia_id":"04","provincia":"Carchi","provincia_poblacion":186869,"inec_canton_id":"0401","canton":"Tulcán","canton_poblacion":102395,"total":10,"acumuladas":30,"lat":0.81218,"lng":-77.71633,"semana":2},{"inec_provincia_id":"03","provincia":"Cañar","provincia_poblacion":281396,"inec_canton_id":"0301","canton":"Azogues","canton_poblacion":86276,"total":7,"acumuladas":21,"lat":-2.733333,"lng":-78.833333,"semana":2},{"inec_provincia_id":"03","provincia":"Cañar","provincia_poblacion":281396,"inec_canton_id":"0302","canton":"Biblían","canton_poblacion":23741,"total":0,"acumuladas":4,"lat":-2.7100000000000004,"lng":-78.88,"semana":2},{"inec_provincia_id":"03","provincia":"Cañar","provincia_poblacion":281396,"inec_canton_id":"0303","canton":"Cañar","canton_poblacion":68747,"total":1,"acumuladas":4,"lat":-2.4837000000000002,"lng":-78.9784,"semana":2},{"inec_provincia_id":"03","provincia":"Cañar","provincia_poblacion":281396,"inec_canton_id":"0306","canton":"Déleg","canton_poblacion":6782,"total":0,"acumuladas":1,"lat":-2.7726,"lng":-78.9183,"semana":2},{"inec_provincia_id":"03","provincia":"Cañar","provincia_poblacion":281396,"inec_canton_id":"0305","canton":"El Tambo","canton_poblacion":12462,"total":0,"acumuladas":0,"lat":-2.5081,"lng":-78.9249,"semana":2},{"inec_provincia_id":"03","provincia":"Cañar","provincia_poblacion":281396,"inec_canton_id":"0304","canton":"La Troncal","canton_poblacion":76872,"total":4,"acumuladas":13,"lat":-2.4000000000000004,"lng":-79.33,"semana":2},{"inec_provincia_id":"03","provincia":"Cañar","provincia_poblacion":281396,"inec_canton_id":"0307","canton":"Suscal","canton_poblacion":6516,"total":0,"acumuladas":0,"lat":-2.4364000000000003,"lng":-79.0522,"semana":2},{"inec_provincia_id":"06","provincia":"Chimborazo","provincia_poblacion":524004,"inec_canton_id":"0602","canton":"Alausí","canton_poblacion":45054,"total":1,"acumuladas":3,"lat":-2.2,"lng":-78.85,"semana":2},{"inec_provincia_id":"06","provincia":"Chimborazo","provincia_poblacion":524004,"inec_canton_id":"0604","canton":"Chambo","canton_poblacion":13378,"total":2,"acumuladas":3,"lat":-1.7333330000000002,"lng":-78.583333,"semana":2},{"inec_provincia_id":"06","provincia":"Chimborazo","provincia_poblacion":524004,"inec_canton_id":"0605","canton":"Chunchi","canton_poblacion":12795,"total":0,"acumuladas":7,"lat":-2.2833330000000003,"lng":-78.916667,"semana":2},{"inec_provincia_id":"06","provincia":"Chimborazo","provincia_poblacion":524004,"inec_canton_id":"0603","canton":"Colta","canton_poblacion":44838,"total":0,"acumuladas":7,"lat":-1.7000000000000002,"lng":-78.75,"semana":2},{"inec_provincia_id":"06","provincia":"Chimborazo","provincia_poblacion":524004,"inec_canton_id":"0610","canton":"Cumandá","canton_poblacion":17973,"total":1,"acumuladas":2,"lat":-2.2,"lng":-79.133333,"semana":2},{"inec_provincia_id":"06","provincia":"Chimborazo","provincia_poblacion":524004,"inec_canton_id":"0606","canton":"Guamote","canton_poblacion":58291,"total":2,"acumuladas":6,"lat":-1.9333330000000002,"lng":-78.716667,"semana":2},{"inec_provincia_id":"06","provincia":"Chimborazo","provincia_poblacion":524004,"inec_canton_id":"0607","canton":"Guano","canton_poblacion":48395,"total":1,"acumuladas":6,"lat":-1.583333,"lng":-78.633333,"semana":2},{"inec_provincia_id":"06","provincia":"Chimborazo","provincia_poblacion":524004,"inec_canton_id":"0608","canton":"Pallatanga","canton_poblacion":12277,"total":0,"acumuladas":0,"lat":-1.9833330000000002,"lng":-78.95,"semana":2},{"inec_provincia_id":"06","provincia":"Chimborazo","provincia_poblacion":524004,"inec_canton_id":"0609","canton":"Penipe","canton_poblacion":6955,"total":0,"acumuladas":0,"lat":-1.5573000000000001,"lng":-78.5396,"semana":2},{"inec_provincia_id":"06","provincia":"Chimborazo","provincia_poblacion":524004,"inec_canton_id":"0601","canton":"Riobamba","canton_poblacion":264048,"total":14,"acumuladas":61,"lat":-1.674347,"lng":-78.648294,"semana":2},{"inec_provincia_id":"05","provincia":"Cotopaxi","provincia_poblacion":488716,"inec_canton_id":"0502","canton":"La Maná","canton_poblacion":56905,"total":1,"acumuladas":1,"lat":-0.9299999999999999,"lng":-79.22,"semana":2},{"inec_provincia_id":"05","provincia":"Cotopaxi","provincia_poblacion":488716,"inec_canton_id":"0501","canton":"Latacunga","canton_poblacion":205624,"total":29,"acumuladas":65,"lat":-0.933333,"lng":-78.616667,"semana":2},{"inec_provincia_id":"05","provincia":"Cotopaxi","provincia_poblacion":488716,"inec_canton_id":"0503","canton":"Pangua","canton_poblacion":24612,"total":3,"acumuladas":4,"lat":-1.1333330000000001,"lng":-79.066667,"semana":2},{"inec_provincia_id":"05","provincia":"Cotopaxi","provincia_poblacion":488716,"inec_canton_id":"0504","canton":"Pujilí","canton_poblacion":79772,"total":3,"acumuladas":8,"lat":-0.95,"lng":-78.69,"semana":2},{"inec_provincia_id":"05","provincia":"Cotopaxi","provincia_poblacion":488716,"inec_canton_id":"0505","canton":"Salcedo","canton_poblacion":67100,"total":3,"acumuladas":9,"lat":-1.05,"lng":-78.583333,"semana":2},{"inec_provincia_id":"05","provincia":"Cotopaxi","provincia_poblacion":488716,"inec_canton_id":"0506","canton":"Saquisilí","canton_poblacion":31426,"total":1,"acumuladas":5,"lat":-0.83,"lng":-78.67,"semana":2},{"inec_provincia_id":"05","provincia":"Cotopaxi","provincia_poblacion":488716,"inec_canton_id":"0507","canton":"Sigchos","canton_poblacion":23277,"total":1,"acumuladas":2,"lat":-0.7,"lng":-78.883333,"semana":2},{"inec_provincia_id":"07","provincia":"El Oro","provincia_poblacion":715751,"inec_canton_id":"0702","canton":"Arenillas","canton_poblacion":33473,"total":0,"acumuladas":1,"lat":-3.5500000000000003,"lng":-80.06,"semana":2},{"inec_provincia_id":"07","provincia":"El Oro","provincia_poblacion":715751,"inec_canton_id":"0703","canton":"Atahualpa","canton_poblacion":6436,"total":1,"acumuladas":2,"lat":-2.9000000000000004,"lng":-78.933333,"semana":2},{"inec_provincia_id":"07","provincia":"El Oro","provincia_poblacion":715751,"inec_canton_id":"0704","canton":"Balsas","canton_poblacion":9233,"total":0,"acumuladas":0,"lat":-3.7626000000000004,"lng":-79.8253,"semana":2},{"inec_provincia_id":"07","provincia":"El Oro","provincia_poblacion":715751,"inec_canton_id":"0705","canton":"Chilla","canton_poblacion":2379,"total":0,"acumuladas":0,"lat":-3.45,"lng":-79.58,"semana":2},{"inec_provincia_id":"07","provincia":"El Oro","provincia_poblacion":715751,"inec_canton_id":"0706","canton":"El Guabo","canton_poblacion":63645,"total":3,"acumuladas":5,"lat":-3.2388000000000003,"lng":-79.8292,"semana":2},{"inec_provincia_id":"07","provincia":"El Oro","provincia_poblacion":715751,"inec_canton_id":"0707","canton":"Huaquillas","canton_poblacion":60440,"total":2,"acumuladas":6,"lat":-3.48138,"lng":-80.243207,"semana":2},{"inec_provincia_id":"07","provincia":"El Oro","provincia_poblacion":715751,"inec_canton_id":"0714","canton":"Las Lajas","canton_poblacion":4963,"total":0,"acumuladas":1,"lat":-3.785,"lng":-80.061667,"semana":2},{"inec_provincia_id":"07","provincia":"El Oro","provincia_poblacion":715751,"inec_canton_id":"0701","canton":"Machala","canton_poblacion":289141,"total":21,"acumuladas":60,"lat":-3.2666670000000004,"lng":-79.966667,"semana":2},{"inec_provincia_id":"07","provincia":"El Oro","provincia_poblacion":715751,"inec_canton_id":"0708","canton":"Marcabelí","canton_poblacion":6259,"total":0,"acumuladas":0,"lat":-3.7860000000000005,"lng":-79.8978,"semana":2},{"inec_provincia_id":"07","provincia":"El Oro","provincia_poblacion":715751,"inec_canton_id":"0709","canton":"Pasaje","canton_poblacion":87723,"total":4,"acumuladas":11,"lat":-3.3269,"lng":-79.8049,"semana":2},{"inec_provincia_id":"07","provincia":"El Oro","provincia_poblacion":715751,"inec_canton_id":"0710","canton":"Piñas","canton_poblacion":30206,"total":3,"acumuladas":7,"lat":-3.6666670000000003,"lng":-79.65,"semana":2},{"inec_provincia_id":"07","provincia":"El Oro","provincia_poblacion":715751,"inec_canton_id":"0711","canton":"Portovelo","canton_poblacion":14028,"total":0,"acumuladas":1,"lat":-3.72,"lng":-79.62,"semana":2},{"inec_provincia_id":"07","provincia":"El Oro","provincia_poblacion":715751,"inec_canton_id":"0712","canton":"Santa Rosa","canton_poblacion":82171,"total":3,"acumuladas":6,"lat":-3.4522220000000003,"lng":-79.961667,"semana":2},{"inec_provincia_id":"07","provincia":"El Oro","provincia_poblacion":715751,"inec_canton_id":"0713","canton":"Zaruma","canton_poblacion":25654,"total":1,"acumuladas":4,"lat":-3.433333,"lng":-79.6,"semana":2},{"inec_provincia_id":"08","provincia":"Esmeraldas","provincia_poblacion":591083,"inec_canton_id":"0806","canton":"Atacames","canton_poblacion":55495,"total":1,"acumuladas":3,"lat":0.866667,"lng":-79.833333,"semana":2},{"inec_provincia_id":"08","provincia":"Esmeraldas","provincia_poblacion":591083,"inec_canton_id":"0802","canton":"Eloy Alfaro","canton_poblacion":45629,"total":0,"acumuladas":2,"lat":1.25,"lng":-79,"semana":2},{"inec_provincia_id":"08","provincia":"Esmeraldas","provincia_poblacion":591083,"inec_canton_id":"0801","canton":"Esmeraldas","canton_poblacion":218727,"total":9,"acumuladas":23,"lat":1.05,"lng":-79.2,"semana":2},{"inec_provincia_id":"08","provincia":"Esmeraldas","provincia_poblacion":591083,"inec_canton_id":"0803","canton":"Muisne","canton_poblacion":31106,"total":0,"acumuladas":0,"lat":0.6067,"lng":-80.0183,"semana":2},{"inec_provincia_id":"08","provincia":"Esmeraldas","provincia_poblacion":591083,"inec_canton_id":"0804","canton":"Quinindé","canton_poblacion":145879,"total":6,"acumuladas":8,"lat":0.33,"lng":-79.48,"semana":2},{"inec_provincia_id":"08","provincia":"Esmeraldas","provincia_poblacion":591083,"inec_canton_id":"0807","canton":"Rioverde","canton_poblacion":31475,"total":0,"acumuladas":1,"lat":1.0602,"lng":-79.4044,"semana":2},{"inec_provincia_id":"08","provincia":"Esmeraldas","provincia_poblacion":591083,"inec_canton_id":"0805","canton":"San Lorenzo","canton_poblacion":62772,"total":1,"acumuladas":4,"lat":1.2658,"lng":-78.8414,"semana":2},{"inec_provincia_id":"20","provincia":"Galápagos","provincia_poblacion":33042,"inec_canton_id":"2002","canton":"Isabela","canton_poblacion":3073,"total":0,"acumuladas":0,"lat":-0.4724,"lng":-90.6811,"semana":2},{"inec_provincia_id":"20","provincia":"Galápagos","provincia_poblacion":33042,"inec_canton_id":"2001","canton":"San Cristóbal","canton_poblacion":9667,"total":0,"acumuladas":2,"lat":-0.7999999999999999,"lng":-89.4,"semana":2},{"inec_provincia_id":"20","provincia":"Galápagos","provincia_poblacion":33042,"inec_canton_id":"2003","canton":"Santa Cruz","canton_poblacion":20302,"total":0,"acumuladas":2,"lat":-0.633333,"lng":-90.366667,"semana":2},{"inec_provincia_id":"09","provincia":"Guayas","provincia_poblacion":4387434,"inec_canton_id":"0902","canton":"Alfredo Baquerizo Moreno","canton_poblacion":32110,"total":1,"acumuladas":1,"lat":-1.9166670000000001,"lng":-79.516667,"semana":2},{"inec_provincia_id":"09","provincia":"Guayas","provincia_poblacion":4387434,"inec_canton_id":"0903","canton":"Balao","canton_poblacion":26348,"total":1,"acumuladas":1,"lat":-2.91,"lng":-79.81,"semana":2},{"inec_provincia_id":"09","provincia":"Guayas","provincia_poblacion":4387434,"inec_canton_id":"0904","canton":"Balzar","canton_poblacion":60260,"total":2,"acumuladas":4,"lat":-1.36,"lng":-79.9,"semana":2},{"inec_provincia_id":"09","provincia":"Guayas","provincia_poblacion":4387434,"inec_canton_id":"0905","canton":"Colimes","canton_poblacion":26169,"total":0,"acumuladas":3,"lat":-1.55,"lng":-80.016667,"semana":2},{"inec_provincia_id":"09","provincia":"Guayas","provincia_poblacion":4387434,"inec_canton_id":"0923","canton":"Coronel Marcelino Maridueña","canton_poblacion":13132,"total":1,"acumuladas":1,"lat":-2.2,"lng":-79.42,"semana":2},{"inec_provincia_id":"09","provincia":"Guayas","provincia_poblacion":4387434,"inec_canton_id":"0906","canton":"Daule","canton_poblacion":173684,"total":8,"acumuladas":24,"lat":-1.866667,"lng":-79.983333,"semana":2},{"inec_provincia_id":"09","provincia":"Guayas","provincia_poblacion":4387434,"inec_canton_id":"0907","canton":"Durán","canton_poblacion":315724,"total":11,"acumuladas":20,"lat":-2.1666670000000003,"lng":-79.833333,"semana":2},{"inec_provincia_id":"09","provincia":"Guayas","provincia_poblacion":4387434,"inec_canton_id":"0909","canton":"El Triunfo","canton_poblacion":59636,"total":2,"acumuladas":6,"lat":-2.33,"lng":-79.4,"semana":2},{"inec_provincia_id":"09","provincia":"Guayas","provincia_poblacion":4387434,"inec_canton_id":"0908","canton":"Empalme","canton_poblacion":86073,"total":1,"acumuladas":9,"lat":-1.046111,"lng":-79.633611,"semana":2},{"inec_provincia_id":"09","provincia":"Guayas","provincia_poblacion":4387434,"inec_canton_id":"0927","canton":"General Antonio Elizalde","canton_poblacion":13156,"total":1,"acumuladas":3,"lat":-2.2,"lng":-79.17,"semana":2},{"inec_provincia_id":"09","provincia":"Guayas","provincia_poblacion":4387434,"inec_canton_id":"0901","canton":"Guayaquil","canton_poblacion":2723665,"total":224,"acumuladas":662,"lat":-2.183333,"lng":-79.883333,"semana":2},{"inec_provincia_id":"09","provincia":"Guayas","provincia_poblacion":4387434,"inec_canton_id":"0928","canton":"Isidro Ayora","canton_poblacion":14582,"total":1,"acumuladas":1,"lat":-1.8833330000000001,"lng":-80.166667,"semana":2},{"inec_provincia_id":"09","provincia":"Guayas","provincia_poblacion":4387434,"inec_canton_id":"0924","canton":"Lomas de Sargentillo","canton_poblacion":24220,"total":1,"acumuladas":1,"lat":-1.8833330000000001,"lng":-80.083333,"semana":2},{"inec_provincia_id":"09","provincia":"Guayas","provincia_poblacion":4387434,"inec_canton_id":"0910","canton":"Milagro","canton_poblacion":199835,"total":11,"acumuladas":38,"lat":-2.126944,"lng":-79.599167,"semana":2},{"inec_provincia_id":"09","provincia":"Guayas","provincia_poblacion":4387434,"inec_canton_id":"0911","canton":"Naranjal","canton_poblacion":95052,"total":2,"acumuladas":5,"lat":-2.6728,"lng":-79.615,"semana":2},{"inec_provincia_id":"09","provincia":"Guayas","provincia_poblacion":4387434,"inec_canton_id":"0912","canton":"Naranjito","canton_poblacion":43862,"total":1,"acumuladas":7,"lat":-2.173,"lng":-79.4671,"semana":2},{"inec_provincia_id":"09","provincia":"Guayas","provincia_poblacion":4387434,"inec_canton_id":"0925","canton":"Nobol","canton_poblacion":26444,"total":1,"acumuladas":2,"lat":-1.9166710000000002,"lng":-80.011539,"semana":2},{"inec_provincia_id":"09","provincia":"Guayas","provincia_poblacion":4387434,"inec_canton_id":"0913","canton":"Palestina","canton_poblacion":18451,"total":1,"acumuladas":2,"lat":-1.6263,"lng":-79.977,"semana":2},{"inec_provincia_id":"09","provincia":"Guayas","provincia_poblacion":4387434,"inec_canton_id":"0914","canton":"Pedro Carbo","canton_poblacion":51802,"total":0,"acumuladas":7,"lat":-1.833333,"lng":-80.233333,"semana":2},{"inec_provincia_id":"09","provincia":"Guayas","provincia_poblacion":4387434,"inec_canton_id":"0921","canton":"Playas","canton_poblacion":59628,"total":0,"acumuladas":2,"lat":-2.62333,"lng":-80.3875,"semana":2},{"inec_provincia_id":"09","provincia":"Guayas","provincia_poblacion":4387434,"inec_canton_id":"0919","canton":"Salitre","canton_poblacion":65765,"total":0,"acumuladas":6,"lat":-1.829444,"lng":-79.815556,"semana":2},{"inec_provincia_id":"09","provincia":"Guayas","provincia_poblacion":4387434,"inec_canton_id":"0916","canton":"Samborondón","canton_poblacion":102404,"total":1,"acumuladas":5,"lat":-2.183333,"lng":-79.883333,"semana":2},{"inec_provincia_id":"09","provincia":"Guayas","provincia_poblacion":4387434,"inec_canton_id":"0920","canton":"San Jacinto De Yaguachi","canton_poblacion":78204,"total":3,"acumuladas":5,"lat":-2.12,"lng":-79.69,"semana":2},{"inec_provincia_id":"09","provincia":"Guayas","provincia_poblacion":4387434,"inec_canton_id":"0918","canton":"Santa Lucía","canton_poblacion":45004,"total":1,"acumuladas":1,"lat":-1.7138890000000002,"lng":-79.985,"semana":2},{"inec_provincia_id":"09","provincia":"Guayas","provincia_poblacion":4387434,"inec_canton_id":"0922","canton":"Simón Bolivar","canton_poblacion":32224,"total":0,"acumuladas":2,"lat":-2.156667,"lng":-79.8875,"semana":2},{"inec_provincia_id":"10","provincia":"Imbabura","provincia_poblacion":476257,"inec_canton_id":"1002","canton":"Antonio Ante","canton_poblacion":54311,"total":3,"acumuladas":6,"lat":0.32,"lng":-78.21,"semana":2},{"inec_provincia_id":"10","provincia":"Imbabura","provincia_poblacion":476257,"inec_canton_id":"1003","canton":"Cotacachi","canton_poblacion":44203,"total":1,"acumuladas":3,"lat":0.3,"lng":-78.266667,"semana":2},{"inec_provincia_id":"10","provincia":"Imbabura","provincia_poblacion":476257,"inec_canton_id":"1001","canton":"Ibarra","canton_poblacion":221149,"total":16,"acumuladas":52,"lat":0.362678,"lng":-78.130667,"semana":2},{"inec_provincia_id":"10","provincia":"Imbabura","provincia_poblacion":476257,"inec_canton_id":"1004","canton":"Otavalo","canton_poblacion":125785,"total":4,"acumuladas":15,"lat":0.23333299999999998,"lng":-78.266667,"semana":2},{"inec_provincia_id":"10","provincia":"Imbabura","provincia_poblacion":476257,"inec_canton_id":"1005","canton":"Pimampiro","canton_poblacion":13269,"total":0,"acumuladas":3,"lat":0.39999999999999997,"lng":-77.97,"semana":2},{"inec_provincia_id":"10","provincia":"Imbabura","provincia_poblacion":476257,"inec_canton_id":"1006","canton":"San Miguel de Urcuquí","canton_poblacion":17540,"total":0,"acumuladas":0,"lat":0.52,"lng":-78.2,"semana":2},{"inec_provincia_id":"11","provincia":"Loja","provincia_poblacion":521154,"inec_canton_id":"1102","canton":"Calvas","canton_poblacion":29565,"total":1,"acumuladas":4,"lat":-4.32,"lng":-79.56,"semana":2},{"inec_provincia_id":"11","provincia":"Loja","provincia_poblacion":521154,"inec_canton_id":"1103","canton":"Catamayo","canton_poblacion":35961,"total":0,"acumuladas":1,"lat":-3.9800000000000004,"lng":-79.35,"semana":2},{"inec_provincia_id":"11","provincia":"Loja","provincia_poblacion":521154,"inec_canton_id":"1104","canton":"Celica","canton_poblacion":16160,"total":0,"acumuladas":1,"lat":-4.1025,"lng":-79.954444,"semana":2},{"inec_provincia_id":"11","provincia":"Loja","provincia_poblacion":521154,"inec_canton_id":"1105","canton":"Chaguarpamba","canton_poblacion":6620,"total":0,"acumuladas":0,"lat":-3.85,"lng":-79.65,"semana":2},{"inec_provincia_id":"11","provincia":"Loja","provincia_poblacion":521154,"inec_canton_id":"1106","canton":"Espíndola","canton_poblacion":14209,"total":0,"acumuladas":2,"lat":-4.583056,"lng":-79.426944,"semana":2},{"inec_provincia_id":"11","provincia":"Loja","provincia_poblacion":521154,"inec_canton_id":"1107","canton":"Gonzanamá","canton_poblacion":10953,"total":1,"acumuladas":2,"lat":-4.231389,"lng":-79.435278,"semana":2},{"inec_provincia_id":"11","provincia":"Loja","provincia_poblacion":521154,"inec_canton_id":"1101","canton":"Loja","canton_poblacion":274112,"total":5,"acumuladas":34,"lat":-3.9833330000000005,"lng":-79.2,"semana":2},{"inec_provincia_id":"11","provincia":"Loja","provincia_poblacion":521154,"inec_canton_id":"1108","canton":"Macará","canton_poblacion":20269,"total":0,"acumuladas":2,"lat":-4.383333,"lng":-79.95,"semana":2},{"inec_provincia_id":"11","provincia":"Loja","provincia_poblacion":521154,"inec_canton_id":"1116","canton":"Olmedo","canton_poblacion":4220,"total":1,"acumuladas":1,"lat":-3.934,"lng":-79.648,"semana":2},{"inec_provincia_id":"11","provincia":"Loja","provincia_poblacion":521154,"inec_canton_id":"1109","canton":"Paltas","canton_poblacion":23471,"total":2,"acumuladas":5,"lat":-4.050000000000002,"lng":-79.65,"semana":2},{"inec_provincia_id":"11","provincia":"Loja","provincia_poblacion":521154,"inec_canton_id":"1114","canton":"Pindal","canton_poblacion":10540,"total":0,"acumuladas":0,"lat":-4.1161,"lng":-80.1076,"semana":2},{"inec_provincia_id":"11","provincia":"Loja","provincia_poblacion":521154,"inec_canton_id":"1110","canton":"Puyango","canton_poblacion":15925,"total":0,"acumuladas":3,"lat":-3.87,"lng":-80.09,"semana":2},{"inec_provincia_id":"11","provincia":"Loja","provincia_poblacion":521154,"inec_canton_id":"1115","canton":"Quilanga","canton_poblacion":4197,"total":0,"acumuladas":0,"lat":-4.298,"lng":-79.3986,"semana":2},{"inec_provincia_id":"11","provincia":"Loja","provincia_poblacion":521154,"inec_canton_id":"1111","canton":"Saraguro","canton_poblacion":33506,"total":0,"acumuladas":1,"lat":-3.6253,"lng":-79.2411,"semana":2},{"inec_provincia_id":"11","provincia":"Loja","provincia_poblacion":521154,"inec_canton_id":"1112","canton":"Sozoranga","canton_poblacion":7121,"total":0,"acumuladas":0,"lat":-4.327778,"lng":-79.789722,"semana":2},{"inec_provincia_id":"11","provincia":"Loja","provincia_poblacion":521154,"inec_canton_id":"1113","canton":"Zapotillo","canton_poblacion":14325,"total":0,"acumuladas":1,"lat":-4.386360000000002,"lng":-80.2436,"semana":2},{"inec_provincia_id":"12","provincia":"Los Ríos","provincia_poblacion":921763,"inec_canton_id":"1202","canton":"Baba","canton_poblacion":43429,"total":0,"acumuladas":8,"lat":-1.784167,"lng":-79.676667,"semana":2},{"inec_provincia_id":"12","provincia":"Los Ríos","provincia_poblacion":921763,"inec_canton_id":"1201","canton":"Babahoyo","canton_poblacion":175281,"total":12,"acumuladas":39,"lat":-1.8,"lng":-79.533333,"semana":2},{"inec_provincia_id":"12","provincia":"Los Ríos","provincia_poblacion":921763,"inec_canton_id":"1210","canton":"Buena Fe","canton_poblacion":83654,"total":0,"acumuladas":4,"lat":-0.8985719999999999,"lng":-79.488916,"semana":2},{"inec_provincia_id":"12","provincia":"Los Ríos","provincia_poblacion":921763,"inec_canton_id":"1212","canton":"Mocache","canton_poblacion":43316,"total":0,"acumuladas":0,"lat":-1.18385,"lng":-79.50553,"semana":2},{"inec_provincia_id":"12","provincia":"Los Ríos","provincia_poblacion":921763,"inec_canton_id":"1203","canton":"Montalvo","canton_poblacion":28720,"total":2,"acumuladas":3,"lat":-1.7938,"lng":-79.2857,"semana":2},{"inec_provincia_id":"12","provincia":"Los Ríos","provincia_poblacion":921763,"inec_canton_id":"1209","canton":"Palenque","canton_poblacion":23638,"total":0,"acumuladas":2,"lat":-1.4328,"lng":-79.7495,"semana":2},{"inec_provincia_id":"12","provincia":"Los Ríos","provincia_poblacion":921763,"inec_canton_id":"1204","canton":"Puebloviejo","canton_poblacion":44725,"total":1,"acumuladas":3,"lat":-1.55,"lng":-79.533889,"semana":2},{"inec_provincia_id":"12","provincia":"Los Ríos","provincia_poblacion":921763,"inec_canton_id":"1205","canton":"Quevedo","canton_poblacion":213842,"total":11,"acumuladas":30,"lat":-1.033333,"lng":-79.45,"semana":2},{"inec_provincia_id":"12","provincia":"Los Ríos","provincia_poblacion":921763,"inec_canton_id":"1213","canton":"Quinsaloma","canton_poblacion":20428,"total":1,"acumuladas":1,"lat":-1.2062000000000002,"lng":-79.3145,"semana":2},{"inec_provincia_id":"12","provincia":"Los Ríos","provincia_poblacion":921763,"inec_canton_id":"1206","canton":"Urdaneta","canton_poblacion":32618,"total":0,"acumuladas":3,"lat":-1.570556,"lng":-79.471111,"semana":2},{"inec_provincia_id":"12","provincia":"Los Ríos","provincia_poblacion":921763,"inec_canton_id":"1211","canton":"Valencia","canton_poblacion":54637,"total":2,"acumuladas":3,"lat":-0.9525,"lng":-79.3531,"semana":2},{"inec_provincia_id":"12","provincia":"Los Ríos","provincia_poblacion":921763,"inec_canton_id":"1207","canton":"Ventanas","canton_poblacion":75146,"total":0,"acumuladas":7,"lat":-1.4500000000000002,"lng":-79.47,"semana":2},{"inec_provincia_id":"12","provincia":"Los Ríos","provincia_poblacion":921763,"inec_canton_id":"1208","canton":"Vinces","canton_poblacion":82329,"total":2,"acumuladas":9,"lat":-1.5583330000000002,"lng":-79.75,"semana":2},{"inec_provincia_id":"13","provincia":"Manabí","provincia_poblacion":1562079,"inec_canton_id":"1302","canton":"Bolívar","canton_poblacion":45493,"total":1,"acumuladas":1,"lat":-0.841944,"lng":-80.161944,"semana":2},{"inec_provincia_id":"13","provincia":"Manabí","provincia_poblacion":1562079,"inec_canton_id":"1303","canton":"Chone","canton_poblacion":131002,"total":6,"acumuladas":15,"lat":-0.683333,"lng":-80.1,"semana":2},{"inec_provincia_id":"13","provincia":"Manabí","provincia_poblacion":1562079,"inec_canton_id":"1304","canton":"El Carmen","canton_poblacion":111344,"total":2,"acumuladas":8,"lat":-1.3147000000000002,"lng":-80.0169,"semana":2},{"inec_provincia_id":"13","provincia":"Manabí","provincia_poblacion":1562079,"inec_canton_id":"1305","canton":"Flavio Alfaro","canton_poblacion":23822,"total":4,"acumuladas":4,"lat":-0.4054,"lng":-79.9058,"semana":2},{"inec_provincia_id":"13","provincia":"Manabí","provincia_poblacion":1562079,"inec_canton_id":"1320","canton":"Jama","canton_poblacion":26116,"total":0,"acumuladas":0,"lat":-0.2014,"lng":-80.2659,"semana":2},{"inec_provincia_id":"13","provincia":"Manabí","provincia_poblacion":1562079,"inec_canton_id":"1321","canton":"Jaramijó","canton_poblacion":28439,"total":0,"acumuladas":0,"lat":-0.94873,"lng":-80.6363,"semana":2},{"inec_provincia_id":"13","provincia":"Manabí","provincia_poblacion":1562079,"inec_canton_id":"1306","canton":"Jipijapa","canton_poblacion":74645,"total":4,"acumuladas":10,"lat":-1.3333300000000001,"lng":-80.5833,"semana":2},{"inec_provincia_id":"13","provincia":"Manabí","provincia_poblacion":1562079,"inec_canton_id":"1307","canton":"Junín","canton_poblacion":18820,"total":0,"acumuladas":4,"lat":-0.92916,"lng":-80.20569,"semana":2},{"inec_provincia_id":"13","provincia":"Manabí","provincia_poblacion":1562079,"inec_canton_id":"1308","canton":"Manta","canton_poblacion":264281,"total":17,"acumuladas":59,"lat":-0.950022,"lng":-80.7162,"semana":2},{"inec_provincia_id":"13","provincia":"Manabí","provincia_poblacion":1562079,"inec_canton_id":"1309","canton":"Montecristi","canton_poblacion":107785,"total":0,"acumuladas":5,"lat":-1.03333,"lng":-80.65,"semana":2},{"inec_provincia_id":"13","provincia":"Manabí","provincia_poblacion":1562079,"inec_canton_id":"1318","canton":"Olmedo","canton_poblacion":10194,"total":1,"acumuladas":1,"lat":-1.396111,"lng":-80.206111,"semana":2},{"inec_provincia_id":"13","provincia":"Manabí","provincia_poblacion":1562079,"inec_canton_id":"1310","canton":"Paján","canton_poblacion":37093,"total":1,"acumuladas":2,"lat":-1.57,"lng":-80.42,"semana":2},{"inec_provincia_id":"13","provincia":"Manabí","provincia_poblacion":1562079,"inec_canton_id":"1317","canton":"Pedernales","canton_poblacion":63441,"total":2,"acumuladas":3,"lat":0.07010000000000001,"lng":-80.0536,"semana":2},{"inec_provincia_id":"13","provincia":"Manabí","provincia_poblacion":1562079,"inec_canton_id":"1311","canton":"Pichincha","canton_poblacion":29599,"total":0,"acumuladas":2,"lat":-1.0473000000000001,"lng":-79.8186,"semana":2},{"inec_provincia_id":"13","provincia":"Manabí","provincia_poblacion":1562079,"inec_canton_id":"1301","canton":"Portoviejo","canton_poblacion":321800,"total":13,"acumuladas":56,"lat":-1.056181,"lng":-80.455217,"semana":2},{"inec_provincia_id":"13","provincia":"Manabí","provincia_poblacion":1562079,"inec_canton_id":"1319","canton":"Puerto López","canton_poblacion":24688,"total":0,"acumuladas":1,"lat":-1.566667,"lng":-80.816667,"semana":2},{"inec_provincia_id":"13","provincia":"Manabí","provincia_poblacion":1562079,"inec_canton_id":"1312","canton":"Rocafuerte","canton_poblacion":37312,"total":2,"acumuladas":3,"lat":-0.9199999999999999,"lng":-80.46,"semana":2},{"inec_provincia_id":"13","provincia":"Manabí","provincia_poblacion":1562079,"inec_canton_id":"1322","canton":"San Vicente","canton_poblacion":24799,"total":0,"acumuladas":1,"lat":-0.5892999999999999,"lng":-80.4088,"semana":2},{"inec_provincia_id":"13","provincia":"Manabí","provincia_poblacion":1562079,"inec_canton_id":"1313","canton":"Santa Ana","canton_poblacion":48152,"total":2,"acumuladas":6,"lat":-1.2069,"lng":-80.3709,"semana":2},{"inec_provincia_id":"13","provincia":"Manabí","provincia_poblacion":1562079,"inec_canton_id":"1314","canton":"Sucre","canton_poblacion":62443,"total":4,"acumuladas":10,"lat":-0.6,"lng":-80.416667,"semana":2},{"inec_provincia_id":"13","provincia":"Manabí","provincia_poblacion":1562079,"inec_canton_id":"1315","canton":"Tosagua","canton_poblacion":42297,"total":0,"acumuladas":3,"lat":-0.78,"lng":-80.26,"semana":2},{"inec_provincia_id":"13","provincia":"Manabí","provincia_poblacion":1562079,"inec_canton_id":"1316","canton":"Veinticuatro de Mayo","canton_poblacion":28514,"total":0,"acumuladas":4,"lat":-1.2788890000000002,"lng":-80.42,"semana":2},{"inec_provincia_id":"14","provincia":"Morona Santiago","provincia_poblacion":196535,"inec_canton_id":"1402","canton":"Gualaquiza","canton_poblacion":19555,"total":1,"acumuladas":3,"lat":-3.3800000000000003,"lng":-78.58,"semana":2},{"inec_provincia_id":"14","provincia":"Morona Santiago","provincia_poblacion":196535,"inec_canton_id":"1407","canton":"Huamboya","canton_poblacion":12382,"total":0,"acumuladas":1,"lat":-1.7850000000000001,"lng":-78.231944,"semana":2},{"inec_provincia_id":"14","provincia":"Morona Santiago","provincia_poblacion":196535,"inec_canton_id":"1403","canton":"Limón Indanza","canton_poblacion":10349,"total":1,"acumuladas":2,"lat":-2.96625,"lng":-78.430528,"semana":2},{"inec_provincia_id":"14","provincia":"Morona Santiago","provincia_poblacion":196535,"inec_canton_id":"1410","canton":"Logroño","canton_poblacion":7643,"total":0,"acumuladas":0,"lat":-2.6248,"lng":-78.1896,"semana":2},{"inec_provincia_id":"14","provincia":"Morona Santiago","provincia_poblacion":196535,"inec_canton_id":"1401","canton":"Morona","canton_poblacion":58281,"total":1,"acumuladas":5,"lat":-2.3000000000000003,"lng":-78.116667,"semana":2},{"inec_provincia_id":"14","provincia":"Morona Santiago","provincia_poblacion":196535,"inec_canton_id":"1411","canton":"Pablo Sexto","canton_poblacion":2897,"total":0,"acumuladas":0,"lat":-1.8030560000000002,"lng":-77.921111,"semana":2},{"inec_provincia_id":"14","provincia":"Morona Santiago","provincia_poblacion":196535,"inec_canton_id":"1404","canton":"Palora","canton_poblacion":7719,"total":0,"acumuladas":0,"lat":-1.7000000000000002,"lng":-77.94,"semana":2},{"inec_provincia_id":"14","provincia":"Morona Santiago","provincia_poblacion":196535,"inec_canton_id":"1408","canton":"San Juan Bosco","canton_poblacion":4985,"total":0,"acumuladas":1,"lat":-3.0923000000000003,"lng":-78.5132,"semana":2},{"inec_provincia_id":"14","provincia":"Morona Santiago","provincia_poblacion":196535,"inec_canton_id":"1405","canton":"Santiago","canton_poblacion":11087,"total":0,"acumuladas":0,"lat":-3.4298,"lng":-78.5656,"semana":2},{"inec_provincia_id":"14","provincia":"Morona Santiago","provincia_poblacion":196535,"inec_canton_id":"1406","canton":"Sucúa","canton_poblacion":23823,"total":0,"acumuladas":3,"lat":-2.4600000000000004,"lng":-78.17,"semana":2},{"inec_provincia_id":"14","provincia":"Morona Santiago","provincia_poblacion":196535,"inec_canton_id":"1409","canton":"Taisha","canton_poblacion":26773,"total":0,"acumuladas":0,"lat":-2.33995,"lng":-77.45808,"semana":2},{"inec_provincia_id":"14","provincia":"Morona Santiago","provincia_poblacion":196535,"inec_canton_id":"1412","canton":"Tiwintza","canton_poblacion":11041,"total":0,"acumuladas":0,"lat":-2.91767,"lng":-77.8017,"semana":2},{"inec_provincia_id":"15","provincia":"Napo","provincia_poblacion":133705,"inec_canton_id":"1503","canton":"Archidona","canton_poblacion":33068,"total":1,"acumuladas":5,"lat":-0.916667,"lng":-77.783333,"semana":2},{"inec_provincia_id":"15","provincia":"Napo","provincia_poblacion":133705,"inec_canton_id":"1509","canton":"Carlos Julio Arosemena Tola","canton_poblacion":4466,"total":0,"acumuladas":1,"lat":-1.1666670000000001,"lng":-77.85,"semana":2},{"inec_provincia_id":"15","provincia":"Napo","provincia_poblacion":133705,"inec_canton_id":"1504","canton":"El Chaco","canton_poblacion":10142,"total":0,"acumuladas":0,"lat":-0.34027799999999997,"lng":-77.808889,"semana":2},{"inec_provincia_id":"15","provincia":"Napo","provincia_poblacion":133705,"inec_canton_id":"1507","canton":"Quijos","canton_poblacion":6847,"total":0,"acumuladas":0,"lat":-0.463611,"lng":-77.892778,"semana":2},{"inec_provincia_id":"15","provincia":"Napo","provincia_poblacion":133705,"inec_canton_id":"1501","canton":"Tena","canton_poblacion":79182,"total":1,"acumuladas":10,"lat":-0.989,"lng":-77.8159,"semana":2},{"inec_provincia_id":"22","provincia":"Orellana","provincia_poblacion":161338,"inec_canton_id":"2202","canton":"Aguarico","canton_poblacion":3629,"total":0,"acumuladas":0,"lat":-0.921111,"lng":-75.399167,"semana":2},{"inec_provincia_id":"22","provincia":"Orellana","provincia_poblacion":161338,"inec_canton_id":"2203","canton":"La Joya de los Sachas","canton_poblacion":39352,"total":0,"acumuladas":3,"lat":-0.3,"lng":-76.85,"semana":2},{"inec_provincia_id":"22","provincia":"Orellana","provincia_poblacion":161338,"inec_canton_id":"2204","canton":"Loreto","canton_poblacion":24579,"total":0,"acumuladas":1,"lat":-0.6904,"lng":-77.3083,"semana":2},{"inec_provincia_id":"22","provincia":"Orellana","provincia_poblacion":161338,"inec_canton_id":"2201","canton":"Orellana","canton_poblacion":93778,"total":0,"acumuladas":6,"lat":-0.466667,"lng":-76.966667,"semana":2},{"inec_provincia_id":"16","provincia":"Pastaza","provincia_poblacion":114202,"inec_canton_id":"1604","canton":"Arajuno","canton_poblacion":8128,"total":0,"acumuladas":0,"lat":-1.2343700000000002,"lng":-77.6875,"semana":2},{"inec_provincia_id":"16","provincia":"Pastaza","provincia_poblacion":114202,"inec_canton_id":"1602","canton":"Mera","canton_poblacion":17547,"total":1,"acumuladas":1,"lat":-1.4600000000000002,"lng":-78.09,"semana":2},{"inec_provincia_id":"16","provincia":"Pastaza","provincia_poblacion":114202,"inec_canton_id":"1601","canton":"Pastaza","canton_poblacion":84377,"total":1,"acumuladas":3,"lat":-1.066667,"lng":-78.001111,"semana":2},{"inec_provincia_id":"16","provincia":"Pastaza","provincia_poblacion":114202,"inec_canton_id":"1603","canton":"Santa Clara","canton_poblacion":4150,"total":0,"acumuladas":0,"lat":-1.2671000000000001,"lng":-77.8882,"semana":2},{"inec_provincia_id":"17","provincia":"Pichincha","provincia_poblacion":3228233,"inec_canton_id":"1702","canton":"Cayambe","canton_poblacion":107660,"total":5,"acumuladas":13,"lat":0.043889000000000004,"lng":-78.1561,"semana":2},{"inec_provincia_id":"17","provincia":"Pichincha","provincia_poblacion":3228233,"inec_canton_id":"1703","canton":"Mejía","canton_poblacion":108167,"total":1,"acumuladas":7,"lat":-0.5101,"lng":-78.5698,"semana":2},{"inec_provincia_id":"17","provincia":"Pichincha","provincia_poblacion":3228233,"inec_canton_id":"1704","canton":"Pedro Moncayo","canton_poblacion":43281,"total":1,"acumuladas":4,"lat":0.043697,"lng":-78.34924,"semana":2},{"inec_provincia_id":"17","provincia":"Pichincha","provincia_poblacion":3228233,"inec_canton_id":"1708","canton":"Pedro Vicente Maldonado","canton_poblacion":17171,"total":0,"acumuladas":2,"lat":0.166667,"lng":-79,"semana":2},{"inec_provincia_id":"17","provincia":"Pichincha","provincia_poblacion":3228233,"inec_canton_id":"1709","canton":"Puerto Quito","canton_poblacion":24911,"total":1,"acumuladas":2,"lat":0.11699999999999999,"lng":-79.264,"semana":2},{"inec_provincia_id":"17","provincia":"Pichincha","provincia_poblacion":3228233,"inec_canton_id":"1701","canton":"Quito","canton_poblacion":2781641,"total":139,"acumuladas":473,"lat":-0.218611,"lng":-78.509722,"semana":2},{"inec_provincia_id":"17","provincia":"Pichincha","provincia_poblacion":3228233,"inec_canton_id":"1705","canton":"Rumiñahui","canton_poblacion":115433,"total":7,"acumuladas":20,"lat":-0.3345,"lng":-78.4475,"semana":2},{"inec_provincia_id":"17","provincia":"Pichincha","provincia_poblacion":3228233,"inec_canton_id":"1707","canton":"San Miguel de Los Bancos","canton_poblacion":29969,"total":0,"acumuladas":0,"lat":0.023000000000000003,"lng":-78.892,"semana":2},{"inec_provincia_id":"24","provincia":"Santa Elena","provincia_poblacion":401178,"inec_canton_id":"2402","canton":"La Libertad","canton_poblacion":117767,"total":4,"acumuladas":9,"lat":-2.233333,"lng":-80.9,"semana":2},{"inec_provincia_id":"24","provincia":"Santa Elena","provincia_poblacion":401178,"inec_canton_id":"2403","canton":"Salinas","canton_poblacion":94590,"total":6,"acumuladas":15,"lat":-2.216667,"lng":-80.95,"semana":2},{"inec_provincia_id":"24","provincia":"Santa Elena","provincia_poblacion":401178,"inec_canton_id":"2401","canton":"Santa Elena","canton_poblacion":188821,"total":9,"acumuladas":28,"lat":-2.2267,"lng":-80.8583,"semana":2},{"inec_provincia_id":"23","provincia":"Sto. Domingo Tsáchilas","provincia_poblacion":511151,"inec_canton_id":"2302","canton":"La Concordia","canton_poblacion":52571,"total":0,"acumuladas":7,"lat":0.0023,"lng":-79.3846,"semana":2},{"inec_provincia_id":"23","provincia":"Sto. Domingo Tsáchilas","provincia_poblacion":511151,"inec_canton_id":"2301","canton":"Santo Domingo","canton_poblacion":458580,"total":34,"acumuladas":77,"lat":-0.254167,"lng":-79.171944,"semana":2},{"inec_provincia_id":"21","provincia":"Sucumbíos","provincia_poblacion":230503,"inec_canton_id":"2106","canton":"Cascales","canton_poblacion":15882,"total":0,"acumuladas":0,"lat":-0.0675,"lng":-77.216944,"semana":2},{"inec_provincia_id":"21","provincia":"Sucumbíos","provincia_poblacion":230503,"inec_canton_id":"2107","canton":"Cuyabeno","canton_poblacion":7154,"total":0,"acumuladas":0,"lat":-0.128889,"lng":-76.413889,"semana":2},{"inec_provincia_id":"21","provincia":"Sucumbíos","provincia_poblacion":230503,"inec_canton_id":"2102","canton":"Gonzalo Pizarro","canton_poblacion":10007,"total":1,"acumuladas":1,"lat":0.047,"lng":-77.3228,"semana":2},{"inec_provincia_id":"21","provincia":"Sucumbíos","provincia_poblacion":230503,"inec_canton_id":"2101","canton":"Lago Agrio","canton_poblacion":119594,"total":6,"acumuladas":19,"lat":0.08472200000000002,"lng":-76.882778,"semana":2},{"inec_provincia_id":"21","provincia":"Sucumbíos","provincia_poblacion":230503,"inec_canton_id":"2103","canton":"Putumayo","canton_poblacion":16106,"total":0,"acumuladas":0,"lat":0.1,"lng":-75.85,"semana":2},{"inec_provincia_id":"21","provincia":"Sucumbíos","provincia_poblacion":230503,"inec_canton_id":"2104","canton":"Shushufindi","canton_poblacion":57949,"total":1,"acumuladas":2,"lat":-0.1871,"lng":-76.645,"semana":2},{"inec_provincia_id":"21","provincia":"Sucumbíos","provincia_poblacion":230503,"inec_canton_id":"2105","canton":"Sucumbíos","canton_poblacion":3811,"total":0,"acumuladas":1,"lat":0.4592,"lng":-77.523,"semana":2},{"inec_provincia_id":"18","provincia":"Tungurahua","provincia_poblacion":590600,"inec_canton_id":"1801","canton":"Ambato","canton_poblacion":387309,"total":36,"acumuladas":117,"lat":-1.241667,"lng":-78.619722,"semana":2},{"inec_provincia_id":"18","provincia":"Tungurahua","provincia_poblacion":590600,"inec_canton_id":"1802","canton":"Baños","canton_poblacion":25043,"total":0,"acumuladas":0,"lat":-1.396389,"lng":-78.424722,"semana":2},{"inec_provincia_id":"18","provincia":"Tungurahua","provincia_poblacion":590600,"inec_canton_id":"1803","canton":"Cevallos","canton_poblacion":9936,"total":1,"acumuladas":3,"lat":-1.35,"lng":-78.616667,"semana":2},{"inec_provincia_id":"18","provincia":"Tungurahua","provincia_poblacion":590600,"inec_canton_id":"1804","canton":"Mocha","canton_poblacion":7336,"total":0,"acumuladas":0,"lat":-1.4166670000000001,"lng":-78.666667,"semana":2},{"inec_provincia_id":"18","provincia":"Tungurahua","provincia_poblacion":590600,"inec_canton_id":"1805","canton":"Patate","canton_poblacion":15825,"total":1,"acumuladas":2,"lat":-1.316667,"lng":-78.516667,"semana":2},{"inec_provincia_id":"18","provincia":"Tungurahua","provincia_poblacion":590600,"inec_canton_id":"1807","canton":"Pelileo","canton_poblacion":66836,"total":3,"acumuladas":10,"lat":-1.3275000000000001,"lng":-78.540833,"semana":2},{"inec_provincia_id":"18","provincia":"Tungurahua","provincia_poblacion":590600,"inec_canton_id":"1808","canton":"Píllaro","canton_poblacion":43371,"total":1,"acumuladas":5,"lat":-1.1758330000000001,"lng":-78.555278,"semana":2},{"inec_provincia_id":"18","provincia":"Tungurahua","provincia_poblacion":590600,"inec_canton_id":"1806","canton":"Quero","canton_poblacion":20627,"total":1,"acumuladas":4,"lat":-1.3793000000000002,"lng":-78.607,"semana":2},{"inec_provincia_id":"18","provincia":"Tungurahua","provincia_poblacion":590600,"inec_canton_id":"1809","canton":"Tisaleo","canton_poblacion":14317,"total":0,"acumuladas":3,"lat":-1.35,"lng":-78.666667,"semana":2},{"inec_provincia_id":"19","provincia":"Zamora Chinchipe","provincia_poblacion":120416,"inec_canton_id":"1907","canton":"Centinela del Cóndor","canton_poblacion":8313,"total":0,"acumuladas":0,"lat":-3.8949100000000003,"lng":-78.78141,"semana":2},{"inec_provincia_id":"19","provincia":"Zamora Chinchipe","provincia_poblacion":120416,"inec_canton_id":"1902","canton":"Chinchipe","canton_poblacion":10679,"total":0,"acumuladas":0,"lat":-4.8628,"lng":-79.1328,"semana":2},{"inec_provincia_id":"19","provincia":"Zamora Chinchipe","provincia_poblacion":120416,"inec_canton_id":"1906","canton":"El Pangui","canton_poblacion":10945,"total":0,"acumuladas":0,"lat":-3.6249000000000002,"lng":-78.5871,"semana":2},{"inec_provincia_id":"19","provincia":"Zamora Chinchipe","provincia_poblacion":120416,"inec_canton_id":"1903","canton":"Nangaritza","canton_poblacion":8014,"total":0,"acumuladas":0,"lat":-4.048333,"lng":-78.682222,"semana":2},{"inec_provincia_id":"19","provincia":"Zamora Chinchipe","provincia_poblacion":120416,"inec_canton_id":"1908","canton":"Palanda","canton_poblacion":10144,"total":0,"acumuladas":0,"lat":-4.6498,"lng":-79.1321,"semana":2},{"inec_provincia_id":"19","provincia":"Zamora Chinchipe","provincia_poblacion":120416,"inec_canton_id":"1909","canton":"Paquisha","canton_poblacion":5992,"total":1,"acumuladas":1,"lat":-3.9327500000000004,"lng":-78.67426,"semana":2},{"inec_provincia_id":"19","provincia":"Zamora Chinchipe","provincia_poblacion":120416,"inec_canton_id":"1904","canton":"Yacuambi","canton_poblacion":7121,"total":0,"acumuladas":1,"lat":-3.63444,"lng":-78.9281,"semana":2},{"inec_provincia_id":"19","provincia":"Zamora Chinchipe","provincia_poblacion":120416,"inec_canton_id":"1905","canton":"Yantzaza","canton_poblacion":26447,"total":0,"acumuladas":2,"lat":-3.85,"lng":-78.75,"semana":2},{"inec_provincia_id":"19","provincia":"Zamora Chinchipe","provincia_poblacion":120416,"inec_canton_id":"1901","canton":"Zamora","canton_poblacion":32761,"total":1,"acumuladas":3,"lat":-4.12,"lng":-78.8,"semana":2}]