[{"provincia":"Azuay","poblacion":881394,"total":104,"acumuladas":104,"lat":-2.8974140000000004,"lng":-79.004481,"semana":1},{"provincia":"Bolívar","poblacion":209933,"total":19,"acumuladas":19,"lat":-1.6055560000000002,"lng":-79.003056,"semana":1},{"provincia":"Carchi","poblacion":186869,"total":27,"acumuladas":27,"lat":0.81218,"lng":-77.71633,"semana":1},{"provincia":"Cañar","poblacion":281396,"total":31,"acumuladas":31,"lat":-2.733333,"lng":-78.833333,"semana":1},{"provincia":"Chimborazo","poblacion":524004,"total":81,"acumuladas":81,"lat":-1.674347,"lng":-78.648294,"semana":1},{"provincia":"Cotopaxi","poblacion":488716,"total":54,"acumuladas":54,"lat":-0.933333,"lng":-78.616667,"semana":1},{"provincia":"El Oro","poblacion":715751,"total":75,"acumuladas":75,"lat":-3.2666670000000004,"lng":-79.966667,"semana":1},{"provincia":"Esmeraldas","poblacion":591083,"total":26,"acumuladas":26,"lat":1.05,"lng":-79.2,"semana":1},{"provincia":"Galápagos","poblacion":33042,"total":4,"acumuladas":4,"lat":-0.7999999999999999,"lng":-89.4,"semana":1},{"provincia":"Guayas","poblacion":4387434,"total":548,"acumuladas":548,"lat":-2.183333,"lng":-79.883333,"semana":1},{"provincia":"Imbabura","poblacion":476257,"total":58,"acumuladas":58,"lat":0.362678,"lng":-78.130667,"semana":1},{"provincia":"Loja","poblacion":521154,"total":50,"acumuladas":50,"lat":-3.9833330000000005,"lng":-79.2,"semana":1},{"provincia":"Los Ríos","poblacion":921763,"total":85,"acumuladas":85,"lat":-1.8,"lng":-79.533333,"semana":1},{"provincia":"Manabí","poblacion":1562079,"total":147,"acumuladas":147,"lat":-1.056181,"lng":-80.455217,"semana":1},{"provincia":"Morona Santiago","poblacion":196535,"total":12,"acumuladas":12,"lat":-2.3000000000000003,"lng":-78.116667,"semana":1},{"provincia":"Napo","poblacion":133705,"total":14,"acumuladas":14,"lat":-0.989,"lng":-77.8159,"semana":1},{"provincia":"Orellana","poblacion":161338,"total":11,"acumuladas":11,"lat":-0.466667,"lng":-76.966667,"semana":1},{"provincia":"Pastaza","poblacion":114202,"total":2,"acumuladas":2,"lat":-1.066667,"lng":-78.001111,"semana":1},{"provincia":"Pichincha","poblacion":3228233,"total":371,"acumuladas":371,"lat":-0.218611,"lng":-78.509722,"semana":1},{"provincia":"Santa Elena","poblacion":401178,"total":34,"acumuladas":34,"lat":-2.2267,"lng":-80.8583,"semana":1},{"provincia":"Sto. Domingo Tsáchilas","poblacion":511151,"total":53,"acumuladas":53,"lat":-0.254167,"lng":-79.171944,"semana":1},{"provincia":"Sucumbíos","poblacion":230503,"total":15,"acumuladas":15,"lat":0.08472200000000002,"lng":-76.882778,"semana":1},{"provincia":"Tungurahua","poblacion":590600,"total":105,"acumuladas":105,"lat":-1.241667,"lng":-78.619722,"semana":1},{"provincia":"Zamora Chinchipe","poblacion":120416,"total":7,"acumuladas":7,"lat":-4.12,"lng":-78.8,"semana":1},{"provincia":"Azuay","poblacion":881394,"total":116,"acumuladas":220,"lat":-2.8974140000000004,"lng":-79.004481,"semana":2},{"provincia":"Bolívar","poblacion":209933,"total":39,"acumuladas":58,"lat":-1.6055560000000002,"lng":-79.003056,"semana":2},{"provincia":"Carchi","poblacion":186869,"total":37,"acumuladas":64,"lat":0.81218,"lng":-77.71633,"semana":2},{"provincia":"Cañar","poblacion":281396,"total":31,"acumuladas":62,"lat":-2.733333,"lng":-78.833333,"semana":2},{"provincia":"Chimborazo","poblacion":524004,"total":62,"acumuladas":143,"lat":-1.674347,"lng":-78.648294,"semana":2},{"provincia":"Cotopaxi","poblacion":488716,"total":66,"acumuladas":120,"lat":-0.933333,"lng":-78.616667,"semana":2},{"provincia":"El Oro","poblacion":715751,"total":96,"acumuladas":171,"lat":-3.2666670000000004,"lng":-79.966667,"semana":2},{"provincia":"Esmeraldas","poblacion":591083,"total":35,"acumuladas":61,"lat":1.05,"lng":-79.2,"semana":2},{"provincia":"Galápagos","poblacion":33042,"total":1,"acumuladas":5,"lat":-0.7999999999999999,"lng":-89.4,"semana":2},{"provincia":"Guayas","poblacion":4387434,"total":609,"acumuladas":1157,"lat":-2.183333,"lng":-79.883333,"semana":2},{"provincia":"Imbabura","poblacion":476257,"total":53,"acumuladas":111,"lat":0.362678,"lng":-78.130667,"semana":2},{"provincia":"Loja","poblacion":521154,"total":41,"acumuladas":91,"lat":-3.9833330000000005,"lng":-79.2,"semana":2},{"provincia":"Los Ríos","poblacion":921763,"total":93,"acumuladas":178,"lat":-1.8,"lng":-79.533333,"semana":2},{"provincia":"Manabí","poblacion":1562079,"total":168,"acumuladas":315,"lat":-1.056181,"lng":-80.455217,"semana":2},{"provincia":"Morona Santiago","poblacion":196535,"total":8,"acumuladas":20,"lat":-2.3000000000000003,"lng":-78.116667,"semana":2},{"provincia":"Napo","poblacion":133705,"total":5,"acumuladas":19,"lat":-0.989,"lng":-77.8159,"semana":2},{"provincia":"Orellana","poblacion":161338,"total":10,"acumuladas":21,"lat":-0.466667,"lng":-76.966667,"semana":2},{"provincia":"Pastaza","poblacion":114202,"total":8,"acumuladas":10,"lat":-1.066667,"lng":-78.001111,"semana":2},{"provincia":"Pichincha","poblacion":3228233,"total":384,"acumuladas":755,"lat":-0.218611,"lng":-78.509722,"semana":2},{"provincia":"Santa Elena","poblacion":401178,"total":40,"acumuladas":74,"lat":-2.2267,"lng":-80.8583,"semana":2},{"provincia":"Sto. Domingo Tsáchilas","poblacion":511151,"total":62,"acumuladas":115,"lat":-0.254167,"lng":-79.171944,"semana":2},{"provincia":"Sucumbíos","poblacion":230503,"total":21,"acumuladas":36,"lat":0.08472200000000002,"lng":-76.882778,"semana":2},{"provincia":"Tungurahua","poblacion":590600,"total":94,"acumuladas":199,"lat":-1.241667,"lng":-78.619722,"semana":2},{"provincia":"Zamora Chinchipe","poblacion":120416,"total":10,"acumuladas":17,"lat":-4.12,"lng":-78.8,"semana":2},{"provincia":"Azuay","poblacion":881394,"total":95,"acumuladas":315,"lat":-2.8974140000000004,"lng":-79.004481,"semana":3},{"provincia":"Bolívar","poblacion":209933,"total":22,"acumuladas":80,"lat":-1.6055560000000002,"lng":-79.003056,"semana":3},{"provincia":"Carchi","poblacion":186869,"total":29,"acumuladas":93,"lat":0.81218,"lng":-77.71633,"semana":3},{"provincia":"Cañar","poblacion":281396,"total":22,"acumuladas":84,"lat":-2.733333,"lng":-78.833333,"semana":3},{"provincia":"Chimborazo","poblacion":524004,"total":55,"acumuladas":198,"lat":-1.674347,"lng":-78.648294,"semana":3},{"provincia":"Cotopaxi","poblacion":488716,"total":43,"acumuladas":163,"lat":-0.933333,"lng":-78.616667,"semana":3},{"provincia":"El Oro","poblacion":715751,"total":79,"acumuladas":250,"lat":-3.2666670000000004,"lng":-79.966667,"semana":3},{"provincia":"Esmeraldas","poblacion":591083,"total":31,"acumuladas":92,"lat":1.05,"lng":-79.2,"semana":3},{"provincia":"Galápagos","poblacion":33042,"total":4,"acumuladas":9,"lat":-0.7999999999999999,"lng":-89.4,"semana":3},{"provincia":"Guayas","poblacion":4387434,"total":572,"acumuladas":1729,"lat":-2.183333,"lng":-79.883333,"semana":3},{"provincia":"Imbabura","poblacion":476257,"total":54,"acumuladas":165,"lat":0.362678,"lng":-78.130667,"semana":3},{"provincia":"Loja","poblacion":521154,"total":37,"acumuladas":128,"lat":-3.9833330000000005,"lng":-79.2,"semana":3},{"provincia":"Los Ríos","poblacion":921763,"total":79,"acumuladas":257,"lat":-1.8,"lng":-79.533333,"semana":3},{"provincia":"Manabí","poblacion":1562079,"total":139,"acumuladas":454,"lat":-1.056181,"lng":-80.455217,"semana":3},{"provincia":"Morona Santiago","poblacion":196535,"total":7,"acumuladas":27,"lat":-2.3000000000000003,"lng":-78.116667,"semana":3},{"provincia":"Napo","poblacion":133705,"total":14,"acumuladas":33,"lat":-0.989,"lng":-77.8159,"semana":3},{"provincia":"Orellana","poblacion":161338,"total":6,"acumuladas":27,"lat":-0.466667,"lng":-76.966667,"semana":3},{"provincia":"Pastaza","poblacion":114202,"total":12,"acumuladas":22,"lat":-1.066667,"lng":-78.001111,"semana":3},{"provincia":"Pichincha","poblacion":3228233,"total":448,"acumuladas":1203,"lat":-0.218611,"lng":-78.509722,"semana":3},{"provincia":"Santa Elena","poblacion":401178,"total":31,"acumuladas":105,"lat":-2.2267,"lng":-80.8583,"semana":3},{"provincia":"Sto. Domingo Tsáchilas","poblacion":511151,"total":37,"acumuladas":152,"lat":-0.254167,"lng":-79.171944,"semana":3},{"provincia":"Sucumbíos","poblacion":230503,"total":18,"acumuladas":54,"lat":0.08472200000000002,"lng":-76.882778,"semana":3},{"provincia":"Tungurahua","poblacion":590600,"total":120,"acumuladas":319,"lat":-1.241667,"lng":-78.619722,"semana":3},{"provincia":"Zamora Chinchipe","poblacion":120416,"total":5,"acumuladas":22,"lat":-4.12,"lng":-78.8,"semana":3},{"provincia":"Azuay","poblacion":881394,"total":0,"acumuladas":315,"lat":-2.8974140000000004,"lng":-79.004481,"semana":4},{"provincia":"Bolívar","poblacion":209933,"total":1,"acumuladas":81,"lat":-1.6055560000000002,"lng":-79.003056,"semana":4},{"provincia":"Carchi","poblacion":186869,"total":4,"acumuladas":97,"lat":0.81218,"lng":-77.71633,"semana":4},{"provincia":"Cañar","poblacion":281396,"total":0,"acumuladas":84,"lat":-2.733333,"lng":-78.833333,"semana":4},{"provincia":"Chimborazo","poblacion":524004,"total":3,"acumuladas":201,"lat":-1.674347,"lng":-78.648294,"semana":4},{"provincia":"Cotopaxi","poblacion":488716,"total":4,"acumuladas":167,"lat":-0.933333,"lng":-78.616667,"semana":4},{"provincia":"El Oro","poblacion":715751,"total":3,"acumuladas":253,"lat":-3.2666670000000004,"lng":-79.966667,"semana":4},{"provincia":"Esmeraldas","poblacion":591083,"total":1,"acumuladas":93,"lat":1.05,"lng":-79.2,"semana":4},{"provincia":"Galápagos","poblacion":33042,"total":0,"acumuladas":9,"lat":-0.7999999999999999,"lng":-89.4,"semana":4},{"provincia":"Guayas","poblacion":4387434,"total":31,"acumuladas":1760,"lat":-2.183333,"lng":-79.883333,"semana":4},{"provincia":"Imbabura","poblacion":476257,"total":4,"acumuladas":169,"lat":0.362678,"lng":-78.130667,"semana":4},{"provincia":"Loja","poblacion":521154,"total":1,"acumuladas":129,"lat":-3.9833330000000005,"lng":-79.2,"semana":4},{"provincia":"Los Ríos","poblacion":921763,"total":7,"acumuladas":264,"lat":-1.8,"lng":-79.533333,"semana":4},{"provincia":"Manabí","poblacion":1562079,"total":6,"acumuladas":460,"lat":-1.056181,"lng":-80.455217,"semana":4},{"provincia":"Morona Santiago","poblacion":196535,"total":0,"acumuladas":27,"lat":-2.3000000000000003,"lng":-78.116667,"semana":4},{"provincia":"Napo","poblacion":133705,"total":0,"acumuladas":33,"lat":-0.989,"lng":-77.8159,"semana":4},{"provincia":"Orellana","poblacion":161338,"total":1,"acumuladas":28,"lat":-0.466667,"lng":-76.966667,"semana":4},{"provincia":"Pastaza","poblacion":114202,"total":0,"acumuladas":22,"lat":-1.066667,"lng":-78.001111,"semana":4},{"provincia":"Pichincha","poblacion":3228233,"total":21,"acumuladas":1224,"lat":-0.218611,"lng":-78.509722,"semana":4},{"provincia":"Santa Elena","poblacion":401178,"total":2,"acumuladas":107,"lat":-2.2267,"lng":-80.8583,"semana":4},{"provincia":"Sto. Domingo Tsáchilas","poblacion":511151,"total":2,"acumuladas":154,"lat":-0.254167,"lng":-79.171944,"semana":4},{"provincia":"Sucumbíos","poblacion":230503,"total":0,"acumuladas":54,"lat":0.08472200000000002,"lng":-76.882778,"semana":4},{"provincia":"Tungurahua","poblacion":590600,"total":3,"acumuladas":322,"lat":-1.241667,"lng":-78.619722,"semana":4},{"provincia":"Zamora Chinchipe","poblacion":120416,"total":0,"acumuladas":22,"lat":-4.12,"lng":-78.8,"semana":4}]