[{"provincia":"Azuay","poblacion":881394,"total":226,"nuevas":4,"lat":-2.8974140000000004,"lng":-79.004481,"semana":1},{"provincia":"Bolívar","poblacion":209933,"total":73,"nuevas":1,"lat":-1.6055560000000002,"lng":-79.003056,"semana":1},{"provincia":"Carchi","poblacion":186869,"total":130,"nuevas":8,"lat":0.81218,"lng":-77.71633,"semana":1},{"provincia":"Cañar","poblacion":281396,"total":104,"nuevas":1,"lat":-2.733333,"lng":-78.833333,"semana":1},{"provincia":"Chimborazo","poblacion":524004,"total":357,"nuevas":12,"lat":-1.674347,"lng":-78.648294,"semana":1},{"provincia":"Cotopaxi","poblacion":488716,"total":316,"nuevas":4,"lat":-0.933333,"lng":-78.616667,"semana":1},{"provincia":"El Oro","poblacion":715751,"total":577,"nuevas":6,"lat":-3.2666670000000004,"lng":-79.966667,"semana":1},{"provincia":"Esmeraldas","poblacion":591083,"total":242,"nuevas":1,"lat":1.05,"lng":-79.2,"semana":1},{"provincia":"Galápagos","poblacion":33042,"total":6,"nuevas":1,"lat":-0.7999999999999999,"lng":-89.4,"semana":1},{"provincia":"Guayas","poblacion":4387434,"total":1866,"nuevas":7,"lat":-2.183333,"lng":-79.883333,"semana":1},{"provincia":"Imbabura","poblacion":476257,"total":217,"nuevas":3,"lat":0.362678,"lng":-78.130667,"semana":1},{"provincia":"Loja","poblacion":521154,"total":247,"nuevas":1,"lat":-3.9833330000000005,"lng":-79.2,"semana":1},{"provincia":"Los Ríos","poblacion":921763,"total":362,"nuevas":1,"lat":-1.8,"lng":-79.533333,"semana":1},{"provincia":"Manabí","poblacion":1562079,"total":1325,"nuevas":24,"lat":-1.056181,"lng":-80.455217,"semana":1},{"provincia":"Morona Santiago","poblacion":196535,"total":37,"nuevas":1,"lat":-2.3000000000000003,"lng":-78.116667,"semana":1},{"provincia":"Napo","poblacion":133705,"total":78,"nuevas":0,"lat":-0.989,"lng":-77.8159,"semana":1},{"provincia":"Orellana","poblacion":161338,"total":53,"nuevas":0,"lat":-0.466667,"lng":-76.966667,"semana":1},{"provincia":"Pastaza","poblacion":114202,"total":64,"nuevas":1,"lat":-1.066667,"lng":-78.001111,"semana":1},{"provincia":"Pichincha","poblacion":3228233,"total":2033,"nuevas":6,"lat":-0.218611,"lng":-78.509722,"semana":1},{"provincia":"Santa Elena","poblacion":401178,"total":389,"nuevas":4,"lat":-2.2267,"lng":-80.8583,"semana":1},{"provincia":"Sto. Domingo Tsáchilas","poblacion":511151,"total":385,"nuevas":9,"lat":-0.254167,"lng":-79.171944,"semana":1},{"provincia":"Sucumbíos","poblacion":230503,"total":100,"nuevas":2,"lat":0.08472200000000002,"lng":-76.882778,"semana":1},{"provincia":"Tungurahua","poblacion":590600,"total":350,"nuevas":9,"lat":-1.241667,"lng":-78.619722,"semana":1},{"provincia":"Zamora Chinchipe","poblacion":120416,"total":56,"nuevas":0,"lat":-4.12,"lng":-78.8,"semana":1},{"provincia":"Azuay","poblacion":881394,"total":228,"nuevas":2,"lat":-2.8974140000000004,"lng":-79.004481,"semana":2},{"provincia":"Bolívar","poblacion":209933,"total":73,"nuevas":0,"lat":-1.6055560000000002,"lng":-79.003056,"semana":2},{"provincia":"Carchi","poblacion":186869,"total":141,"nuevas":11,"lat":0.81218,"lng":-77.71633,"semana":2},{"provincia":"Cañar","poblacion":281396,"total":105,"nuevas":1,"lat":-2.733333,"lng":-78.833333,"semana":2},{"provincia":"Chimborazo","poblacion":524004,"total":361,"nuevas":4,"lat":-1.674347,"lng":-78.648294,"semana":2},{"provincia":"Cotopaxi","poblacion":488716,"total":326,"nuevas":10,"lat":-0.933333,"lng":-78.616667,"semana":2},{"provincia":"El Oro","poblacion":715751,"total":585,"nuevas":8,"lat":-3.2666670000000004,"lng":-79.966667,"semana":2},{"provincia":"Esmeraldas","poblacion":591083,"total":242,"nuevas":0,"lat":1.05,"lng":-79.2,"semana":2},{"provincia":"Galápagos","poblacion":33042,"total":6,"nuevas":0,"lat":-0.7999999999999999,"lng":-89.4,"semana":2},{"provincia":"Guayas","poblacion":4387434,"total":1870,"nuevas":4,"lat":-2.183333,"lng":-79.883333,"semana":2},{"provincia":"Imbabura","poblacion":476257,"total":222,"nuevas":5,"lat":0.362678,"lng":-78.130667,"semana":2},{"provincia":"Loja","poblacion":521154,"total":247,"nuevas":0,"lat":-3.9833330000000005,"lng":-79.2,"semana":2},{"provincia":"Los Ríos","poblacion":921763,"total":363,"nuevas":1,"lat":-1.8,"lng":-79.533333,"semana":2},{"provincia":"Manabí","poblacion":1562079,"total":1355,"nuevas":30,"lat":-1.056181,"lng":-80.455217,"semana":2},{"provincia":"Morona Santiago","poblacion":196535,"total":37,"nuevas":0,"lat":-2.3000000000000003,"lng":-78.116667,"semana":2},{"provincia":"Napo","poblacion":133705,"total":79,"nuevas":1,"lat":-0.989,"lng":-77.8159,"semana":2},{"provincia":"Orellana","poblacion":161338,"total":53,"nuevas":0,"lat":-0.466667,"lng":-76.966667,"semana":2},{"provincia":"Pastaza","poblacion":114202,"total":65,"nuevas":1,"lat":-1.066667,"lng":-78.001111,"semana":2},{"provincia":"Pichincha","poblacion":3228233,"total":2061,"nuevas":28,"lat":-0.218611,"lng":-78.509722,"semana":2},{"provincia":"Santa Elena","poblacion":401178,"total":392,"nuevas":3,"lat":-2.2267,"lng":-80.8583,"semana":2},{"provincia":"Sto. Domingo Tsáchilas","poblacion":511151,"total":393,"nuevas":8,"lat":-0.254167,"lng":-79.171944,"semana":2},{"provincia":"Sucumbíos","poblacion":230503,"total":101,"nuevas":1,"lat":0.08472200000000002,"lng":-76.882778,"semana":2},{"provincia":"Tungurahua","poblacion":590600,"total":353,"nuevas":3,"lat":-1.241667,"lng":-78.619722,"semana":2},{"provincia":"Zamora Chinchipe","poblacion":120416,"total":56,"nuevas":0,"lat":-4.12,"lng":-78.8,"semana":2},{"provincia":"Azuay","poblacion":881394,"total":249,"nuevas":21,"lat":-2.8974140000000004,"lng":-79.004481,"semana":3},{"provincia":"Bolívar","poblacion":209933,"total":73,"nuevas":0,"lat":-1.6055560000000002,"lng":-79.003056,"semana":3},{"provincia":"Carchi","poblacion":186869,"total":156,"nuevas":15,"lat":0.81218,"lng":-77.71633,"semana":3},{"provincia":"Cañar","poblacion":281396,"total":108,"nuevas":3,"lat":-2.733333,"lng":-78.833333,"semana":3},{"provincia":"Chimborazo","poblacion":524004,"total":366,"nuevas":5,"lat":-1.674347,"lng":-78.648294,"semana":3},{"provincia":"Cotopaxi","poblacion":488716,"total":331,"nuevas":5,"lat":-0.933333,"lng":-78.616667,"semana":3},{"provincia":"El Oro","poblacion":715751,"total":610,"nuevas":25,"lat":-3.2666670000000004,"lng":-79.966667,"semana":3},{"provincia":"Esmeraldas","poblacion":591083,"total":246,"nuevas":4,"lat":1.05,"lng":-79.2,"semana":3},{"provincia":"Galápagos","poblacion":33042,"total":7,"nuevas":1,"lat":-0.7999999999999999,"lng":-89.4,"semana":3},{"provincia":"Guayas","poblacion":4387434,"total":1925,"nuevas":55,"lat":-2.183333,"lng":-79.883333,"semana":3},{"provincia":"Imbabura","poblacion":476257,"total":228,"nuevas":6,"lat":0.362678,"lng":-78.130667,"semana":3},{"provincia":"Loja","poblacion":521154,"total":255,"nuevas":8,"lat":-3.9833330000000005,"lng":-79.2,"semana":3},{"provincia":"Los Ríos","poblacion":921763,"total":365,"nuevas":2,"lat":-1.8,"lng":-79.533333,"semana":3},{"provincia":"Manabí","poblacion":1562079,"total":1378,"nuevas":23,"lat":-1.056181,"lng":-80.455217,"semana":3},{"provincia":"Morona Santiago","poblacion":196535,"total":38,"nuevas":1,"lat":-2.3000000000000003,"lng":-78.116667,"semana":3},{"provincia":"Napo","poblacion":133705,"total":80,"nuevas":1,"lat":-0.989,"lng":-77.8159,"semana":3},{"provincia":"Orellana","poblacion":161338,"total":55,"nuevas":2,"lat":-0.466667,"lng":-76.966667,"semana":3},{"provincia":"Pastaza","poblacion":114202,"total":65,"nuevas":0,"lat":-1.066667,"lng":-78.001111,"semana":3},{"provincia":"Pichincha","poblacion":3228233,"total":2083,"nuevas":22,"lat":-0.218611,"lng":-78.509722,"semana":3},{"provincia":"Santa Elena","poblacion":401178,"total":406,"nuevas":14,"lat":-2.2267,"lng":-80.8583,"semana":3},{"provincia":"Sto. Domingo Tsáchilas","poblacion":511151,"total":401,"nuevas":8,"lat":-0.254167,"lng":-79.171944,"semana":3},{"provincia":"Sucumbíos","poblacion":230503,"total":107,"nuevas":6,"lat":0.08472200000000002,"lng":-76.882778,"semana":3},{"provincia":"Tungurahua","poblacion":590600,"total":380,"nuevas":27,"lat":-1.241667,"lng":-78.619722,"semana":3},{"provincia":"Zamora Chinchipe","poblacion":120416,"total":56,"nuevas":0,"lat":-4.12,"lng":-78.8,"semana":3},{"provincia":"Azuay","poblacion":881394,"total":267,"nuevas":18,"lat":-2.8974140000000004,"lng":-79.004481,"semana":4},{"provincia":"Bolívar","poblacion":209933,"total":75,"nuevas":2,"lat":-1.6055560000000002,"lng":-79.003056,"semana":4},{"provincia":"Carchi","poblacion":186869,"total":166,"nuevas":10,"lat":0.81218,"lng":-77.71633,"semana":4},{"provincia":"Cañar","poblacion":281396,"total":109,"nuevas":1,"lat":-2.733333,"lng":-78.833333,"semana":4},{"provincia":"Chimborazo","poblacion":524004,"total":386,"nuevas":20,"lat":-1.674347,"lng":-78.648294,"semana":4},{"provincia":"Cotopaxi","poblacion":488716,"total":343,"nuevas":12,"lat":-0.933333,"lng":-78.616667,"semana":4},{"provincia":"El Oro","poblacion":715751,"total":631,"nuevas":21,"lat":-3.2666670000000004,"lng":-79.966667,"semana":4},{"provincia":"Esmeraldas","poblacion":591083,"total":247,"nuevas":1,"lat":1.05,"lng":-79.2,"semana":4},{"provincia":"Galápagos","poblacion":33042,"total":8,"nuevas":1,"lat":-0.7999999999999999,"lng":-89.4,"semana":4},{"provincia":"Guayas","poblacion":4387434,"total":1949,"nuevas":24,"lat":-2.183333,"lng":-79.883333,"semana":4},{"provincia":"Imbabura","poblacion":476257,"total":231,"nuevas":3,"lat":0.362678,"lng":-78.130667,"semana":4},{"provincia":"Loja","poblacion":521154,"total":261,"nuevas":6,"lat":-3.9833330000000005,"lng":-79.2,"semana":4},{"provincia":"Los Ríos","poblacion":921763,"total":365,"nuevas":0,"lat":-1.8,"lng":-79.533333,"semana":4},{"provincia":"Manabí","poblacion":1562079,"total":1412,"nuevas":34,"lat":-1.056181,"lng":-80.455217,"semana":4},{"provincia":"Morona Santiago","poblacion":196535,"total":39,"nuevas":1,"lat":-2.3000000000000003,"lng":-78.116667,"semana":4},{"provincia":"Napo","poblacion":133705,"total":80,"nuevas":0,"lat":-0.989,"lng":-77.8159,"semana":4},{"provincia":"Orellana","poblacion":161338,"total":56,"nuevas":1,"lat":-0.466667,"lng":-76.966667,"semana":4},{"provincia":"Pastaza","poblacion":114202,"total":67,"nuevas":2,"lat":-1.066667,"lng":-78.001111,"semana":4},{"provincia":"Pichincha","poblacion":3228233,"total":2108,"nuevas":25,"lat":-0.218611,"lng":-78.509722,"semana":4},{"provincia":"Santa Elena","poblacion":401178,"total":407,"nuevas":1,"lat":-2.2267,"lng":-80.8583,"semana":4},{"provincia":"Sto. Domingo Tsáchilas","poblacion":511151,"total":414,"nuevas":13,"lat":-0.254167,"lng":-79.171944,"semana":4},{"provincia":"Sucumbíos","poblacion":230503,"total":108,"nuevas":1,"lat":0.08472200000000002,"lng":-76.882778,"semana":4},{"provincia":"Tungurahua","poblacion":590600,"total":390,"nuevas":10,"lat":-1.241667,"lng":-78.619722,"semana":4},{"provincia":"Zamora Chinchipe","poblacion":120416,"total":58,"nuevas":2,"lat":-4.12,"lng":-78.8,"semana":4},{"provincia":"Azuay","poblacion":881394,"total":280,"nuevas":13,"lat":-2.8974140000000004,"lng":-79.004481,"semana":5},{"provincia":"Bolívar","poblacion":209933,"total":75,"nuevas":0,"lat":-1.6055560000000002,"lng":-79.003056,"semana":5},{"provincia":"Carchi","poblacion":186869,"total":171,"nuevas":5,"lat":0.81218,"lng":-77.71633,"semana":5},{"provincia":"Cañar","poblacion":281396,"total":109,"nuevas":0,"lat":-2.733333,"lng":-78.833333,"semana":5},{"provincia":"Chimborazo","poblacion":524004,"total":387,"nuevas":1,"lat":-1.674347,"lng":-78.648294,"semana":5},{"provincia":"Cotopaxi","poblacion":488716,"total":353,"nuevas":10,"lat":-0.933333,"lng":-78.616667,"semana":5},{"provincia":"El Oro","poblacion":715751,"total":647,"nuevas":16,"lat":-3.2666670000000004,"lng":-79.966667,"semana":5},{"provincia":"Esmeraldas","poblacion":591083,"total":247,"nuevas":0,"lat":1.05,"lng":-79.2,"semana":5},{"provincia":"Galápagos","poblacion":33042,"total":8,"nuevas":0,"lat":-0.7999999999999999,"lng":-89.4,"semana":5},{"provincia":"Guayas","poblacion":4387434,"total":1959,"nuevas":10,"lat":-2.183333,"lng":-79.883333,"semana":5},{"provincia":"Imbabura","poblacion":476257,"total":236,"nuevas":5,"lat":0.362678,"lng":-78.130667,"semana":5},{"provincia":"Loja","poblacion":521154,"total":273,"nuevas":12,"lat":-3.9833330000000005,"lng":-79.2,"semana":5},{"provincia":"Los Ríos","poblacion":921763,"total":368,"nuevas":3,"lat":-1.8,"lng":-79.533333,"semana":5},{"provincia":"Manabí","poblacion":1562079,"total":1441,"nuevas":29,"lat":-1.056181,"lng":-80.455217,"semana":5},{"provincia":"Morona Santiago","poblacion":196535,"total":41,"nuevas":2,"lat":-2.3000000000000003,"lng":-78.116667,"semana":5},{"provincia":"Napo","poblacion":133705,"total":80,"nuevas":0,"lat":-0.989,"lng":-77.8159,"semana":5},{"provincia":"Orellana","poblacion":161338,"total":57,"nuevas":1,"lat":-0.466667,"lng":-76.966667,"semana":5},{"provincia":"Pastaza","poblacion":114202,"total":67,"nuevas":0,"lat":-1.066667,"lng":-78.001111,"semana":5},{"provincia":"Pichincha","poblacion":3228233,"total":2122,"nuevas":14,"lat":-0.218611,"lng":-78.509722,"semana":5},{"provincia":"Santa Elena","poblacion":401178,"total":408,"nuevas":1,"lat":-2.2267,"lng":-80.8583,"semana":5},{"provincia":"Sto. Domingo Tsáchilas","poblacion":511151,"total":419,"nuevas":5,"lat":-0.254167,"lng":-79.171944,"semana":5},{"provincia":"Sucumbíos","poblacion":230503,"total":108,"nuevas":0,"lat":0.08472200000000002,"lng":-76.882778,"semana":5},{"provincia":"Tungurahua","poblacion":590600,"total":404,"nuevas":14,"lat":-1.241667,"lng":-78.619722,"semana":5},{"provincia":"Zamora Chinchipe","poblacion":120416,"total":58,"nuevas":0,"lat":-4.12,"lng":-78.8,"semana":5},{"provincia":"Azuay","poblacion":881394,"total":297,"nuevas":17,"lat":-2.8974140000000004,"lng":-79.004481,"semana":6},{"provincia":"Bolívar","poblacion":209933,"total":76,"nuevas":1,"lat":-1.6055560000000002,"lng":-79.003056,"semana":6},{"provincia":"Carchi","poblacion":186869,"total":176,"nuevas":5,"lat":0.81218,"lng":-77.71633,"semana":6},{"provincia":"Cañar","poblacion":281396,"total":110,"nuevas":1,"lat":-2.733333,"lng":-78.833333,"semana":6},{"provincia":"Chimborazo","poblacion":524004,"total":392,"nuevas":5,"lat":-1.674347,"lng":-78.648294,"semana":6},{"provincia":"Cotopaxi","poblacion":488716,"total":363,"nuevas":10,"lat":-0.933333,"lng":-78.616667,"semana":6},{"provincia":"El Oro","poblacion":715751,"total":668,"nuevas":21,"lat":-3.2666670000000004,"lng":-79.966667,"semana":6},{"provincia":"Esmeraldas","poblacion":591083,"total":260,"nuevas":13,"lat":1.05,"lng":-79.2,"semana":6},{"provincia":"Galápagos","poblacion":33042,"total":8,"nuevas":0,"lat":-0.7999999999999999,"lng":-89.4,"semana":6},{"provincia":"Guayas","poblacion":4387434,"total":2028,"nuevas":69,"lat":-2.183333,"lng":-79.883333,"semana":6},{"provincia":"Imbabura","poblacion":476257,"total":245,"nuevas":9,"lat":0.362678,"lng":-78.130667,"semana":6},{"provincia":"Loja","poblacion":521154,"total":278,"nuevas":5,"lat":-3.9833330000000005,"lng":-79.2,"semana":6},{"provincia":"Los Ríos","poblacion":921763,"total":375,"nuevas":7,"lat":-1.8,"lng":-79.533333,"semana":6},{"provincia":"Manabí","poblacion":1562079,"total":1495,"nuevas":54,"lat":-1.056181,"lng":-80.455217,"semana":6},{"provincia":"Morona Santiago","poblacion":196535,"total":41,"nuevas":0,"lat":-2.3000000000000003,"lng":-78.116667,"semana":6},{"provincia":"Napo","poblacion":133705,"total":80,"nuevas":0,"lat":-0.989,"lng":-77.8159,"semana":6},{"provincia":"Orellana","poblacion":161338,"total":58,"nuevas":1,"lat":-0.466667,"lng":-76.966667,"semana":6},{"provincia":"Pastaza","poblacion":114202,"total":67,"nuevas":0,"lat":-1.066667,"lng":-78.001111,"semana":6},{"provincia":"Pichincha","poblacion":3228233,"total":2151,"nuevas":29,"lat":-0.218611,"lng":-78.509722,"semana":6},{"provincia":"Santa Elena","poblacion":401178,"total":410,"nuevas":2,"lat":-2.2267,"lng":-80.8583,"semana":6},{"provincia":"Sto. Domingo Tsáchilas","poblacion":511151,"total":432,"nuevas":13,"lat":-0.254167,"lng":-79.171944,"semana":6},{"provincia":"Sucumbíos","poblacion":230503,"total":108,"nuevas":0,"lat":0.08472200000000002,"lng":-76.882778,"semana":6},{"provincia":"Tungurahua","poblacion":590600,"total":423,"nuevas":19,"lat":-1.241667,"lng":-78.619722,"semana":6},{"provincia":"Zamora Chinchipe","poblacion":120416,"total":58,"nuevas":0,"lat":-4.12,"lng":-78.8,"semana":6},{"provincia":"Azuay","poblacion":881394,"total":300,"nuevas":3,"lat":-2.8974140000000004,"lng":-79.004481,"semana":7},{"provincia":"Bolívar","poblacion":209933,"total":77,"nuevas":1,"lat":-1.6055560000000002,"lng":-79.003056,"semana":7},{"provincia":"Carchi","poblacion":186869,"total":183,"nuevas":7,"lat":0.81218,"lng":-77.71633,"semana":7},{"provincia":"Cañar","poblacion":281396,"total":110,"nuevas":0,"lat":-2.733333,"lng":-78.833333,"semana":7},{"provincia":"Chimborazo","poblacion":524004,"total":394,"nuevas":2,"lat":-1.674347,"lng":-78.648294,"semana":7},{"provincia":"Cotopaxi","poblacion":488716,"total":373,"nuevas":10,"lat":-0.933333,"lng":-78.616667,"semana":7},{"provincia":"El Oro","poblacion":715751,"total":710,"nuevas":42,"lat":-3.2666670000000004,"lng":-79.966667,"semana":7},{"provincia":"Esmeraldas","poblacion":591083,"total":264,"nuevas":4,"lat":1.05,"lng":-79.2,"semana":7},{"provincia":"Galápagos","poblacion":33042,"total":8,"nuevas":0,"lat":-0.7999999999999999,"lng":-89.4,"semana":7},{"provincia":"Guayas","poblacion":4387434,"total":2055,"nuevas":27,"lat":-2.183333,"lng":-79.883333,"semana":7},{"provincia":"Imbabura","poblacion":476257,"total":247,"nuevas":2,"lat":0.362678,"lng":-78.130667,"semana":7},{"provincia":"Loja","poblacion":521154,"total":284,"nuevas":6,"lat":-3.9833330000000005,"lng":-79.2,"semana":7},{"provincia":"Los Ríos","poblacion":921763,"total":378,"nuevas":3,"lat":-1.8,"lng":-79.533333,"semana":7},{"provincia":"Manabí","poblacion":1562079,"total":1534,"nuevas":39,"lat":-1.056181,"lng":-80.455217,"semana":7},{"provincia":"Morona Santiago","poblacion":196535,"total":41,"nuevas":0,"lat":-2.3000000000000003,"lng":-78.116667,"semana":7},{"provincia":"Napo","poblacion":133705,"total":80,"nuevas":0,"lat":-0.989,"lng":-77.8159,"semana":7},{"provincia":"Orellana","poblacion":161338,"total":58,"nuevas":0,"lat":-0.466667,"lng":-76.966667,"semana":7},{"provincia":"Pastaza","poblacion":114202,"total":67,"nuevas":0,"lat":-1.066667,"lng":-78.001111,"semana":7},{"provincia":"Pichincha","poblacion":3228233,"total":2178,"nuevas":27,"lat":-0.218611,"lng":-78.509722,"semana":7},{"provincia":"Santa Elena","poblacion":401178,"total":410,"nuevas":0,"lat":-2.2267,"lng":-80.8583,"semana":7},{"provincia":"Sto. Domingo Tsáchilas","poblacion":511151,"total":448,"nuevas":16,"lat":-0.254167,"lng":-79.171944,"semana":7},{"provincia":"Sucumbíos","poblacion":230503,"total":108,"nuevas":0,"lat":0.08472200000000002,"lng":-76.882778,"semana":7},{"provincia":"Tungurahua","poblacion":590600,"total":430,"nuevas":7,"lat":-1.241667,"lng":-78.619722,"semana":7},{"provincia":"Zamora Chinchipe","poblacion":120416,"total":59,"nuevas":1,"lat":-4.12,"lng":-78.8,"semana":7},{"provincia":"Azuay","poblacion":881394,"total":305,"nuevas":5,"lat":-2.8974140000000004,"lng":-79.004481,"semana":8},{"provincia":"Bolívar","poblacion":209933,"total":81,"nuevas":4,"lat":-1.6055560000000002,"lng":-79.003056,"semana":8},{"provincia":"Carchi","poblacion":186869,"total":187,"nuevas":4,"lat":0.81218,"lng":-77.71633,"semana":8},{"provincia":"Cañar","poblacion":281396,"total":112,"nuevas":2,"lat":-2.733333,"lng":-78.833333,"semana":8},{"provincia":"Chimborazo","poblacion":524004,"total":398,"nuevas":4,"lat":-1.674347,"lng":-78.648294,"semana":8},{"provincia":"Cotopaxi","poblacion":488716,"total":388,"nuevas":15,"lat":-0.933333,"lng":-78.616667,"semana":8},{"provincia":"El Oro","poblacion":715751,"total":721,"nuevas":11,"lat":-3.2666670000000004,"lng":-79.966667,"semana":8},{"provincia":"Esmeraldas","poblacion":591083,"total":267,"nuevas":3,"lat":1.05,"lng":-79.2,"semana":8},{"provincia":"Galápagos","poblacion":33042,"total":8,"nuevas":0,"lat":-0.7999999999999999,"lng":-89.4,"semana":8},{"provincia":"Guayas","poblacion":4387434,"total":2070,"nuevas":15,"lat":-2.183333,"lng":-79.883333,"semana":8},{"provincia":"Imbabura","poblacion":476257,"total":258,"nuevas":11,"lat":0.362678,"lng":-78.130667,"semana":8},{"provincia":"Loja","poblacion":521154,"total":291,"nuevas":7,"lat":-3.9833330000000005,"lng":-79.2,"semana":8},{"provincia":"Los Ríos","poblacion":921763,"total":380,"nuevas":2,"lat":-1.8,"lng":-79.533333,"semana":8},{"provincia":"Manabí","poblacion":1562079,"total":1573,"nuevas":39,"lat":-1.056181,"lng":-80.455217,"semana":8},{"provincia":"Morona Santiago","poblacion":196535,"total":41,"nuevas":0,"lat":-2.3000000000000003,"lng":-78.116667,"semana":8},{"provincia":"Napo","poblacion":133705,"total":84,"nuevas":4,"lat":-0.989,"lng":-77.8159,"semana":8},{"provincia":"Orellana","poblacion":161338,"total":59,"nuevas":1,"lat":-0.466667,"lng":-76.966667,"semana":8},{"provincia":"Pastaza","poblacion":114202,"total":67,"nuevas":0,"lat":-1.066667,"lng":-78.001111,"semana":8},{"provincia":"Pichincha","poblacion":3228233,"total":2296,"nuevas":118,"lat":-0.218611,"lng":-78.509722,"semana":8},{"provincia":"Santa Elena","poblacion":401178,"total":410,"nuevas":0,"lat":-2.2267,"lng":-80.8583,"semana":8},{"provincia":"Sto. Domingo Tsáchilas","poblacion":511151,"total":461,"nuevas":13,"lat":-0.254167,"lng":-79.171944,"semana":8},{"provincia":"Sucumbíos","poblacion":230503,"total":109,"nuevas":1,"lat":0.08472200000000002,"lng":-76.882778,"semana":8},{"provincia":"Tungurahua","poblacion":590600,"total":432,"nuevas":2,"lat":-1.241667,"lng":-78.619722,"semana":8},{"provincia":"Zamora Chinchipe","poblacion":120416,"total":60,"nuevas":1,"lat":-4.12,"lng":-78.8,"semana":8},{"provincia":"Azuay","poblacion":881394,"total":316,"nuevas":11,"lat":-2.8974140000000004,"lng":-79.004481,"semana":9},{"provincia":"Bolívar","poblacion":209933,"total":82,"nuevas":1,"lat":-1.6055560000000002,"lng":-79.003056,"semana":9},{"provincia":"Carchi","poblacion":186869,"total":194,"nuevas":7,"lat":0.81218,"lng":-77.71633,"semana":9},{"provincia":"Cañar","poblacion":281396,"total":112,"nuevas":0,"lat":-2.733333,"lng":-78.833333,"semana":9},{"provincia":"Chimborazo","poblacion":524004,"total":401,"nuevas":3,"lat":-1.674347,"lng":-78.648294,"semana":9},{"provincia":"Cotopaxi","poblacion":488716,"total":390,"nuevas":2,"lat":-0.933333,"lng":-78.616667,"semana":9},{"provincia":"El Oro","poblacion":715751,"total":727,"nuevas":6,"lat":-3.2666670000000004,"lng":-79.966667,"semana":9},{"provincia":"Esmeraldas","poblacion":591083,"total":276,"nuevas":9,"lat":1.05,"lng":-79.2,"semana":9},{"provincia":"Galápagos","poblacion":33042,"total":8,"nuevas":0,"lat":-0.7999999999999999,"lng":-89.4,"semana":9},{"provincia":"Guayas","poblacion":4387434,"total":2084,"nuevas":14,"lat":-2.183333,"lng":-79.883333,"semana":9},{"provincia":"Imbabura","poblacion":476257,"total":264,"nuevas":6,"lat":0.362678,"lng":-78.130667,"semana":9},{"provincia":"Loja","poblacion":521154,"total":303,"nuevas":12,"lat":-3.9833330000000005,"lng":-79.2,"semana":9},{"provincia":"Los Ríos","poblacion":921763,"total":393,"nuevas":13,"lat":-1.8,"lng":-79.533333,"semana":9},{"provincia":"Manabí","poblacion":1562079,"total":1614,"nuevas":41,"lat":-1.056181,"lng":-80.455217,"semana":9},{"provincia":"Morona Santiago","poblacion":196535,"total":45,"nuevas":4,"lat":-2.3000000000000003,"lng":-78.116667,"semana":9},{"provincia":"Napo","poblacion":133705,"total":84,"nuevas":0,"lat":-0.989,"lng":-77.8159,"semana":9},{"provincia":"Orellana","poblacion":161338,"total":59,"nuevas":0,"lat":-0.466667,"lng":-76.966667,"semana":9},{"provincia":"Pastaza","poblacion":114202,"total":67,"nuevas":0,"lat":-1.066667,"lng":-78.001111,"semana":9},{"provincia":"Pichincha","poblacion":3228233,"total":2344,"nuevas":48,"lat":-0.218611,"lng":-78.509722,"semana":9},{"provincia":"Santa Elena","poblacion":401178,"total":410,"nuevas":0,"lat":-2.2267,"lng":-80.8583,"semana":9},{"provincia":"Sto. Domingo Tsáchilas","poblacion":511151,"total":480,"nuevas":19,"lat":-0.254167,"lng":-79.171944,"semana":9},{"provincia":"Sucumbíos","poblacion":230503,"total":110,"nuevas":1,"lat":0.08472200000000002,"lng":-76.882778,"semana":9},{"provincia":"Tungurahua","poblacion":590600,"total":432,"nuevas":0,"lat":-1.241667,"lng":-78.619722,"semana":9},{"provincia":"Zamora Chinchipe","poblacion":120416,"total":63,"nuevas":3,"lat":-4.12,"lng":-78.8,"semana":9},{"provincia":"Azuay","poblacion":881394,"total":321,"nuevas":5,"lat":-2.8974140000000004,"lng":-79.004481,"semana":10},{"provincia":"Bolívar","poblacion":209933,"total":83,"nuevas":1,"lat":-1.6055560000000002,"lng":-79.003056,"semana":10},{"provincia":"Carchi","poblacion":186869,"total":197,"nuevas":3,"lat":0.81218,"lng":-77.71633,"semana":10},{"provincia":"Cañar","poblacion":281396,"total":113,"nuevas":1,"lat":-2.733333,"lng":-78.833333,"semana":10},{"provincia":"Chimborazo","poblacion":524004,"total":402,"nuevas":1,"lat":-1.674347,"lng":-78.648294,"semana":10},{"provincia":"Cotopaxi","poblacion":488716,"total":392,"nuevas":2,"lat":-0.933333,"lng":-78.616667,"semana":10},{"provincia":"El Oro","poblacion":715751,"total":737,"nuevas":10,"lat":-3.2666670000000004,"lng":-79.966667,"semana":10},{"provincia":"Esmeraldas","poblacion":591083,"total":277,"nuevas":1,"lat":1.05,"lng":-79.2,"semana":10},{"provincia":"Galápagos","poblacion":33042,"total":8,"nuevas":0,"lat":-0.7999999999999999,"lng":-89.4,"semana":10},{"provincia":"Guayas","poblacion":4387434,"total":2099,"nuevas":15,"lat":-2.183333,"lng":-79.883333,"semana":10},{"provincia":"Imbabura","poblacion":476257,"total":272,"nuevas":8,"lat":0.362678,"lng":-78.130667,"semana":10},{"provincia":"Loja","poblacion":521154,"total":319,"nuevas":16,"lat":-3.9833330000000005,"lng":-79.2,"semana":10},{"provincia":"Los Ríos","poblacion":921763,"total":395,"nuevas":2,"lat":-1.8,"lng":-79.533333,"semana":10},{"provincia":"Manabí","poblacion":1562079,"total":1659,"nuevas":45,"lat":-1.056181,"lng":-80.455217,"semana":10},{"provincia":"Morona Santiago","poblacion":196535,"total":47,"nuevas":2,"lat":-2.3000000000000003,"lng":-78.116667,"semana":10},{"provincia":"Napo","poblacion":133705,"total":87,"nuevas":3,"lat":-0.989,"lng":-77.8159,"semana":10},{"provincia":"Orellana","poblacion":161338,"total":61,"nuevas":2,"lat":-0.466667,"lng":-76.966667,"semana":10},{"provincia":"Pastaza","poblacion":114202,"total":69,"nuevas":2,"lat":-1.066667,"lng":-78.001111,"semana":10},{"provincia":"Pichincha","poblacion":3228233,"total":2396,"nuevas":52,"lat":-0.218611,"lng":-78.509722,"semana":10},{"provincia":"Santa Elena","poblacion":401178,"total":410,"nuevas":0,"lat":-2.2267,"lng":-80.8583,"semana":10},{"provincia":"Sto. Domingo Tsáchilas","poblacion":511151,"total":490,"nuevas":10,"lat":-0.254167,"lng":-79.171944,"semana":10},{"provincia":"Sucumbíos","poblacion":230503,"total":113,"nuevas":3,"lat":0.08472200000000002,"lng":-76.882778,"semana":10},{"provincia":"Tungurahua","poblacion":590600,"total":433,"nuevas":1,"lat":-1.241667,"lng":-78.619722,"semana":10},{"provincia":"Zamora Chinchipe","poblacion":120416,"total":66,"nuevas":3,"lat":-4.12,"lng":-78.8,"semana":10},{"provincia":"Azuay","poblacion":881394,"total":324,"nuevas":3,"lat":-2.8974140000000004,"lng":-79.004481,"semana":11},{"provincia":"Bolívar","poblacion":209933,"total":84,"nuevas":1,"lat":-1.6055560000000002,"lng":-79.003056,"semana":11},{"provincia":"Carchi","poblacion":186869,"total":200,"nuevas":3,"lat":0.81218,"lng":-77.71633,"semana":11},{"provincia":"Cañar","poblacion":281396,"total":114,"nuevas":1,"lat":-2.733333,"lng":-78.833333,"semana":11},{"provincia":"Chimborazo","poblacion":524004,"total":404,"nuevas":2,"lat":-1.674347,"lng":-78.648294,"semana":11},{"provincia":"Cotopaxi","poblacion":488716,"total":394,"nuevas":2,"lat":-0.933333,"lng":-78.616667,"semana":11},{"provincia":"El Oro","poblacion":715751,"total":756,"nuevas":19,"lat":-3.2666670000000004,"lng":-79.966667,"semana":11},{"provincia":"Esmeraldas","poblacion":591083,"total":288,"nuevas":11,"lat":1.05,"lng":-79.2,"semana":11},{"provincia":"Galápagos","poblacion":33042,"total":9,"nuevas":1,"lat":-0.7999999999999999,"lng":-89.4,"semana":11},{"provincia":"Guayas","poblacion":4387434,"total":2109,"nuevas":10,"lat":-2.183333,"lng":-79.883333,"semana":11},{"provincia":"Imbabura","poblacion":476257,"total":275,"nuevas":3,"lat":0.362678,"lng":-78.130667,"semana":11},{"provincia":"Loja","poblacion":521154,"total":332,"nuevas":13,"lat":-3.9833330000000005,"lng":-79.2,"semana":11},{"provincia":"Los Ríos","poblacion":921763,"total":396,"nuevas":1,"lat":-1.8,"lng":-79.533333,"semana":11},{"provincia":"Manabí","poblacion":1562079,"total":1701,"nuevas":42,"lat":-1.056181,"lng":-80.455217,"semana":11},{"provincia":"Morona Santiago","poblacion":196535,"total":47,"nuevas":0,"lat":-2.3000000000000003,"lng":-78.116667,"semana":11},{"provincia":"Napo","poblacion":133705,"total":90,"nuevas":3,"lat":-0.989,"lng":-77.8159,"semana":11},{"provincia":"Orellana","poblacion":161338,"total":62,"nuevas":1,"lat":-0.466667,"lng":-76.966667,"semana":11},{"provincia":"Pastaza","poblacion":114202,"total":72,"nuevas":3,"lat":-1.066667,"lng":-78.001111,"semana":11},{"provincia":"Pichincha","poblacion":3228233,"total":2446,"nuevas":50,"lat":-0.218611,"lng":-78.509722,"semana":11},{"provincia":"Santa Elena","poblacion":401178,"total":410,"nuevas":0,"lat":-2.2267,"lng":-80.8583,"semana":11},{"provincia":"Sto. Domingo Tsáchilas","poblacion":511151,"total":501,"nuevas":11,"lat":-0.254167,"lng":-79.171944,"semana":11},{"provincia":"Sucumbíos","poblacion":230503,"total":119,"nuevas":6,"lat":0.08472200000000002,"lng":-76.882778,"semana":11},{"provincia":"Tungurahua","poblacion":590600,"total":437,"nuevas":4,"lat":-1.241667,"lng":-78.619722,"semana":11},{"provincia":"Zamora Chinchipe","poblacion":120416,"total":67,"nuevas":1,"lat":-4.12,"lng":-78.8,"semana":11},{"provincia":"Azuay","poblacion":881394,"total":338,"nuevas":14,"lat":-2.8974140000000004,"lng":-79.004481,"semana":12},{"provincia":"Bolívar","poblacion":209933,"total":85,"nuevas":1,"lat":-1.6055560000000002,"lng":-79.003056,"semana":12},{"provincia":"Carchi","poblacion":186869,"total":207,"nuevas":7,"lat":0.81218,"lng":-77.71633,"semana":12},{"provincia":"Cañar","poblacion":281396,"total":116,"nuevas":2,"lat":-2.733333,"lng":-78.833333,"semana":12},{"provincia":"Chimborazo","poblacion":524004,"total":408,"nuevas":4,"lat":-1.674347,"lng":-78.648294,"semana":12},{"provincia":"Cotopaxi","poblacion":488716,"total":397,"nuevas":3,"lat":-0.933333,"lng":-78.616667,"semana":12},{"provincia":"El Oro","poblacion":715751,"total":770,"nuevas":14,"lat":-3.2666670000000004,"lng":-79.966667,"semana":12},{"provincia":"Esmeraldas","poblacion":591083,"total":302,"nuevas":14,"lat":1.05,"lng":-79.2,"semana":12},{"provincia":"Galápagos","poblacion":33042,"total":9,"nuevas":0,"lat":-0.7999999999999999,"lng":-89.4,"semana":12},{"provincia":"Guayas","poblacion":4387434,"total":2132,"nuevas":23,"lat":-2.183333,"lng":-79.883333,"semana":12},{"provincia":"Imbabura","poblacion":476257,"total":280,"nuevas":5,"lat":0.362678,"lng":-78.130667,"semana":12},{"provincia":"Loja","poblacion":521154,"total":347,"nuevas":15,"lat":-3.9833330000000005,"lng":-79.2,"semana":12},{"provincia":"Los Ríos","poblacion":921763,"total":407,"nuevas":11,"lat":-1.8,"lng":-79.533333,"semana":12},{"provincia":"Manabí","poblacion":1562079,"total":1767,"nuevas":66,"lat":-1.056181,"lng":-80.455217,"semana":12},{"provincia":"Morona Santiago","poblacion":196535,"total":48,"nuevas":1,"lat":-2.3000000000000003,"lng":-78.116667,"semana":12},{"provincia":"Napo","poblacion":133705,"total":90,"nuevas":0,"lat":-0.989,"lng":-77.8159,"semana":12},{"provincia":"Orellana","poblacion":161338,"total":62,"nuevas":0,"lat":-0.466667,"lng":-76.966667,"semana":12},{"provincia":"Pastaza","poblacion":114202,"total":72,"nuevas":0,"lat":-1.066667,"lng":-78.001111,"semana":12},{"provincia":"Pichincha","poblacion":3228233,"total":2474,"nuevas":28,"lat":-0.218611,"lng":-78.509722,"semana":12},{"provincia":"Santa Elena","poblacion":401178,"total":410,"nuevas":0,"lat":-2.2267,"lng":-80.8583,"semana":12},{"provincia":"Sto. Domingo Tsáchilas","poblacion":511151,"total":522,"nuevas":21,"lat":-0.254167,"lng":-79.171944,"semana":12},{"provincia":"Sucumbíos","poblacion":230503,"total":123,"nuevas":4,"lat":0.08472200000000002,"lng":-76.882778,"semana":12},{"provincia":"Tungurahua","poblacion":590600,"total":437,"nuevas":0,"lat":-1.241667,"lng":-78.619722,"semana":12},{"provincia":"Zamora Chinchipe","poblacion":120416,"total":69,"nuevas":2,"lat":-4.12,"lng":-78.8,"semana":12},{"provincia":"Azuay","poblacion":881394,"total":344,"nuevas":6,"lat":-2.8974140000000004,"lng":-79.004481,"semana":13},{"provincia":"Bolívar","poblacion":209933,"total":87,"nuevas":2,"lat":-1.6055560000000002,"lng":-79.003056,"semana":13},{"provincia":"Carchi","poblacion":186869,"total":212,"nuevas":5,"lat":0.81218,"lng":-77.71633,"semana":13},{"provincia":"Cañar","poblacion":281396,"total":118,"nuevas":2,"lat":-2.733333,"lng":-78.833333,"semana":13},{"provincia":"Chimborazo","poblacion":524004,"total":409,"nuevas":1,"lat":-1.674347,"lng":-78.648294,"semana":13},{"provincia":"Cotopaxi","poblacion":488716,"total":401,"nuevas":4,"lat":-0.933333,"lng":-78.616667,"semana":13},{"provincia":"El Oro","poblacion":715751,"total":788,"nuevas":18,"lat":-3.2666670000000004,"lng":-79.966667,"semana":13},{"provincia":"Esmeraldas","poblacion":591083,"total":303,"nuevas":1,"lat":1.05,"lng":-79.2,"semana":13},{"provincia":"Galápagos","poblacion":33042,"total":9,"nuevas":0,"lat":-0.7999999999999999,"lng":-89.4,"semana":13},{"provincia":"Guayas","poblacion":4387434,"total":2146,"nuevas":14,"lat":-2.183333,"lng":-79.883333,"semana":13},{"provincia":"Imbabura","poblacion":476257,"total":290,"nuevas":10,"lat":0.362678,"lng":-78.130667,"semana":13},{"provincia":"Loja","poblacion":521154,"total":372,"nuevas":25,"lat":-3.9833330000000005,"lng":-79.2,"semana":13},{"provincia":"Los Ríos","poblacion":921763,"total":412,"nuevas":5,"lat":-1.8,"lng":-79.533333,"semana":13},{"provincia":"Manabí","poblacion":1562079,"total":1808,"nuevas":41,"lat":-1.056181,"lng":-80.455217,"semana":13},{"provincia":"Morona Santiago","poblacion":196535,"total":49,"nuevas":1,"lat":-2.3000000000000003,"lng":-78.116667,"semana":13},{"provincia":"Napo","poblacion":133705,"total":91,"nuevas":1,"lat":-0.989,"lng":-77.8159,"semana":13},{"provincia":"Orellana","poblacion":161338,"total":63,"nuevas":1,"lat":-0.466667,"lng":-76.966667,"semana":13},{"provincia":"Pastaza","poblacion":114202,"total":73,"nuevas":1,"lat":-1.066667,"lng":-78.001111,"semana":13},{"provincia":"Pichincha","poblacion":3228233,"total":2507,"nuevas":33,"lat":-0.218611,"lng":-78.509722,"semana":13},{"provincia":"Santa Elena","poblacion":401178,"total":410,"nuevas":0,"lat":-2.2267,"lng":-80.8583,"semana":13},{"provincia":"Sto. Domingo Tsáchilas","poblacion":511151,"total":534,"nuevas":12,"lat":-0.254167,"lng":-79.171944,"semana":13},{"provincia":"Sucumbíos","poblacion":230503,"total":127,"nuevas":4,"lat":0.08472200000000002,"lng":-76.882778,"semana":13},{"provincia":"Tungurahua","poblacion":590600,"total":437,"nuevas":0,"lat":-1.241667,"lng":-78.619722,"semana":13},{"provincia":"Zamora Chinchipe","poblacion":120416,"total":70,"nuevas":1,"lat":-4.12,"lng":-78.8,"semana":13},{"provincia":"Azuay","poblacion":881394,"total":355,"nuevas":11,"lat":-2.8974140000000004,"lng":-79.004481,"semana":14},{"provincia":"Bolívar","poblacion":209933,"total":88,"nuevas":1,"lat":-1.6055560000000002,"lng":-79.003056,"semana":14},{"provincia":"Carchi","poblacion":186869,"total":219,"nuevas":7,"lat":0.81218,"lng":-77.71633,"semana":14},{"provincia":"Cañar","poblacion":281396,"total":121,"nuevas":3,"lat":-2.733333,"lng":-78.833333,"semana":14},{"provincia":"Chimborazo","poblacion":524004,"total":413,"nuevas":4,"lat":-1.674347,"lng":-78.648294,"semana":14},{"provincia":"Cotopaxi","poblacion":488716,"total":405,"nuevas":4,"lat":-0.933333,"lng":-78.616667,"semana":14},{"provincia":"El Oro","poblacion":715751,"total":818,"nuevas":30,"lat":-3.2666670000000004,"lng":-79.966667,"semana":14},{"provincia":"Esmeraldas","poblacion":591083,"total":317,"nuevas":14,"lat":1.05,"lng":-79.2,"semana":14},{"provincia":"Galápagos","poblacion":33042,"total":9,"nuevas":0,"lat":-0.7999999999999999,"lng":-89.4,"semana":14},{"provincia":"Guayas","poblacion":4387434,"total":2161,"nuevas":15,"lat":-2.183333,"lng":-79.883333,"semana":14},{"provincia":"Imbabura","poblacion":476257,"total":298,"nuevas":8,"lat":0.362678,"lng":-78.130667,"semana":14},{"provincia":"Loja","poblacion":521154,"total":395,"nuevas":23,"lat":-3.9833330000000005,"lng":-79.2,"semana":14},{"provincia":"Los Ríos","poblacion":921763,"total":417,"nuevas":5,"lat":-1.8,"lng":-79.533333,"semana":14},{"provincia":"Manabí","poblacion":1562079,"total":1878,"nuevas":70,"lat":-1.056181,"lng":-80.455217,"semana":14},{"provincia":"Morona Santiago","poblacion":196535,"total":50,"nuevas":1,"lat":-2.3000000000000003,"lng":-78.116667,"semana":14},{"provincia":"Napo","poblacion":133705,"total":91,"nuevas":0,"lat":-0.989,"lng":-77.8159,"semana":14},{"provincia":"Orellana","poblacion":161338,"total":65,"nuevas":2,"lat":-0.466667,"lng":-76.966667,"semana":14},{"provincia":"Pastaza","poblacion":114202,"total":73,"nuevas":0,"lat":-1.066667,"lng":-78.001111,"semana":14},{"provincia":"Pichincha","poblacion":3228233,"total":2587,"nuevas":80,"lat":-0.218611,"lng":-78.509722,"semana":14},{"provincia":"Santa Elena","poblacion":401178,"total":410,"nuevas":0,"lat":-2.2267,"lng":-80.8583,"semana":14},{"provincia":"Sto. Domingo Tsáchilas","poblacion":511151,"total":553,"nuevas":19,"lat":-0.254167,"lng":-79.171944,"semana":14},{"provincia":"Sucumbíos","poblacion":230503,"total":132,"nuevas":5,"lat":0.08472200000000002,"lng":-76.882778,"semana":14},{"provincia":"Tungurahua","poblacion":590600,"total":439,"nuevas":2,"lat":-1.241667,"lng":-78.619722,"semana":14},{"provincia":"Zamora Chinchipe","poblacion":120416,"total":76,"nuevas":6,"lat":-4.12,"lng":-78.8,"semana":14},{"provincia":"Azuay","poblacion":881394,"total":358,"nuevas":3,"lat":-2.8974140000000004,"lng":-79.004481,"semana":15},{"provincia":"Bolívar","poblacion":209933,"total":92,"nuevas":4,"lat":-1.6055560000000002,"lng":-79.003056,"semana":15},{"provincia":"Carchi","poblacion":186869,"total":219,"nuevas":0,"lat":0.81218,"lng":-77.71633,"semana":15},{"provincia":"Cañar","poblacion":281396,"total":122,"nuevas":1,"lat":-2.733333,"lng":-78.833333,"semana":15},{"provincia":"Chimborazo","poblacion":524004,"total":416,"nuevas":3,"lat":-1.674347,"lng":-78.648294,"semana":15},{"provincia":"Cotopaxi","poblacion":488716,"total":407,"nuevas":2,"lat":-0.933333,"lng":-78.616667,"semana":15},{"provincia":"El Oro","poblacion":715751,"total":842,"nuevas":24,"lat":-3.2666670000000004,"lng":-79.966667,"semana":15},{"provincia":"Esmeraldas","poblacion":591083,"total":324,"nuevas":7,"lat":1.05,"lng":-79.2,"semana":15},{"provincia":"Galápagos","poblacion":33042,"total":9,"nuevas":0,"lat":-0.7999999999999999,"lng":-89.4,"semana":15},{"provincia":"Guayas","poblacion":4387434,"total":2243,"nuevas":82,"lat":-2.183333,"lng":-79.883333,"semana":15},{"provincia":"Imbabura","poblacion":476257,"total":310,"nuevas":12,"lat":0.362678,"lng":-78.130667,"semana":15},{"provincia":"Loja","poblacion":521154,"total":419,"nuevas":24,"lat":-3.9833330000000005,"lng":-79.2,"semana":15},{"provincia":"Los Ríos","poblacion":921763,"total":428,"nuevas":11,"lat":-1.8,"lng":-79.533333,"semana":15},{"provincia":"Manabí","poblacion":1562079,"total":1932,"nuevas":54,"lat":-1.056181,"lng":-80.455217,"semana":15},{"provincia":"Morona Santiago","poblacion":196535,"total":53,"nuevas":3,"lat":-2.3000000000000003,"lng":-78.116667,"semana":15},{"provincia":"Napo","poblacion":133705,"total":92,"nuevas":1,"lat":-0.989,"lng":-77.8159,"semana":15},{"provincia":"Orellana","poblacion":161338,"total":65,"nuevas":0,"lat":-0.466667,"lng":-76.966667,"semana":15},{"provincia":"Pastaza","poblacion":114202,"total":74,"nuevas":1,"lat":-1.066667,"lng":-78.001111,"semana":15},{"provincia":"Pichincha","poblacion":3228233,"total":2677,"nuevas":90,"lat":-0.218611,"lng":-78.509722,"semana":15},{"provincia":"Santa Elena","poblacion":401178,"total":410,"nuevas":0,"lat":-2.2267,"lng":-80.8583,"semana":15},{"provincia":"Sto. Domingo Tsáchilas","poblacion":511151,"total":570,"nuevas":17,"lat":-0.254167,"lng":-79.171944,"semana":15},{"provincia":"Sucumbíos","poblacion":230503,"total":137,"nuevas":5,"lat":0.08472200000000002,"lng":-76.882778,"semana":15},{"provincia":"Tungurahua","poblacion":590600,"total":440,"nuevas":1,"lat":-1.241667,"lng":-78.619722,"semana":15},{"provincia":"Zamora Chinchipe","poblacion":120416,"total":81,"nuevas":5,"lat":-4.12,"lng":-78.8,"semana":15},{"provincia":"Azuay","poblacion":881394,"total":372,"nuevas":14,"lat":-2.8974140000000004,"lng":-79.004481,"semana":16},{"provincia":"Bolívar","poblacion":209933,"total":98,"nuevas":6,"lat":-1.6055560000000002,"lng":-79.003056,"semana":16},{"provincia":"Carchi","poblacion":186869,"total":228,"nuevas":9,"lat":0.81218,"lng":-77.71633,"semana":16},{"provincia":"Cañar","poblacion":281396,"total":125,"nuevas":3,"lat":-2.733333,"lng":-78.833333,"semana":16},{"provincia":"Chimborazo","poblacion":524004,"total":417,"nuevas":1,"lat":-1.674347,"lng":-78.648294,"semana":16},{"provincia":"Cotopaxi","poblacion":488716,"total":413,"nuevas":6,"lat":-0.933333,"lng":-78.616667,"semana":16},{"provincia":"El Oro","poblacion":715751,"total":871,"nuevas":29,"lat":-3.2666670000000004,"lng":-79.966667,"semana":16},{"provincia":"Esmeraldas","poblacion":591083,"total":344,"nuevas":20,"lat":1.05,"lng":-79.2,"semana":16},{"provincia":"Galápagos","poblacion":33042,"total":9,"nuevas":0,"lat":-0.7999999999999999,"lng":-89.4,"semana":16},{"provincia":"Guayas","poblacion":4387434,"total":2310,"nuevas":67,"lat":-2.183333,"lng":-79.883333,"semana":16},{"provincia":"Imbabura","poblacion":476257,"total":327,"nuevas":17,"lat":0.362678,"lng":-78.130667,"semana":16},{"provincia":"Loja","poblacion":521154,"total":453,"nuevas":34,"lat":-3.9833330000000005,"lng":-79.2,"semana":16},{"provincia":"Los Ríos","poblacion":921763,"total":431,"nuevas":3,"lat":-1.8,"lng":-79.533333,"semana":16},{"provincia":"Manabí","poblacion":1562079,"total":2030,"nuevas":98,"lat":-1.056181,"lng":-80.455217,"semana":16},{"provincia":"Morona Santiago","poblacion":196535,"total":54,"nuevas":1,"lat":-2.3000000000000003,"lng":-78.116667,"semana":16},{"provincia":"Napo","poblacion":133705,"total":94,"nuevas":2,"lat":-0.989,"lng":-77.8159,"semana":16},{"provincia":"Orellana","poblacion":161338,"total":66,"nuevas":1,"lat":-0.466667,"lng":-76.966667,"semana":16},{"provincia":"Pastaza","poblacion":114202,"total":74,"nuevas":0,"lat":-1.066667,"lng":-78.001111,"semana":16},{"provincia":"Pichincha","poblacion":3228233,"total":2711,"nuevas":34,"lat":-0.218611,"lng":-78.509722,"semana":16},{"provincia":"Santa Elena","poblacion":401178,"total":410,"nuevas":0,"lat":-2.2267,"lng":-80.8583,"semana":16},{"provincia":"Sto. Domingo Tsáchilas","poblacion":511151,"total":586,"nuevas":16,"lat":-0.254167,"lng":-79.171944,"semana":16},{"provincia":"Sucumbíos","poblacion":230503,"total":146,"nuevas":9,"lat":0.08472200000000002,"lng":-76.882778,"semana":16},{"provincia":"Tungurahua","poblacion":590600,"total":443,"nuevas":3,"lat":-1.241667,"lng":-78.619722,"semana":16},{"provincia":"Zamora Chinchipe","poblacion":120416,"total":86,"nuevas":5,"lat":-4.12,"lng":-78.8,"semana":16},{"provincia":"Azuay","poblacion":881394,"total":405,"nuevas":33,"lat":-2.8974140000000004,"lng":-79.004481,"semana":17},{"provincia":"Bolívar","poblacion":209933,"total":99,"nuevas":1,"lat":-1.6055560000000002,"lng":-79.003056,"semana":17},{"provincia":"Carchi","poblacion":186869,"total":233,"nuevas":5,"lat":0.81218,"lng":-77.71633,"semana":17},{"provincia":"Cañar","poblacion":281396,"total":125,"nuevas":0,"lat":-2.733333,"lng":-78.833333,"semana":17},{"provincia":"Chimborazo","poblacion":524004,"total":420,"nuevas":3,"lat":-1.674347,"lng":-78.648294,"semana":17},{"provincia":"Cotopaxi","poblacion":488716,"total":419,"nuevas":6,"lat":-0.933333,"lng":-78.616667,"semana":17},{"provincia":"El Oro","poblacion":715751,"total":922,"nuevas":51,"lat":-3.2666670000000004,"lng":-79.966667,"semana":17},{"provincia":"Esmeraldas","poblacion":591083,"total":354,"nuevas":10,"lat":1.05,"lng":-79.2,"semana":17},{"provincia":"Galápagos","poblacion":33042,"total":9,"nuevas":0,"lat":-0.7999999999999999,"lng":-89.4,"semana":17},{"provincia":"Guayas","poblacion":4387434,"total":2389,"nuevas":79,"lat":-2.183333,"lng":-79.883333,"semana":17},{"provincia":"Imbabura","poblacion":476257,"total":340,"nuevas":13,"lat":0.362678,"lng":-78.130667,"semana":17},{"provincia":"Loja","poblacion":521154,"total":483,"nuevas":30,"lat":-3.9833330000000005,"lng":-79.2,"semana":17},{"provincia":"Los Ríos","poblacion":921763,"total":438,"nuevas":7,"lat":-1.8,"lng":-79.533333,"semana":17},{"provincia":"Manabí","poblacion":1562079,"total":2163,"nuevas":133,"lat":-1.056181,"lng":-80.455217,"semana":17},{"provincia":"Morona Santiago","poblacion":196535,"total":54,"nuevas":0,"lat":-2.3000000000000003,"lng":-78.116667,"semana":17},{"provincia":"Napo","poblacion":133705,"total":96,"nuevas":2,"lat":-0.989,"lng":-77.8159,"semana":17},{"provincia":"Orellana","poblacion":161338,"total":67,"nuevas":1,"lat":-0.466667,"lng":-76.966667,"semana":17},{"provincia":"Pastaza","poblacion":114202,"total":74,"nuevas":0,"lat":-1.066667,"lng":-78.001111,"semana":17},{"provincia":"Pichincha","poblacion":3228233,"total":2782,"nuevas":71,"lat":-0.218611,"lng":-78.509722,"semana":17},{"provincia":"Santa Elena","poblacion":401178,"total":411,"nuevas":1,"lat":-2.2267,"lng":-80.8583,"semana":17},{"provincia":"Sto. Domingo Tsáchilas","poblacion":511151,"total":614,"nuevas":28,"lat":-0.254167,"lng":-79.171944,"semana":17},{"provincia":"Sucumbíos","poblacion":230503,"total":150,"nuevas":4,"lat":0.08472200000000002,"lng":-76.882778,"semana":17},{"provincia":"Tungurahua","poblacion":590600,"total":444,"nuevas":1,"lat":-1.241667,"lng":-78.619722,"semana":17},{"provincia":"Zamora Chinchipe","poblacion":120416,"total":88,"nuevas":2,"lat":-4.12,"lng":-78.8,"semana":17},{"provincia":"Azuay","poblacion":881394,"total":433,"nuevas":28,"lat":-2.8974140000000004,"lng":-79.004481,"semana":18},{"provincia":"Bolívar","poblacion":209933,"total":101,"nuevas":2,"lat":-1.6055560000000002,"lng":-79.003056,"semana":18},{"provincia":"Carchi","poblacion":186869,"total":249,"nuevas":16,"lat":0.81218,"lng":-77.71633,"semana":18},{"provincia":"Cañar","poblacion":281396,"total":128,"nuevas":3,"lat":-2.733333,"lng":-78.833333,"semana":18},{"provincia":"Chimborazo","poblacion":524004,"total":424,"nuevas":4,"lat":-1.674347,"lng":-78.648294,"semana":18},{"provincia":"Cotopaxi","poblacion":488716,"total":449,"nuevas":30,"lat":-0.933333,"lng":-78.616667,"semana":18},{"provincia":"El Oro","poblacion":715751,"total":960,"nuevas":38,"lat":-3.2666670000000004,"lng":-79.966667,"semana":18},{"provincia":"Esmeraldas","poblacion":591083,"total":357,"nuevas":3,"lat":1.05,"lng":-79.2,"semana":18},{"provincia":"Galápagos","poblacion":33042,"total":10,"nuevas":1,"lat":-0.7999999999999999,"lng":-89.4,"semana":18},{"provincia":"Guayas","poblacion":4387434,"total":2438,"nuevas":49,"lat":-2.183333,"lng":-79.883333,"semana":18},{"provincia":"Imbabura","poblacion":476257,"total":360,"nuevas":20,"lat":0.362678,"lng":-78.130667,"semana":18},{"provincia":"Loja","poblacion":521154,"total":505,"nuevas":22,"lat":-3.9833330000000005,"lng":-79.2,"semana":18},{"provincia":"Los Ríos","poblacion":921763,"total":444,"nuevas":6,"lat":-1.8,"lng":-79.533333,"semana":18},{"provincia":"Manabí","poblacion":1562079,"total":2250,"nuevas":87,"lat":-1.056181,"lng":-80.455217,"semana":18},{"provincia":"Morona Santiago","poblacion":196535,"total":55,"nuevas":1,"lat":-2.3000000000000003,"lng":-78.116667,"semana":18},{"provincia":"Napo","poblacion":133705,"total":97,"nuevas":1,"lat":-0.989,"lng":-77.8159,"semana":18},{"provincia":"Orellana","poblacion":161338,"total":69,"nuevas":2,"lat":-0.466667,"lng":-76.966667,"semana":18},{"provincia":"Pastaza","poblacion":114202,"total":80,"nuevas":6,"lat":-1.066667,"lng":-78.001111,"semana":18},{"provincia":"Pichincha","poblacion":3228233,"total":2846,"nuevas":64,"lat":-0.218611,"lng":-78.509722,"semana":18},{"provincia":"Santa Elena","poblacion":401178,"total":412,"nuevas":1,"lat":-2.2267,"lng":-80.8583,"semana":18},{"provincia":"Sto. Domingo Tsáchilas","poblacion":511151,"total":621,"nuevas":7,"lat":-0.254167,"lng":-79.171944,"semana":18},{"provincia":"Sucumbíos","poblacion":230503,"total":159,"nuevas":9,"lat":0.08472200000000002,"lng":-76.882778,"semana":18},{"provincia":"Tungurahua","poblacion":590600,"total":460,"nuevas":16,"lat":-1.241667,"lng":-78.619722,"semana":18},{"provincia":"Zamora Chinchipe","poblacion":120416,"total":90,"nuevas":2,"lat":-4.12,"lng":-78.8,"semana":18},{"provincia":"Azuay","poblacion":881394,"total":468,"nuevas":35,"lat":-2.8974140000000004,"lng":-79.004481,"semana":19},{"provincia":"Bolívar","poblacion":209933,"total":105,"nuevas":4,"lat":-1.6055560000000002,"lng":-79.003056,"semana":19},{"provincia":"Carchi","poblacion":186869,"total":255,"nuevas":6,"lat":0.81218,"lng":-77.71633,"semana":19},{"provincia":"Cañar","poblacion":281396,"total":132,"nuevas":4,"lat":-2.733333,"lng":-78.833333,"semana":19},{"provincia":"Chimborazo","poblacion":524004,"total":508,"nuevas":84,"lat":-1.674347,"lng":-78.648294,"semana":19},{"provincia":"Cotopaxi","poblacion":488716,"total":466,"nuevas":17,"lat":-0.933333,"lng":-78.616667,"semana":19},{"provincia":"El Oro","poblacion":715751,"total":999,"nuevas":39,"lat":-3.2666670000000004,"lng":-79.966667,"semana":19},{"provincia":"Esmeraldas","poblacion":591083,"total":371,"nuevas":14,"lat":1.05,"lng":-79.2,"semana":19},{"provincia":"Galápagos","poblacion":33042,"total":10,"nuevas":0,"lat":-0.7999999999999999,"lng":-89.4,"semana":19},{"provincia":"Guayas","poblacion":4387434,"total":2485,"nuevas":47,"lat":-2.183333,"lng":-79.883333,"semana":19},{"provincia":"Imbabura","poblacion":476257,"total":375,"nuevas":15,"lat":0.362678,"lng":-78.130667,"semana":19},{"provincia":"Loja","poblacion":521154,"total":520,"nuevas":15,"lat":-3.9833330000000005,"lng":-79.2,"semana":19},{"provincia":"Los Ríos","poblacion":921763,"total":453,"nuevas":9,"lat":-1.8,"lng":-79.533333,"semana":19},{"provincia":"Manabí","poblacion":1562079,"total":2311,"nuevas":61,"lat":-1.056181,"lng":-80.455217,"semana":19},{"provincia":"Morona Santiago","poblacion":196535,"total":56,"nuevas":1,"lat":-2.3000000000000003,"lng":-78.116667,"semana":19},{"provincia":"Napo","poblacion":133705,"total":100,"nuevas":3,"lat":-0.989,"lng":-77.8159,"semana":19},{"provincia":"Orellana","poblacion":161338,"total":79,"nuevas":10,"lat":-0.466667,"lng":-76.966667,"semana":19},{"provincia":"Pastaza","poblacion":114202,"total":82,"nuevas":2,"lat":-1.066667,"lng":-78.001111,"semana":19},{"provincia":"Pichincha","poblacion":3228233,"total":2873,"nuevas":27,"lat":-0.218611,"lng":-78.509722,"semana":19},{"provincia":"Santa Elena","poblacion":401178,"total":413,"nuevas":1,"lat":-2.2267,"lng":-80.8583,"semana":19},{"provincia":"Sto. Domingo Tsáchilas","poblacion":511151,"total":633,"nuevas":12,"lat":-0.254167,"lng":-79.171944,"semana":19},{"provincia":"Sucumbíos","poblacion":230503,"total":165,"nuevas":6,"lat":0.08472200000000002,"lng":-76.882778,"semana":19},{"provincia":"Tungurahua","poblacion":590600,"total":464,"nuevas":4,"lat":-1.241667,"lng":-78.619722,"semana":19},{"provincia":"Zamora Chinchipe","poblacion":120416,"total":92,"nuevas":2,"lat":-4.12,"lng":-78.8,"semana":19},{"provincia":"Azuay","poblacion":881394,"total":479,"nuevas":11,"lat":-2.8974140000000004,"lng":-79.004481,"semana":20},{"provincia":"Bolívar","poblacion":209933,"total":105,"nuevas":0,"lat":-1.6055560000000002,"lng":-79.003056,"semana":20},{"provincia":"Carchi","poblacion":186869,"total":263,"nuevas":8,"lat":0.81218,"lng":-77.71633,"semana":20},{"provincia":"Cañar","poblacion":281396,"total":132,"nuevas":0,"lat":-2.733333,"lng":-78.833333,"semana":20},{"provincia":"Chimborazo","poblacion":524004,"total":517,"nuevas":9,"lat":-1.674347,"lng":-78.648294,"semana":20},{"provincia":"Cotopaxi","poblacion":488716,"total":492,"nuevas":26,"lat":-0.933333,"lng":-78.616667,"semana":20},{"provincia":"El Oro","poblacion":715751,"total":1020,"nuevas":21,"lat":-3.2666670000000004,"lng":-79.966667,"semana":20},{"provincia":"Esmeraldas","poblacion":591083,"total":376,"nuevas":5,"lat":1.05,"lng":-79.2,"semana":20},{"provincia":"Galápagos","poblacion":33042,"total":10,"nuevas":0,"lat":-0.7999999999999999,"lng":-89.4,"semana":20},{"provincia":"Guayas","poblacion":4387434,"total":2557,"nuevas":72,"lat":-2.183333,"lng":-79.883333,"semana":20},{"provincia":"Imbabura","poblacion":476257,"total":390,"nuevas":15,"lat":0.362678,"lng":-78.130667,"semana":20},{"provincia":"Loja","poblacion":521154,"total":534,"nuevas":14,"lat":-3.9833330000000005,"lng":-79.2,"semana":20},{"provincia":"Los Ríos","poblacion":921763,"total":465,"nuevas":12,"lat":-1.8,"lng":-79.533333,"semana":20},{"provincia":"Manabí","poblacion":1562079,"total":2386,"nuevas":75,"lat":-1.056181,"lng":-80.455217,"semana":20},{"provincia":"Morona Santiago","poblacion":196535,"total":57,"nuevas":1,"lat":-2.3000000000000003,"lng":-78.116667,"semana":20},{"provincia":"Napo","poblacion":133705,"total":103,"nuevas":3,"lat":-0.989,"lng":-77.8159,"semana":20},{"provincia":"Orellana","poblacion":161338,"total":79,"nuevas":0,"lat":-0.466667,"lng":-76.966667,"semana":20},{"provincia":"Pastaza","poblacion":114202,"total":83,"nuevas":1,"lat":-1.066667,"lng":-78.001111,"semana":20},{"provincia":"Pichincha","poblacion":3228233,"total":2934,"nuevas":61,"lat":-0.218611,"lng":-78.509722,"semana":20},{"provincia":"Santa Elena","poblacion":401178,"total":413,"nuevas":0,"lat":-2.2267,"lng":-80.8583,"semana":20},{"provincia":"Sto. Domingo Tsáchilas","poblacion":511151,"total":641,"nuevas":8,"lat":-0.254167,"lng":-79.171944,"semana":20},{"provincia":"Sucumbíos","poblacion":230503,"total":167,"nuevas":2,"lat":0.08472200000000002,"lng":-76.882778,"semana":20},{"provincia":"Tungurahua","poblacion":590600,"total":468,"nuevas":4,"lat":-1.241667,"lng":-78.619722,"semana":20},{"provincia":"Zamora Chinchipe","poblacion":120416,"total":93,"nuevas":1,"lat":-4.12,"lng":-78.8,"semana":20},{"provincia":"Azuay","poblacion":881394,"total":479,"nuevas":0,"lat":-2.8974140000000004,"lng":-79.004481,"semana":21},{"provincia":"Bolívar","poblacion":209933,"total":105,"nuevas":0,"lat":-1.6055560000000002,"lng":-79.003056,"semana":21},{"provincia":"Carchi","poblacion":186869,"total":263,"nuevas":0,"lat":0.81218,"lng":-77.71633,"semana":21},{"provincia":"Cañar","poblacion":281396,"total":132,"nuevas":0,"lat":-2.733333,"lng":-78.833333,"semana":21},{"provincia":"Chimborazo","poblacion":524004,"total":517,"nuevas":0,"lat":-1.674347,"lng":-78.648294,"semana":21},{"provincia":"Cotopaxi","poblacion":488716,"total":492,"nuevas":0,"lat":-0.933333,"lng":-78.616667,"semana":21},{"provincia":"El Oro","poblacion":715751,"total":1021,"nuevas":1,"lat":-3.2666670000000004,"lng":-79.966667,"semana":21},{"provincia":"Esmeraldas","poblacion":591083,"total":376,"nuevas":0,"lat":1.05,"lng":-79.2,"semana":21},{"provincia":"Galápagos","poblacion":33042,"total":10,"nuevas":0,"lat":-0.7999999999999999,"lng":-89.4,"semana":21},{"provincia":"Guayas","poblacion":4387434,"total":2557,"nuevas":0,"lat":-2.183333,"lng":-79.883333,"semana":21},{"provincia":"Imbabura","poblacion":476257,"total":390,"nuevas":0,"lat":0.362678,"lng":-78.130667,"semana":21},{"provincia":"Loja","poblacion":521154,"total":534,"nuevas":0,"lat":-3.9833330000000005,"lng":-79.2,"semana":21},{"provincia":"Los Ríos","poblacion":921763,"total":465,"nuevas":0,"lat":-1.8,"lng":-79.533333,"semana":21},{"provincia":"Manabí","poblacion":1562079,"total":2394,"nuevas":8,"lat":-1.056181,"lng":-80.455217,"semana":21},{"provincia":"Morona Santiago","poblacion":196535,"total":57,"nuevas":0,"lat":-2.3000000000000003,"lng":-78.116667,"semana":21},{"provincia":"Napo","poblacion":133705,"total":103,"nuevas":0,"lat":-0.989,"lng":-77.8159,"semana":21},{"provincia":"Orellana","poblacion":161338,"total":79,"nuevas":0,"lat":-0.466667,"lng":-76.966667,"semana":21},{"provincia":"Pastaza","poblacion":114202,"total":83,"nuevas":0,"lat":-1.066667,"lng":-78.001111,"semana":21},{"provincia":"Pichincha","poblacion":3228233,"total":2934,"nuevas":0,"lat":-0.218611,"lng":-78.509722,"semana":21},{"provincia":"Santa Elena","poblacion":401178,"total":413,"nuevas":0,"lat":-2.2267,"lng":-80.8583,"semana":21},{"provincia":"Sto. Domingo Tsáchilas","poblacion":511151,"total":641,"nuevas":0,"lat":-0.254167,"lng":-79.171944,"semana":21},{"provincia":"Sucumbíos","poblacion":230503,"total":167,"nuevas":0,"lat":0.08472200000000002,"lng":-76.882778,"semana":21},{"provincia":"Tungurahua","poblacion":590600,"total":468,"nuevas":0,"lat":-1.241667,"lng":-78.619722,"semana":21},{"provincia":"Zamora Chinchipe","poblacion":120416,"total":93,"nuevas":0,"lat":-4.12,"lng":-78.8,"semana":21}]