[{"inec_provincia_id":1,"provincia":"Azuay","poblacion":881394,"lat":-2.8974140000000004,"lng":-79.004481,"Semana 1":83,"Semana 2":82,"Semana 3":72,"Semana 4":70,"Semana 5":76,"Semana 6":69,"Semana 7":66,"Semana 8":107,"Semana 9":77,"Semana 10":76,"Semana 11":89,"Semana 12":84,"Semana 13":72,"Semana 14":99,"Semana 15":93,"Semana 16":84,"Semana 17":77,"Semana 18":76,"Semana 19":94,"Semana 20":74,"Semana 21":81,"Semana 22":95,"Semana 23":93,"Semana 24":69,"Semana 25":97,"Semana 26":97,"Semana 27":101,"Semana 28":89,"Semana 29":116,"Semana 30":119,"Semana 31":125,"Semana 32":141,"Semana 33":145,"Semana 34":139,"Semana 35":149,"Semana 36":167,"Semana 37":127,"Semana 38":121,"Semana 39":112,"Semana 40":122,"Semana 41":126,"Semana 42":101,"Semana 43":105,"Semana 44":90,"Semana 45":102,"Semana 46":102,"Semana 47":110,"Semana 48":87,"Semana 49":100,"Semana 50":84,"Semana 51":100,"Semana 52":104,"Semana 53":98},{"inec_provincia_id":2,"provincia":"Bolívar","poblacion":209933,"lat":-1.6055560000000002,"lng":-79.003056,"Semana 1":10,"Semana 2":14,"Semana 3":18,"Semana 4":13,"Semana 5":16,"Semana 6":20,"Semana 7":21,"Semana 8":15,"Semana 9":25,"Semana 10":13,"Semana 11":6,"Semana 12":19,"Semana 13":21,"Semana 14":32,"Semana 15":32,"Semana 16":24,"Semana 17":22,"Semana 18":23,"Semana 19":25,"Semana 20":27,"Semana 21":22,"Semana 22":24,"Semana 23":24,"Semana 24":37,"Semana 25":21,"Semana 26":17,"Semana 27":20,"Semana 28":26,"Semana 29":24,"Semana 30":35,"Semana 31":27,"Semana 32":40,"Semana 33":19,"Semana 34":25,"Semana 35":18,"Semana 36":19,"Semana 37":22,"Semana 38":19,"Semana 39":15,"Semana 40":18,"Semana 41":18,"Semana 42":14,"Semana 43":20,"Semana 44":14,"Semana 45":21,"Semana 46":15,"Semana 47":21,"Semana 48":15,"Semana 49":23,"Semana 50":24,"Semana 51":18,"Semana 52":27,"Semana 53":21},{"inec_provincia_id":4,"provincia":"Carchi","poblacion":186869,"lat":0.81218,"lng":-77.71633,"Semana 1":6,"Semana 2":13,"Semana 3":20,"Semana 4":10,"Semana 5":10,"Semana 6":14,"Semana 7":22,"Semana 8":9,"Semana 9":12,"Semana 10":20,"Semana 11":15,"Semana 12":9,"Semana 13":8,"Semana 14":16,"Semana 15":13,"Semana 16":14,"Semana 17":13,"Semana 18":11,"Semana 19":8,"Semana 20":23,"Semana 21":16,"Semana 22":16,"Semana 23":15,"Semana 24":24,"Semana 25":16,"Semana 26":16,"Semana 27":17,"Semana 28":23,"Semana 29":26,"Semana 30":30,"Semana 31":26,"Semana 32":30,"Semana 33":33,"Semana 34":33,"Semana 35":29,"Semana 36":30,"Semana 37":32,"Semana 38":35,"Semana 39":13,"Semana 40":18,"Semana 41":27,"Semana 42":13,"Semana 43":16,"Semana 44":15,"Semana 45":14,"Semana 46":17,"Semana 47":13,"Semana 48":14,"Semana 49":20,"Semana 50":20,"Semana 51":26,"Semana 52":25,"Semana 53":29},{"inec_provincia_id":3,"provincia":"Cañar","poblacion":281396,"lat":-2.733333,"lng":-78.833333,"Semana 1":28,"Semana 2":27,"Semana 3":18,"Semana 4":17,"Semana 5":23,"Semana 6":14,"Semana 7":17,"Semana 8":23,"Semana 9":23,"Semana 10":14,"Semana 11":16,"Semana 12":20,"Semana 13":41,"Semana 14":43,"Semana 15":56,"Semana 16":44,"Semana 17":38,"Semana 18":18,"Semana 19":28,"Semana 20":24,"Semana 21":20,"Semana 22":22,"Semana 23":21,"Semana 24":22,"Semana 25":23,"Semana 26":25,"Semana 27":25,"Semana 28":40,"Semana 29":38,"Semana 30":33,"Semana 31":33,"Semana 32":45,"Semana 33":51,"Semana 34":39,"Semana 35":35,"Semana 36":33,"Semana 37":36,"Semana 38":27,"Semana 39":36,"Semana 40":34,"Semana 41":34,"Semana 42":33,"Semana 43":31,"Semana 44":33,"Semana 45":31,"Semana 46":18,"Semana 47":30,"Semana 48":28,"Semana 49":26,"Semana 50":29,"Semana 51":26,"Semana 52":24,"Semana 53":29},{"inec_provincia_id":6,"provincia":"Chimborazo","poblacion":524004,"lat":-1.674347,"lng":-78.648294,"Semana 1":42,"Semana 2":56,"Semana 3":45,"Semana 4":49,"Semana 5":41,"Semana 6":50,"Semana 7":40,"Semana 8":45,"Semana 9":48,"Semana 10":55,"Semana 11":56,"Semana 12":36,"Semana 13":55,"Semana 14":91,"Semana 15":103,"Semana 16":71,"Semana 17":82,"Semana 18":81,"Semana 19":71,"Semana 20":72,"Semana 21":63,"Semana 22":71,"Semana 23":74,"Semana 24":77,"Semana 25":70,"Semana 26":70,"Semana 27":78,"Semana 28":104,"Semana 29":120,"Semana 30":104,"Semana 31":106,"Semana 32":90,"Semana 33":77,"Semana 34":83,"Semana 35":72,"Semana 36":63,"Semana 37":71,"Semana 38":58,"Semana 39":58,"Semana 40":51,"Semana 41":63,"Semana 42":50,"Semana 43":55,"Semana 44":58,"Semana 45":43,"Semana 46":65,"Semana 47":50,"Semana 48":58,"Semana 49":58,"Semana 50":44,"Semana 51":54,"Semana 52":48,"Semana 53":61},{"inec_provincia_id":5,"provincia":"Cotopaxi","poblacion":488716,"lat":-0.933333,"lng":-78.616667,"Semana 1":22,"Semana 2":29,"Semana 3":41,"Semana 4":27,"Semana 5":34,"Semana 6":44,"Semana 7":37,"Semana 8":30,"Semana 9":48,"Semana 10":34,"Semana 11":46,"Semana 12":34,"Semana 13":32,"Semana 14":36,"Semana 15":42,"Semana 16":45,"Semana 17":38,"Semana 18":58,"Semana 19":41,"Semana 20":40,"Semana 21":47,"Semana 22":49,"Semana 23":62,"Semana 24":86,"Semana 25":69,"Semana 26":64,"Semana 27":74,"Semana 28":71,"Semana 29":64,"Semana 30":73,"Semana 31":64,"Semana 32":44,"Semana 33":73,"Semana 34":58,"Semana 35":55,"Semana 36":65,"Semana 37":40,"Semana 38":56,"Semana 39":49,"Semana 40":49,"Semana 41":42,"Semana 42":43,"Semana 43":39,"Semana 44":47,"Semana 45":51,"Semana 46":45,"Semana 47":48,"Semana 48":53,"Semana 49":54,"Semana 50":41,"Semana 51":55,"Semana 52":46,"Semana 53":57},{"inec_provincia_id":7,"provincia":"El Oro","poblacion":715751,"lat":-3.2666670000000004,"lng":-79.966667,"Semana 1":53,"Semana 2":76,"Semana 3":63,"Semana 4":71,"Semana 5":56,"Semana 6":62,"Semana 7":54,"Semana 8":49,"Semana 9":67,"Semana 10":65,"Semana 11":71,"Semana 12":57,"Semana 13":88,"Semana 14":151,"Semana 15":151,"Semana 16":164,"Semana 17":189,"Semana 18":172,"Semana 19":200,"Semana 20":183,"Semana 21":134,"Semana 22":143,"Semana 23":125,"Semana 24":118,"Semana 25":120,"Semana 26":89,"Semana 27":94,"Semana 28":78,"Semana 29":102,"Semana 30":114,"Semana 31":102,"Semana 32":114,"Semana 33":81,"Semana 34":87,"Semana 35":75,"Semana 36":101,"Semana 37":101,"Semana 38":110,"Semana 39":94,"Semana 40":82,"Semana 41":93,"Semana 42":68,"Semana 43":74,"Semana 44":65,"Semana 45":75,"Semana 46":83,"Semana 47":85,"Semana 48":63,"Semana 49":70,"Semana 50":66,"Semana 51":76,"Semana 52":68,"Semana 53":84},{"inec_provincia_id":8,"provincia":"Esmeraldas","poblacion":591083,"lat":1.05,"lng":-79.2,"Semana 1":33,"Semana 2":34,"Semana 3":24,"Semana 4":25,"Semana 5":31,"Semana 6":46,"Semana 7":40,"Semana 8":42,"Semana 9":26,"Semana 10":26,"Semana 11":38,"Semana 12":30,"Semana 13":23,"Semana 14":42,"Semana 15":43,"Semana 16":42,"Semana 17":68,"Semana 18":64,"Semana 19":80,"Semana 20":76,"Semana 21":77,"Semana 22":82,"Semana 23":84,"Semana 24":79,"Semana 25":63,"Semana 26":64,"Semana 27":60,"Semana 28":44,"Semana 29":57,"Semana 30":62,"Semana 31":48,"Semana 32":43,"Semana 33":32,"Semana 34":36,"Semana 35":42,"Semana 36":36,"Semana 37":39,"Semana 38":43,"Semana 39":25,"Semana 40":31,"Semana 41":35,"Semana 42":29,"Semana 43":32,"Semana 44":36,"Semana 45":27,"Semana 46":37,"Semana 47":35,"Semana 48":25,"Semana 49":36,"Semana 50":24,"Semana 51":42,"Semana 52":35,"Semana 53":33},{"inec_provincia_id":20,"provincia":"Galápagos","poblacion":33042,"lat":-0.7999999999999999,"lng":-89.4,"Semana 1":0,"Semana 2":1,"Semana 3":0,"Semana 4":2,"Semana 5":2,"Semana 6":2,"Semana 7":0,"Semana 8":1,"Semana 9":1,"Semana 10":0,"Semana 11":2,"Semana 12":0,"Semana 13":1,"Semana 14":1,"Semana 15":2,"Semana 16":0,"Semana 17":0,"Semana 18":0,"Semana 19":0,"Semana 20":1,"Semana 21":0,"Semana 22":0,"Semana 23":1,"Semana 24":3,"Semana 25":0,"Semana 26":3,"Semana 27":0,"Semana 28":1,"Semana 29":1,"Semana 30":0,"Semana 31":1,"Semana 32":2,"Semana 33":2,"Semana 34":1,"Semana 35":0,"Semana 36":0,"Semana 37":2,"Semana 38":1,"Semana 39":1,"Semana 40":1,"Semana 41":0,"Semana 42":3,"Semana 43":0,"Semana 44":1,"Semana 45":1,"Semana 46":2,"Semana 47":2,"Semana 48":1,"Semana 49":3,"Semana 50":1,"Semana 51":1,"Semana 52":0,"Semana 53":1},{"inec_provincia_id":9,"provincia":"Guayas","poblacion":4387434,"lat":-2.183333,"lng":-79.883333,"Semana 1":426,"Semana 2":452,"Semana 3":459,"Semana 4":438,"Semana 5":368,"Semana 6":398,"Semana 7":439,"Semana 8":415,"Semana 9":435,"Semana 10":459,"Semana 11":442,"Semana 12":594,"Semana 13":2552,"Semana 14":5372,"Semana 15":4250,"Semana 16":2370,"Semana 17":1407,"Semana 18":946,"Semana 19":749,"Semana 20":572,"Semana 21":496,"Semana 22":486,"Semana 23":461,"Semana 24":430,"Semana 25":432,"Semana 26":430,"Semana 27":453,"Semana 28":450,"Semana 29":439,"Semana 30":466,"Semana 31":499,"Semana 32":468,"Semana 33":454,"Semana 34":489,"Semana 35":445,"Semana 36":458,"Semana 37":422,"Semana 38":419,"Semana 39":450,"Semana 40":441,"Semana 41":488,"Semana 42":482,"Semana 43":472,"Semana 44":471,"Semana 45":461,"Semana 46":466,"Semana 47":506,"Semana 48":536,"Semana 49":453,"Semana 50":473,"Semana 51":476,"Semana 52":498,"Semana 53":509},{"inec_provincia_id":10,"provincia":"Imbabura","poblacion":476257,"lat":0.362678,"lng":-78.130667,"Semana 1":39,"Semana 2":35,"Semana 3":46,"Semana 4":41,"Semana 5":42,"Semana 6":41,"Semana 7":37,"Semana 8":37,"Semana 9":31,"Semana 10":26,"Semana 11":37,"Semana 12":31,"Semana 13":44,"Semana 14":38,"Semana 15":42,"Semana 16":40,"Semana 17":34,"Semana 18":46,"Semana 19":37,"Semana 20":48,"Semana 21":50,"Semana 22":33,"Semana 23":56,"Semana 24":57,"Semana 25":65,"Semana 26":49,"Semana 27":55,"Semana 28":65,"Semana 29":84,"Semana 30":77,"Semana 31":91,"Semana 32":92,"Semana 33":103,"Semana 34":81,"Semana 35":80,"Semana 36":76,"Semana 37":63,"Semana 38":66,"Semana 39":52,"Semana 40":46,"Semana 41":54,"Semana 42":42,"Semana 43":42,"Semana 44":53,"Semana 45":41,"Semana 46":42,"Semana 47":46,"Semana 48":42,"Semana 49":53,"Semana 50":55,"Semana 51":46,"Semana 52":49,"Semana 53":55},{"inec_provincia_id":11,"provincia":"Loja","poblacion":521154,"lat":-3.9833330000000005,"lng":-79.2,"Semana 1":38,"Semana 2":57,"Semana 3":46,"Semana 4":38,"Semana 5":54,"Semana 6":37,"Semana 7":46,"Semana 8":38,"Semana 9":45,"Semana 10":47,"Semana 11":43,"Semana 12":43,"Semana 13":46,"Semana 14":43,"Semana 15":51,"Semana 16":41,"Semana 17":51,"Semana 18":40,"Semana 19":58,"Semana 20":49,"Semana 21":53,"Semana 22":50,"Semana 23":63,"Semana 24":50,"Semana 25":68,"Semana 26":52,"Semana 27":61,"Semana 28":68,"Semana 29":67,"Semana 30":95,"Semana 31":98,"Semana 32":83,"Semana 33":106,"Semana 34":80,"Semana 35":83,"Semana 36":79,"Semana 37":78,"Semana 38":54,"Semana 39":69,"Semana 40":44,"Semana 41":68,"Semana 42":46,"Semana 43":47,"Semana 44":39,"Semana 45":56,"Semana 46":48,"Semana 47":40,"Semana 48":50,"Semana 49":49,"Semana 50":57,"Semana 51":50,"Semana 52":54,"Semana 53":45},{"inec_provincia_id":12,"provincia":"Los Ríos","poblacion":921763,"lat":-1.8,"lng":-79.533333,"Semana 1":59,"Semana 2":80,"Semana 3":58,"Semana 4":69,"Semana 5":54,"Semana 6":61,"Semana 7":57,"Semana 8":66,"Semana 9":99,"Semana 10":68,"Semana 11":62,"Semana 12":64,"Semana 13":113,"Semana 14":202,"Semana 15":231,"Semana 16":233,"Semana 17":235,"Semana 18":161,"Semana 19":167,"Semana 20":159,"Semana 21":128,"Semana 22":110,"Semana 23":102,"Semana 24":117,"Semana 25":103,"Semana 26":116,"Semana 27":86,"Semana 28":103,"Semana 29":110,"Semana 30":92,"Semana 31":97,"Semana 32":97,"Semana 33":91,"Semana 34":89,"Semana 35":85,"Semana 36":77,"Semana 37":81,"Semana 38":71,"Semana 39":73,"Semana 40":90,"Semana 41":74,"Semana 42":84,"Semana 43":87,"Semana 44":62,"Semana 45":81,"Semana 46":79,"Semana 47":86,"Semana 48":74,"Semana 49":87,"Semana 50":75,"Semana 51":62,"Semana 52":78,"Semana 53":87},{"inec_provincia_id":13,"provincia":"Manabí","poblacion":1562079,"lat":-1.056181,"lng":-80.455217,"Semana 1":122,"Semana 2":145,"Semana 3":140,"Semana 4":143,"Semana 5":127,"Semana 6":137,"Semana 7":127,"Semana 8":134,"Semana 9":121,"Semana 10":115,"Semana 11":143,"Semana 12":122,"Semana 13":161,"Semana 14":307,"Semana 15":428,"Semana 16":474,"Semana 17":488,"Semana 18":420,"Semana 19":375,"Semana 20":327,"Semana 21":251,"Semana 22":220,"Semana 23":211,"Semana 24":208,"Semana 25":208,"Semana 26":151,"Semana 27":191,"Semana 28":214,"Semana 29":210,"Semana 30":184,"Semana 31":192,"Semana 32":191,"Semana 33":194,"Semana 34":178,"Semana 35":195,"Semana 36":187,"Semana 37":185,"Semana 38":153,"Semana 39":151,"Semana 40":155,"Semana 41":178,"Semana 42":168,"Semana 43":185,"Semana 44":153,"Semana 45":178,"Semana 46":197,"Semana 47":182,"Semana 48":164,"Semana 49":191,"Semana 50":151,"Semana 51":162,"Semana 52":153,"Semana 53":182},{"inec_provincia_id":14,"provincia":"Morona Santiago","poblacion":196535,"lat":-2.3000000000000003,"lng":-78.116667,"Semana 1":6,"Semana 2":17,"Semana 3":12,"Semana 4":9,"Semana 5":12,"Semana 6":10,"Semana 7":14,"Semana 8":12,"Semana 9":5,"Semana 10":15,"Semana 11":10,"Semana 12":8,"Semana 13":11,"Semana 14":12,"Semana 15":7,"Semana 16":10,"Semana 17":5,"Semana 18":4,"Semana 19":8,"Semana 20":9,"Semana 21":10,"Semana 22":23,"Semana 23":13,"Semana 24":27,"Semana 25":15,"Semana 26":12,"Semana 27":16,"Semana 28":17,"Semana 29":20,"Semana 30":18,"Semana 31":17,"Semana 32":17,"Semana 33":22,"Semana 34":12,"Semana 35":14,"Semana 36":7,"Semana 37":15,"Semana 38":12,"Semana 39":19,"Semana 40":9,"Semana 41":11,"Semana 42":14,"Semana 43":13,"Semana 44":15,"Semana 45":10,"Semana 46":11,"Semana 47":9,"Semana 48":11,"Semana 49":12,"Semana 50":13,"Semana 51":16,"Semana 52":8,"Semana 53":15},{"inec_provincia_id":15,"provincia":"Napo","poblacion":133705,"lat":-0.989,"lng":-77.8159,"Semana 1":10,"Semana 2":8,"Semana 3":8,"Semana 4":5,"Semana 5":5,"Semana 6":8,"Semana 7":5,"Semana 8":7,"Semana 9":11,"Semana 10":1,"Semana 11":2,"Semana 12":5,"Semana 13":2,"Semana 14":11,"Semana 15":5,"Semana 16":9,"Semana 17":11,"Semana 18":11,"Semana 19":13,"Semana 20":23,"Semana 21":13,"Semana 22":18,"Semana 23":20,"Semana 24":25,"Semana 25":13,"Semana 26":21,"Semana 27":22,"Semana 28":15,"Semana 29":13,"Semana 30":14,"Semana 31":11,"Semana 32":10,"Semana 33":17,"Semana 34":15,"Semana 35":17,"Semana 36":7,"Semana 37":12,"Semana 38":4,"Semana 39":8,"Semana 40":9,"Semana 41":7,"Semana 42":9,"Semana 43":13,"Semana 44":6,"Semana 45":11,"Semana 46":4,"Semana 47":12,"Semana 48":5,"Semana 49":10,"Semana 50":13,"Semana 51":10,"Semana 52":9,"Semana 53":12},{"inec_provincia_id":22,"provincia":"Orellana","poblacion":161338,"lat":-0.466667,"lng":-76.966667,"Semana 1":10,"Semana 2":10,"Semana 3":11,"Semana 4":8,"Semana 5":3,"Semana 6":7,"Semana 7":5,"Semana 8":9,"Semana 9":11,"Semana 10":10,"Semana 11":7,"Semana 12":7,"Semana 13":5,"Semana 14":9,"Semana 15":7,"Semana 16":8,"Semana 17":7,"Semana 18":9,"Semana 19":9,"Semana 20":12,"Semana 21":6,"Semana 22":12,"Semana 23":16,"Semana 24":13,"Semana 25":23,"Semana 26":26,"Semana 27":17,"Semana 28":19,"Semana 29":27,"Semana 30":14,"Semana 31":23,"Semana 32":12,"Semana 33":16,"Semana 34":11,"Semana 35":10,"Semana 36":13,"Semana 37":5,"Semana 38":10,"Semana 39":4,"Semana 40":15,"Semana 41":8,"Semana 42":10,"Semana 43":11,"Semana 44":9,"Semana 45":10,"Semana 46":17,"Semana 47":9,"Semana 48":14,"Semana 49":6,"Semana 50":6,"Semana 51":6,"Semana 52":14,"Semana 53":9},{"inec_provincia_id":16,"provincia":"Pastaza","poblacion":114202,"lat":-1.066667,"lng":-78.001111,"Semana 1":5,"Semana 2":8,"Semana 3":9,"Semana 4":7,"Semana 5":5,"Semana 6":5,"Semana 7":11,"Semana 8":9,"Semana 9":10,"Semana 10":7,"Semana 11":5,"Semana 12":6,"Semana 13":3,"Semana 14":10,"Semana 15":5,"Semana 16":3,"Semana 17":8,"Semana 18":7,"Semana 19":7,"Semana 20":5,"Semana 21":3,"Semana 22":6,"Semana 23":6,"Semana 24":6,"Semana 25":15,"Semana 26":15,"Semana 27":12,"Semana 28":17,"Semana 29":17,"Semana 30":12,"Semana 31":15,"Semana 32":11,"Semana 33":12,"Semana 34":12,"Semana 35":8,"Semana 36":5,"Semana 37":11,"Semana 38":5,"Semana 39":8,"Semana 40":5,"Semana 41":3,"Semana 42":11,"Semana 43":7,"Semana 44":7,"Semana 45":3,"Semana 46":6,"Semana 47":8,"Semana 48":5,"Semana 49":13,"Semana 50":6,"Semana 51":8,"Semana 52":5,"Semana 53":6},{"inec_provincia_id":17,"provincia":"Pichincha","poblacion":3228233,"lat":-0.218611,"lng":-78.509722,"Semana 1":252,"Semana 2":274,"Semana 3":267,"Semana 4":267,"Semana 5":260,"Semana 6":266,"Semana 7":302,"Semana 8":275,"Semana 9":273,"Semana 10":246,"Semana 11":255,"Semana 12":230,"Semana 13":280,"Semana 14":303,"Semana 15":302,"Semana 16":284,"Semana 17":314,"Semana 18":331,"Semana 19":341,"Semana 20":342,"Semana 21":379,"Semana 22":391,"Semana 23":377,"Semana 24":415,"Semana 25":432,"Semana 26":505,"Semana 27":539,"Semana 28":636,"Semana 29":666,"Semana 30":685,"Semana 31":674,"Semana 32":678,"Semana 33":581,"Semana 34":496,"Semana 35":461,"Semana 36":445,"Semana 37":429,"Semana 38":437,"Semana 39":372,"Semana 40":322,"Semana 41":317,"Semana 42":326,"Semana 43":327,"Semana 44":322,"Semana 45":284,"Semana 46":318,"Semana 47":338,"Semana 48":305,"Semana 49":340,"Semana 50":310,"Semana 51":369,"Semana 52":347,"Semana 53":371},{"inec_provincia_id":24,"provincia":"Santa Elena","poblacion":401178,"lat":-2.2267,"lng":-80.8583,"Semana 1":18,"Semana 2":23,"Semana 3":26,"Semana 4":29,"Semana 5":31,"Semana 6":13,"Semana 7":30,"Semana 8":38,"Semana 9":28,"Semana 10":30,"Semana 11":20,"Semana 12":27,"Semana 13":65,"Semana 14":215,"Semana 15":358,"Semana 16":327,"Semana 17":205,"Semana 18":185,"Semana 19":116,"Semana 20":72,"Semana 21":77,"Semana 22":56,"Semana 23":37,"Semana 24":37,"Semana 25":28,"Semana 26":35,"Semana 27":25,"Semana 28":18,"Semana 29":38,"Semana 30":33,"Semana 31":25,"Semana 32":39,"Semana 33":34,"Semana 34":41,"Semana 35":34,"Semana 36":21,"Semana 37":28,"Semana 38":28,"Semana 39":24,"Semana 40":24,"Semana 41":31,"Semana 42":27,"Semana 43":32,"Semana 44":42,"Semana 45":42,"Semana 46":45,"Semana 47":51,"Semana 48":38,"Semana 49":37,"Semana 50":29,"Semana 51":45,"Semana 52":33,"Semana 53":39},{"inec_provincia_id":23,"provincia":"Sto. Domingo Tsáchilas","poblacion":511151,"lat":-0.254167,"lng":-79.171944,"Semana 1":38,"Semana 2":49,"Semana 3":47,"Semana 4":47,"Semana 5":46,"Semana 6":43,"Semana 7":51,"Semana 8":44,"Semana 9":65,"Semana 10":39,"Semana 11":34,"Semana 12":36,"Semana 13":46,"Semana 14":62,"Semana 15":63,"Semana 16":64,"Semana 17":62,"Semana 18":53,"Semana 19":48,"Semana 20":59,"Semana 21":76,"Semana 22":85,"Semana 23":77,"Semana 24":110,"Semana 25":88,"Semana 26":95,"Semana 27":103,"Semana 28":121,"Semana 29":94,"Semana 30":91,"Semana 31":81,"Semana 32":95,"Semana 33":70,"Semana 34":61,"Semana 35":63,"Semana 36":67,"Semana 37":51,"Semana 38":54,"Semana 39":52,"Semana 40":43,"Semana 41":55,"Semana 42":51,"Semana 43":54,"Semana 44":43,"Semana 45":38,"Semana 46":52,"Semana 47":34,"Semana 48":50,"Semana 49":53,"Semana 50":52,"Semana 51":43,"Semana 52":51,"Semana 53":64},{"inec_provincia_id":21,"provincia":"Sucumbíos","poblacion":230503,"lat":0.08472200000000002,"lng":-76.882778,"Semana 1":12,"Semana 2":13,"Semana 3":11,"Semana 4":14,"Semana 5":12,"Semana 6":10,"Semana 7":19,"Semana 8":10,"Semana 9":14,"Semana 10":17,"Semana 11":19,"Semana 12":8,"Semana 13":3,"Semana 14":12,"Semana 15":12,"Semana 16":15,"Semana 17":11,"Semana 18":14,"Semana 19":18,"Semana 20":19,"Semana 21":18,"Semana 22":14,"Semana 23":18,"Semana 24":28,"Semana 25":16,"Semana 26":29,"Semana 27":36,"Semana 28":47,"Semana 29":36,"Semana 30":42,"Semana 31":43,"Semana 32":26,"Semana 33":33,"Semana 34":21,"Semana 35":15,"Semana 36":17,"Semana 37":9,"Semana 38":15,"Semana 39":14,"Semana 40":16,"Semana 41":21,"Semana 42":11,"Semana 43":20,"Semana 44":12,"Semana 45":9,"Semana 46":18,"Semana 47":17,"Semana 48":12,"Semana 49":8,"Semana 50":15,"Semana 51":13,"Semana 52":12,"Semana 53":18},{"inec_provincia_id":18,"provincia":"Tungurahua","poblacion":590600,"lat":-1.241667,"lng":-78.619722,"Semana 1":49,"Semana 2":54,"Semana 3":63,"Semana 4":58,"Semana 5":47,"Semana 6":63,"Semana 7":56,"Semana 8":55,"Semana 9":56,"Semana 10":48,"Semana 11":43,"Semana 12":42,"Semana 13":66,"Semana 14":66,"Semana 15":59,"Semana 16":68,"Semana 17":80,"Semana 18":69,"Semana 19":91,"Semana 20":78,"Semana 21":103,"Semana 22":87,"Semana 23":110,"Semana 24":115,"Semana 25":133,"Semana 26":135,"Semana 27":131,"Semana 28":142,"Semana 29":147,"Semana 30":148,"Semana 31":124,"Semana 32":88,"Semana 33":104,"Semana 34":95,"Semana 35":74,"Semana 36":84,"Semana 37":76,"Semana 38":67,"Semana 39":69,"Semana 40":61,"Semana 41":61,"Semana 42":69,"Semana 43":66,"Semana 44":75,"Semana 45":66,"Semana 46":60,"Semana 47":65,"Semana 48":51,"Semana 49":78,"Semana 50":63,"Semana 51":63,"Semana 52":80,"Semana 53":75},{"inec_provincia_id":19,"provincia":"Zamora Chinchipe","poblacion":120416,"lat":-4.12,"lng":-78.8,"Semana 1":5,"Semana 2":7,"Semana 3":9,"Semana 4":2,"Semana 5":4,"Semana 6":5,"Semana 7":7,"Semana 8":7,"Semana 9":6,"Semana 10":7,"Semana 11":6,"Semana 12":3,"Semana 13":6,"Semana 14":5,"Semana 15":9,"Semana 16":2,"Semana 17":8,"Semana 18":5,"Semana 19":6,"Semana 20":4,"Semana 21":8,"Semana 22":9,"Semana 23":7,"Semana 24":14,"Semana 25":12,"Semana 26":13,"Semana 27":13,"Semana 28":10,"Semana 29":8,"Semana 30":11,"Semana 31":10,"Semana 32":13,"Semana 33":15,"Semana 34":10,"Semana 35":13,"Semana 36":6,"Semana 37":4,"Semana 38":9,"Semana 39":5,"Semana 40":6,"Semana 41":6,"Semana 42":2,"Semana 43":3,"Semana 44":7,"Semana 45":10,"Semana 46":8,"Semana 47":8,"Semana 48":3,"Semana 49":6,"Semana 50":2,"Semana 51":4,"Semana 52":4,"Semana 53":5}]