[{"provincia":"Azuay","provincia_poblacion":881394,"canton":"Camilo Ponce Enríquez","canton_poblacion":36423,"total":587,"nuevas":10,"lat":-3.0500000000000003,"lng":-79.733333,"semana":1},{"provincia":"Azuay","provincia_poblacion":881394,"canton":"Chordeleg","canton_poblacion":15176,"total":230,"nuevas":1,"lat":-2.933333,"lng":-78.766667,"semana":1},{"provincia":"Azuay","provincia_poblacion":881394,"canton":"Cuenca","canton_poblacion":636996,"total":23342,"nuevas":154,"lat":-2.8974140000000004,"lng":-79.004481,"semana":1},{"provincia":"Azuay","provincia_poblacion":881394,"canton":"El Pan","canton_poblacion":3091,"total":168,"nuevas":6,"lat":-2.786111,"lng":-78.665,"semana":1},{"provincia":"Azuay","provincia_poblacion":881394,"canton":"Girón","canton_poblacion":13037,"total":404,"nuevas":0,"lat":-3.159028,"lng":-79.147568,"semana":1},{"provincia":"Azuay","provincia_poblacion":881394,"canton":"Guachapala","canton_poblacion":3859,"total":310,"nuevas":8,"lat":-2.769,"lng":-78.709,"semana":1},{"provincia":"Azuay","provincia_poblacion":881394,"canton":"Gualaceo","canton_poblacion":49104,"total":1271,"nuevas":14,"lat":-2.9000000000000004,"lng":-78.783333,"semana":1},{"provincia":"Azuay","provincia_poblacion":881394,"canton":"Nabón","canton_poblacion":17292,"total":204,"nuevas":6,"lat":-3.3360600000000002,"lng":-79.06368,"semana":1},{"provincia":"Azuay","provincia_poblacion":881394,"canton":"Oña","canton_poblacion":4128,"total":52,"nuevas":3,"lat":-3.46964,"lng":-79.15431,"semana":1},{"provincia":"Azuay","provincia_poblacion":881394,"canton":"Paute","canton_poblacion":29214,"total":1387,"nuevas":15,"lat":-2.7818,"lng":-78.76,"semana":1},{"provincia":"Azuay","provincia_poblacion":881394,"canton":"Pucará","canton_poblacion":10584,"total":149,"nuevas":0,"lat":-3.2337800000000003,"lng":-79.4612,"semana":1},{"provincia":"Azuay","provincia_poblacion":881394,"canton":"San Fernando","canton_poblacion":4156,"total":120,"nuevas":1,"lat":-3.1445000000000003,"lng":-79.252,"semana":1},{"provincia":"Azuay","provincia_poblacion":881394,"canton":"Santa Isabel","canton_poblacion":20935,"total":1039,"nuevas":18,"lat":-3.2741700000000002,"lng":-79.3156,"semana":1},{"provincia":"Azuay","provincia_poblacion":881394,"canton":"Sevilla de Oro","canton_poblacion":6890,"total":480,"nuevas":14,"lat":-2.799833,"lng":-78.655694,"semana":1},{"provincia":"Azuay","provincia_poblacion":881394,"canton":"Sígsig","canton_poblacion":30509,"total":515,"nuevas":13,"lat":-3.0897,"lng":-78.8032,"semana":1},{"provincia":"Bolívar","provincia_poblacion":209933,"canton":"Caluma","canton_poblacion":16429,"total":1097,"nuevas":81,"lat":-1.6333300000000002,"lng":-79.25,"semana":1},{"provincia":"Bolívar","provincia_poblacion":209933,"canton":"Chillanes","canton_poblacion":16850,"total":653,"nuevas":44,"lat":-1.9333330000000002,"lng":-79.066667,"semana":1},{"provincia":"Bolívar","provincia_poblacion":209933,"canton":"Chimbo","canton_poblacion":17378,"total":550,"nuevas":33,"lat":-1.7000000000000002,"lng":-79.016667,"semana":1},{"provincia":"Bolívar","provincia_poblacion":209933,"canton":"Echeandía","canton_poblacion":14081,"total":1025,"nuevas":55,"lat":-1.4333300000000002,"lng":-79.26667,"semana":1},{"provincia":"Bolívar","provincia_poblacion":209933,"canton":"Guaranda","canton_poblacion":108763,"total":3124,"nuevas":77,"lat":-1.6055560000000002,"lng":-79.003056,"semana":1},{"provincia":"Bolívar","provincia_poblacion":209933,"canton":"Las Naves","canton_poblacion":7428,"total":437,"nuevas":13,"lat":-1.28333,"lng":-79.3,"semana":1},{"provincia":"Bolívar","provincia_poblacion":209933,"canton":"San Miguel","canton_poblacion":29004,"total":1221,"nuevas":98,"lat":-1.7000000000000002,"lng":-79.033333,"semana":1},{"provincia":"Carchi","provincia_poblacion":186869,"canton":"Bolivar","canton_poblacion":15528,"total":777,"nuevas":5,"lat":0.507099,"lng":-77.862454,"semana":1},{"provincia":"Carchi","provincia_poblacion":186869,"canton":"Espejo","canton_poblacion":13817,"total":803,"nuevas":4,"lat":0.621,"lng":-77.94,"semana":1},{"provincia":"Carchi","provincia_poblacion":186869,"canton":"Mira","canton_poblacion":11969,"total":822,"nuevas":6,"lat":0.5538999999999998,"lng":-78.0493,"semana":1},{"provincia":"Carchi","provincia_poblacion":186869,"canton":"Montúfar","canton_poblacion":34229,"total":1810,"nuevas":9,"lat":0.61,"lng":-77.84,"semana":1},{"provincia":"Carchi","provincia_poblacion":186869,"canton":"San Pedro de Huaca","canton_poblacion":8931,"total":593,"nuevas":0,"lat":0.631111,"lng":-77.725278,"semana":1},{"provincia":"Carchi","provincia_poblacion":186869,"canton":"Tulcán","canton_poblacion":102395,"total":5348,"nuevas":31,"lat":0.81218,"lng":-77.71633,"semana":1},{"provincia":"Cañar","provincia_poblacion":281396,"canton":"Azogues","canton_poblacion":86276,"total":3743,"nuevas":184,"lat":-2.733333,"lng":-78.833333,"semana":1},{"provincia":"Cañar","provincia_poblacion":281396,"canton":"Biblían","canton_poblacion":23741,"total":534,"nuevas":64,"lat":-2.7100000000000004,"lng":-78.88,"semana":1},{"provincia":"Cañar","provincia_poblacion":281396,"canton":"Cañar","canton_poblacion":68747,"total":1360,"nuevas":53,"lat":-2.4837000000000002,"lng":-78.9784,"semana":1},{"provincia":"Cañar","provincia_poblacion":281396,"canton":"Déleg","canton_poblacion":6782,"total":121,"nuevas":8,"lat":-2.7726,"lng":-78.9183,"semana":1},{"provincia":"Cañar","provincia_poblacion":281396,"canton":"El Tambo","canton_poblacion":12462,"total":391,"nuevas":13,"lat":-2.5081,"lng":-78.9249,"semana":1},{"provincia":"Cañar","provincia_poblacion":281396,"canton":"La Troncal","canton_poblacion":76872,"total":1356,"nuevas":115,"lat":-2.4000000000000004,"lng":-79.33,"semana":1},{"provincia":"Cañar","provincia_poblacion":281396,"canton":"Suscal","canton_poblacion":6516,"total":66,"nuevas":3,"lat":-2.4364000000000003,"lng":-79.0522,"semana":1},{"provincia":"Chimborazo","provincia_poblacion":524004,"canton":"Alausí","canton_poblacion":45054,"total":704,"nuevas":21,"lat":-2.2,"lng":-78.85,"semana":1},{"provincia":"Chimborazo","provincia_poblacion":524004,"canton":"Chambo","canton_poblacion":13378,"total":172,"nuevas":2,"lat":-1.7333330000000002,"lng":-78.583333,"semana":1},{"provincia":"Chimborazo","provincia_poblacion":524004,"canton":"Chunchi","canton_poblacion":12795,"total":272,"nuevas":4,"lat":-2.2833330000000003,"lng":-78.916667,"semana":1},{"provincia":"Chimborazo","provincia_poblacion":524004,"canton":"Colta","canton_poblacion":44838,"total":359,"nuevas":11,"lat":-1.7000000000000002,"lng":-78.75,"semana":1},{"provincia":"Chimborazo","provincia_poblacion":524004,"canton":"Cumandá","canton_poblacion":17973,"total":392,"nuevas":4,"lat":-2.2,"lng":-79.133333,"semana":1},{"provincia":"Chimborazo","provincia_poblacion":524004,"canton":"Guamote","canton_poblacion":58291,"total":204,"nuevas":3,"lat":-1.9333330000000002,"lng":-78.716667,"semana":1},{"provincia":"Chimborazo","provincia_poblacion":524004,"canton":"Guano","canton_poblacion":48395,"total":672,"nuevas":11,"lat":-1.583333,"lng":-78.633333,"semana":1},{"provincia":"Chimborazo","provincia_poblacion":524004,"canton":"Pallatanga","canton_poblacion":12277,"total":217,"nuevas":0,"lat":-1.9833330000000002,"lng":-78.95,"semana":1},{"provincia":"Chimborazo","provincia_poblacion":524004,"canton":"Penipe","canton_poblacion":6955,"total":147,"nuevas":0,"lat":-1.5573000000000001,"lng":-78.5396,"semana":1},{"provincia":"Chimborazo","provincia_poblacion":524004,"canton":"Riobamba","canton_poblacion":264048,"total":6895,"nuevas":195,"lat":-1.674347,"lng":-78.648294,"semana":1},{"provincia":"Cotopaxi","provincia_poblacion":488716,"canton":"La Maná","canton_poblacion":56905,"total":694,"nuevas":3,"lat":-0.9299999999999999,"lng":-79.22,"semana":1},{"provincia":"Cotopaxi","provincia_poblacion":488716,"canton":"Latacunga","canton_poblacion":205624,"total":5885,"nuevas":124,"lat":-0.933333,"lng":-78.616667,"semana":1},{"provincia":"Cotopaxi","provincia_poblacion":488716,"canton":"Pangua","canton_poblacion":24612,"total":376,"nuevas":2,"lat":-1.1333330000000001,"lng":-79.066667,"semana":1},{"provincia":"Cotopaxi","provincia_poblacion":488716,"canton":"Pujilí","canton_poblacion":79772,"total":1530,"nuevas":24,"lat":-0.95,"lng":-78.69,"semana":1},{"provincia":"Cotopaxi","provincia_poblacion":488716,"canton":"Salcedo","canton_poblacion":67100,"total":3429,"nuevas":110,"lat":-1.05,"lng":-78.583333,"semana":1},{"provincia":"Cotopaxi","provincia_poblacion":488716,"canton":"Saquisilí","canton_poblacion":31426,"total":827,"nuevas":8,"lat":-0.83,"lng":-78.67,"semana":1},{"provincia":"Cotopaxi","provincia_poblacion":488716,"canton":"Sigchos","canton_poblacion":23277,"total":472,"nuevas":2,"lat":-0.7,"lng":-78.883333,"semana":1},{"provincia":"El Oro","provincia_poblacion":715751,"canton":"Arenillas","canton_poblacion":33473,"total":887,"nuevas":19,"lat":-3.5500000000000003,"lng":-80.06,"semana":1},{"provincia":"El Oro","provincia_poblacion":715751,"canton":"Atahualpa","canton_poblacion":6436,"total":426,"nuevas":4,"lat":-2.9000000000000004,"lng":-78.933333,"semana":1},{"provincia":"El Oro","provincia_poblacion":715751,"canton":"Balsas","canton_poblacion":9233,"total":355,"nuevas":39,"lat":-3.7626000000000004,"lng":-79.8253,"semana":1},{"provincia":"El Oro","provincia_poblacion":715751,"canton":"Chilla","canton_poblacion":2379,"total":35,"nuevas":0,"lat":-3.45,"lng":-79.58,"semana":1},{"provincia":"El Oro","provincia_poblacion":715751,"canton":"El Guabo","canton_poblacion":63645,"total":867,"nuevas":30,"lat":-3.2388000000000003,"lng":-79.8292,"semana":1},{"provincia":"El Oro","provincia_poblacion":715751,"canton":"Huaquillas","canton_poblacion":60440,"total":1206,"nuevas":23,"lat":-3.48138,"lng":-80.243207,"semana":1},{"provincia":"El Oro","provincia_poblacion":715751,"canton":"Las Lajas","canton_poblacion":4963,"total":121,"nuevas":6,"lat":-3.785,"lng":-80.061667,"semana":1},{"provincia":"El Oro","provincia_poblacion":715751,"canton":"Machala","canton_poblacion":289141,"total":13362,"nuevas":427,"lat":-3.2666670000000004,"lng":-79.966667,"semana":1},{"provincia":"El Oro","provincia_poblacion":715751,"canton":"Marcabelí","canton_poblacion":6259,"total":237,"nuevas":26,"lat":-3.7860000000000005,"lng":-79.8978,"semana":1},{"provincia":"El Oro","provincia_poblacion":715751,"canton":"Pasaje","canton_poblacion":87723,"total":2260,"nuevas":164,"lat":-3.3269,"lng":-79.8049,"semana":1},{"provincia":"El Oro","provincia_poblacion":715751,"canton":"Piñas","canton_poblacion":30206,"total":2022,"nuevas":80,"lat":-3.6666670000000003,"lng":-79.65,"semana":1},{"provincia":"El Oro","provincia_poblacion":715751,"canton":"Portovelo","canton_poblacion":14028,"total":1070,"nuevas":31,"lat":-3.72,"lng":-79.62,"semana":1},{"provincia":"El Oro","provincia_poblacion":715751,"canton":"Santa Rosa","canton_poblacion":82171,"total":2844,"nuevas":69,"lat":-3.4522220000000003,"lng":-79.961667,"semana":1},{"provincia":"El Oro","provincia_poblacion":715751,"canton":"Zaruma","canton_poblacion":25654,"total":1321,"nuevas":13,"lat":-3.433333,"lng":-79.6,"semana":1},{"provincia":"Esmeraldas","provincia_poblacion":591083,"canton":"Atacames","canton_poblacion":55495,"total":804,"nuevas":11,"lat":0.866667,"lng":-79.833333,"semana":1},{"provincia":"Esmeraldas","provincia_poblacion":591083,"canton":"Eloy Alfaro","canton_poblacion":45629,"total":453,"nuevas":8,"lat":1.25,"lng":-79,"semana":1},{"provincia":"Esmeraldas","provincia_poblacion":591083,"canton":"Esmeraldas","canton_poblacion":218727,"total":5727,"nuevas":42,"lat":1.05,"lng":-79.2,"semana":1},{"provincia":"Esmeraldas","provincia_poblacion":591083,"canton":"Muisne","canton_poblacion":31106,"total":269,"nuevas":5,"lat":0.6067,"lng":-80.0183,"semana":1},{"provincia":"Esmeraldas","provincia_poblacion":591083,"canton":"Quinindé","canton_poblacion":145879,"total":2354,"nuevas":10,"lat":0.33,"lng":-79.48,"semana":1},{"provincia":"Esmeraldas","provincia_poblacion":591083,"canton":"Rioverde","canton_poblacion":31475,"total":402,"nuevas":2,"lat":1.0602,"lng":-79.4044,"semana":1},{"provincia":"Esmeraldas","provincia_poblacion":591083,"canton":"San Lorenzo","canton_poblacion":62772,"total":477,"nuevas":13,"lat":1.2658,"lng":-78.8414,"semana":1},{"provincia":"Galápagos","provincia_poblacion":33042,"canton":"Isabela","canton_poblacion":3073,"total":349,"nuevas":0,"lat":-0.4724,"lng":-90.6811,"semana":1},{"provincia":"Galápagos","provincia_poblacion":33042,"canton":"San Cristóbal","canton_poblacion":9667,"total":390,"nuevas":51,"lat":-0.7999999999999999,"lng":-89.4,"semana":1},{"provincia":"Galápagos","provincia_poblacion":33042,"canton":"Santa Cruz","canton_poblacion":20302,"total":884,"nuevas":15,"lat":-0.633333,"lng":-90.366667,"semana":1},{"provincia":"Guayas","provincia_poblacion":4387434,"canton":"Alfredo Baquerizo Moreno","canton_poblacion":32110,"total":202,"nuevas":14,"lat":-1.9166670000000001,"lng":-79.516667,"semana":1},{"provincia":"Guayas","provincia_poblacion":4387434,"canton":"Balao","canton_poblacion":26348,"total":373,"nuevas":2,"lat":-2.91,"lng":-79.81,"semana":1},{"provincia":"Guayas","provincia_poblacion":4387434,"canton":"Balzar","canton_poblacion":60260,"total":802,"nuevas":15,"lat":-1.36,"lng":-79.9,"semana":1},{"provincia":"Guayas","provincia_poblacion":4387434,"canton":"Colimes","canton_poblacion":26169,"total":269,"nuevas":12,"lat":-1.55,"lng":-80.016667,"semana":1},{"provincia":"Guayas","provincia_poblacion":4387434,"canton":"Coronel Marcelino Maridueña","canton_poblacion":13132,"total":147,"nuevas":5,"lat":-2.2,"lng":-79.42,"semana":1},{"provincia":"Guayas","provincia_poblacion":4387434,"canton":"Daule","canton_poblacion":173684,"total":2394,"nuevas":121,"lat":-1.866667,"lng":-79.983333,"semana":1},{"provincia":"Guayas","provincia_poblacion":4387434,"canton":"Durán","canton_poblacion":315724,"total":4326,"nuevas":235,"lat":-2.1666670000000003,"lng":-79.833333,"semana":1},{"provincia":"Guayas","provincia_poblacion":4387434,"canton":"El Triunfo","canton_poblacion":59636,"total":936,"nuevas":14,"lat":-2.33,"lng":-79.4,"semana":1},{"provincia":"Guayas","provincia_poblacion":4387434,"canton":"Empalme","canton_poblacion":86073,"total":1355,"nuevas":44,"lat":-1.046111,"lng":-79.633611,"semana":1},{"provincia":"Guayas","provincia_poblacion":4387434,"canton":"General Antonio Elizalde","canton_poblacion":13156,"total":565,"nuevas":9,"lat":-2.2,"lng":-79.17,"semana":1},{"provincia":"Guayas","provincia_poblacion":4387434,"canton":"Guayaquil","canton_poblacion":2723665,"total":60150,"nuevas":4472,"lat":-2.183333,"lng":-79.883333,"semana":1},{"provincia":"Guayas","provincia_poblacion":4387434,"canton":"Isidro Ayora","canton_poblacion":14582,"total":143,"nuevas":6,"lat":-1.8833330000000001,"lng":-80.166667,"semana":1},{"provincia":"Guayas","provincia_poblacion":4387434,"canton":"Lomas de Sargentillo","canton_poblacion":24220,"total":168,"nuevas":5,"lat":-1.8833330000000001,"lng":-80.083333,"semana":1},{"provincia":"Guayas","provincia_poblacion":4387434,"canton":"Milagro","canton_poblacion":199835,"total":4501,"nuevas":153,"lat":-2.126944,"lng":-79.599167,"semana":1},{"provincia":"Guayas","provincia_poblacion":4387434,"canton":"Naranjal","canton_poblacion":95052,"total":1643,"nuevas":49,"lat":-2.6728,"lng":-79.615,"semana":1},{"provincia":"Guayas","provincia_poblacion":4387434,"canton":"Naranjito","canton_poblacion":43862,"total":572,"nuevas":21,"lat":-2.173,"lng":-79.4671,"semana":1},{"provincia":"Guayas","provincia_poblacion":4387434,"canton":"Nobol","canton_poblacion":26444,"total":129,"nuevas":6,"lat":-1.9166710000000002,"lng":-80.011539,"semana":1},{"provincia":"Guayas","provincia_poblacion":4387434,"canton":"Palestina","canton_poblacion":18451,"total":169,"nuevas":10,"lat":-1.6263,"lng":-79.977,"semana":1},{"provincia":"Guayas","provincia_poblacion":4387434,"canton":"Pedro Carbo","canton_poblacion":51802,"total":1000,"nuevas":21,"lat":-1.833333,"lng":-80.233333,"semana":1},{"provincia":"Guayas","provincia_poblacion":4387434,"canton":"Playas","canton_poblacion":59628,"total":615,"nuevas":22,"lat":-2.62333,"lng":-80.3875,"semana":1},{"provincia":"Guayas","provincia_poblacion":4387434,"canton":"Salitre","canton_poblacion":65765,"total":1029,"nuevas":125,"lat":-1.829444,"lng":-79.815556,"semana":1},{"provincia":"Guayas","provincia_poblacion":4387434,"canton":"Samborondón","canton_poblacion":102404,"total":2380,"nuevas":114,"lat":-2.183333,"lng":-79.883333,"semana":1},{"provincia":"Guayas","provincia_poblacion":4387434,"canton":"San Jacinto De Yaguachi","canton_poblacion":78204,"total":681,"nuevas":41,"lat":-2.12,"lng":-79.69,"semana":1},{"provincia":"Guayas","provincia_poblacion":4387434,"canton":"Santa Lucía","canton_poblacion":45004,"total":190,"nuevas":16,"lat":-1.7138890000000002,"lng":-79.985,"semana":1},{"provincia":"Guayas","provincia_poblacion":4387434,"canton":"Simón Bolivar","canton_poblacion":32224,"total":211,"nuevas":6,"lat":-2.156667,"lng":-79.8875,"semana":1},{"provincia":"Imbabura","provincia_poblacion":476257,"canton":"Antonio Ante","canton_poblacion":54311,"total":2153,"nuevas":32,"lat":0.32,"lng":-78.21,"semana":1},{"provincia":"Imbabura","provincia_poblacion":476257,"canton":"Cotacachi","canton_poblacion":44203,"total":1911,"nuevas":40,"lat":0.3,"lng":-78.266667,"semana":1},{"provincia":"Imbabura","provincia_poblacion":476257,"canton":"Ibarra","canton_poblacion":221149,"total":9759,"nuevas":250,"lat":0.362678,"lng":-78.130667,"semana":1},{"provincia":"Imbabura","provincia_poblacion":476257,"canton":"Otavalo","canton_poblacion":125785,"total":3734,"nuevas":46,"lat":0.23333299999999998,"lng":-78.266667,"semana":1},{"provincia":"Imbabura","provincia_poblacion":476257,"canton":"Pimampiro","canton_poblacion":13269,"total":469,"nuevas":5,"lat":0.39999999999999997,"lng":-77.97,"semana":1},{"provincia":"Imbabura","provincia_poblacion":476257,"canton":"San Miguel de Urcuquí","canton_poblacion":17540,"total":616,"nuevas":7,"lat":0.52,"lng":-78.2,"semana":1},{"provincia":"Loja","provincia_poblacion":521154,"canton":"Calvas","canton_poblacion":29565,"total":824,"nuevas":52,"lat":-4.32,"lng":-79.56,"semana":1},{"provincia":"Loja","provincia_poblacion":521154,"canton":"Catamayo","canton_poblacion":35961,"total":850,"nuevas":7,"lat":-3.9800000000000004,"lng":-79.35,"semana":1},{"provincia":"Loja","provincia_poblacion":521154,"canton":"Celica","canton_poblacion":16160,"total":304,"nuevas":1,"lat":-4.1025,"lng":-79.954444,"semana":1},{"provincia":"Loja","provincia_poblacion":521154,"canton":"Chaguarpamba","canton_poblacion":6620,"total":92,"nuevas":3,"lat":-3.85,"lng":-79.65,"semana":1},{"provincia":"Loja","provincia_poblacion":521154,"canton":"Espíndola","canton_poblacion":14209,"total":382,"nuevas":14,"lat":-4.583056,"lng":-79.426944,"semana":1},{"provincia":"Loja","provincia_poblacion":521154,"canton":"Gonzanamá","canton_poblacion":10953,"total":242,"nuevas":8,"lat":-4.231389,"lng":-79.435278,"semana":1},{"provincia":"Loja","provincia_poblacion":521154,"canton":"Loja","canton_poblacion":274112,"total":12980,"nuevas":212,"lat":-3.9833330000000005,"lng":-79.2,"semana":1},{"provincia":"Loja","provincia_poblacion":521154,"canton":"Macará","canton_poblacion":20269,"total":1159,"nuevas":14,"lat":-4.383333,"lng":-79.95,"semana":1},{"provincia":"Loja","provincia_poblacion":521154,"canton":"Olmedo","canton_poblacion":4220,"total":69,"nuevas":0,"lat":-3.934,"lng":-79.648,"semana":1},{"provincia":"Loja","provincia_poblacion":521154,"canton":"Paltas","canton_poblacion":23471,"total":943,"nuevas":17,"lat":-4.0500000000000025,"lng":-79.65,"semana":1},{"provincia":"Loja","provincia_poblacion":521154,"canton":"Pindal","canton_poblacion":10540,"total":167,"nuevas":4,"lat":-4.1161,"lng":-80.1076,"semana":1},{"provincia":"Loja","provincia_poblacion":521154,"canton":"Puyango","canton_poblacion":15925,"total":245,"nuevas":17,"lat":-3.87,"lng":-80.09,"semana":1},{"provincia":"Loja","provincia_poblacion":521154,"canton":"Quilanga","canton_poblacion":4197,"total":155,"nuevas":3,"lat":-4.298,"lng":-79.3986,"semana":1},{"provincia":"Loja","provincia_poblacion":521154,"canton":"Saraguro","canton_poblacion":33506,"total":686,"nuevas":9,"lat":-3.6253,"lng":-79.2411,"semana":1},{"provincia":"Loja","provincia_poblacion":521154,"canton":"Sozoranga","canton_poblacion":7121,"total":118,"nuevas":2,"lat":-4.327778,"lng":-79.789722,"semana":1},{"provincia":"Loja","provincia_poblacion":521154,"canton":"Zapotillo","canton_poblacion":14325,"total":249,"nuevas":1,"lat":-4.3863600000000025,"lng":-80.2436,"semana":1},{"provincia":"Los Ríos","provincia_poblacion":921763,"canton":"Baba","canton_poblacion":43429,"total":387,"nuevas":9,"lat":-1.784167,"lng":-79.676667,"semana":1},{"provincia":"Los Ríos","provincia_poblacion":921763,"canton":"Babahoyo","canton_poblacion":175281,"total":4190,"nuevas":89,"lat":-1.8,"lng":-79.533333,"semana":1},{"provincia":"Los Ríos","provincia_poblacion":921763,"canton":"Buena Fe","canton_poblacion":83654,"total":879,"nuevas":8,"lat":-0.8985719999999999,"lng":-79.488916,"semana":1},{"provincia":"Los Ríos","provincia_poblacion":921763,"canton":"Mocache","canton_poblacion":43316,"total":167,"nuevas":5,"lat":-1.18385,"lng":-79.50553,"semana":1},{"provincia":"Los Ríos","provincia_poblacion":921763,"canton":"Montalvo","canton_poblacion":28720,"total":567,"nuevas":15,"lat":-1.7938,"lng":-79.2857,"semana":1},{"provincia":"Los Ríos","provincia_poblacion":921763,"canton":"Palenque","canton_poblacion":23638,"total":407,"nuevas":2,"lat":-1.4328,"lng":-79.7495,"semana":1},{"provincia":"Los Ríos","provincia_poblacion":921763,"canton":"Puebloviejo","canton_poblacion":44725,"total":420,"nuevas":10,"lat":-1.55,"lng":-79.533889,"semana":1},{"provincia":"Los Ríos","provincia_poblacion":921763,"canton":"Quevedo","canton_poblacion":213842,"total":2948,"nuevas":56,"lat":-1.033333,"lng":-79.45,"semana":1},{"provincia":"Los Ríos","provincia_poblacion":921763,"canton":"Quinsaloma","canton_poblacion":20428,"total":372,"nuevas":5,"lat":-1.2062000000000002,"lng":-79.3145,"semana":1},{"provincia":"Los Ríos","provincia_poblacion":921763,"canton":"Urdaneta","canton_poblacion":32618,"total":580,"nuevas":22,"lat":-1.570556,"lng":-79.471111,"semana":1},{"provincia":"Los Ríos","provincia_poblacion":921763,"canton":"Valencia","canton_poblacion":54637,"total":652,"nuevas":14,"lat":-0.9525,"lng":-79.3531,"semana":1},{"provincia":"Los Ríos","provincia_poblacion":921763,"canton":"Ventanas","canton_poblacion":75146,"total":1506,"nuevas":56,"lat":-1.4500000000000002,"lng":-79.47,"semana":1},{"provincia":"Los Ríos","provincia_poblacion":921763,"canton":"Vinces","canton_poblacion":82329,"total":1171,"nuevas":85,"lat":-1.5583330000000002,"lng":-79.75,"semana":1},{"provincia":"Manabí","provincia_poblacion":1562079,"canton":"Bolívar","canton_poblacion":45493,"total":938,"nuevas":57,"lat":-0.841944,"lng":-80.161944,"semana":1},{"provincia":"Manabí","provincia_poblacion":1562079,"canton":"Chone","canton_poblacion":131002,"total":4325,"nuevas":89,"lat":-0.683333,"lng":-80.1,"semana":1},{"provincia":"Manabí","provincia_poblacion":1562079,"canton":"El Carmen","canton_poblacion":111344,"total":1219,"nuevas":28,"lat":-1.3147000000000002,"lng":-80.0169,"semana":1},{"provincia":"Manabí","provincia_poblacion":1562079,"canton":"Flavio Alfaro","canton_poblacion":23822,"total":465,"nuevas":2,"lat":-0.4054,"lng":-79.9058,"semana":1},{"provincia":"Manabí","provincia_poblacion":1562079,"canton":"Jama","canton_poblacion":26116,"total":265,"nuevas":26,"lat":-0.2014,"lng":-80.2659,"semana":1},{"provincia":"Manabí","provincia_poblacion":1562079,"canton":"Jaramijó","canton_poblacion":28439,"total":252,"nuevas":7,"lat":-0.94873,"lng":-80.6363,"semana":1},{"provincia":"Manabí","provincia_poblacion":1562079,"canton":"Jipijapa","canton_poblacion":74645,"total":2076,"nuevas":102,"lat":-1.3333300000000001,"lng":-80.5833,"semana":1},{"provincia":"Manabí","provincia_poblacion":1562079,"canton":"Junín","canton_poblacion":18820,"total":544,"nuevas":23,"lat":-0.92916,"lng":-80.20569,"semana":1},{"provincia":"Manabí","provincia_poblacion":1562079,"canton":"Manta","canton_poblacion":264281,"total":5154,"nuevas":138,"lat":-0.950022,"lng":-80.7162,"semana":1},{"provincia":"Manabí","provincia_poblacion":1562079,"canton":"Montecristi","canton_poblacion":107785,"total":941,"nuevas":33,"lat":-1.03333,"lng":-80.65,"semana":1},{"provincia":"Manabí","provincia_poblacion":1562079,"canton":"Olmedo","canton_poblacion":10194,"total":499,"nuevas":17,"lat":-1.396111,"lng":-80.206111,"semana":1},{"provincia":"Manabí","provincia_poblacion":1562079,"canton":"Paján","canton_poblacion":37093,"total":614,"nuevas":30,"lat":-1.57,"lng":-80.42,"semana":1},{"provincia":"Manabí","provincia_poblacion":1562079,"canton":"Pedernales","canton_poblacion":63441,"total":760,"nuevas":26,"lat":0.07010000000000001,"lng":-80.0536,"semana":1},{"provincia":"Manabí","provincia_poblacion":1562079,"canton":"Pichincha","canton_poblacion":29599,"total":623,"nuevas":32,"lat":-1.0473000000000001,"lng":-79.8186,"semana":1},{"provincia":"Manabí","provincia_poblacion":1562079,"canton":"Portoviejo","canton_poblacion":321800,"total":12545,"nuevas":586,"lat":-1.056181,"lng":-80.455217,"semana":1},{"provincia":"Manabí","provincia_poblacion":1562079,"canton":"Puerto López","canton_poblacion":24688,"total":622,"nuevas":97,"lat":-1.566667,"lng":-80.816667,"semana":1},{"provincia":"Manabí","provincia_poblacion":1562079,"canton":"Rocafuerte","canton_poblacion":37312,"total":1596,"nuevas":29,"lat":-0.9199999999999999,"lng":-80.46,"semana":1},{"provincia":"Manabí","provincia_poblacion":1562079,"canton":"San Vicente","canton_poblacion":24799,"total":531,"nuevas":12,"lat":-0.5892999999999999,"lng":-80.4088,"semana":1},{"provincia":"Manabí","provincia_poblacion":1562079,"canton":"Santa Ana","canton_poblacion":48152,"total":1350,"nuevas":54,"lat":-1.2069,"lng":-80.3709,"semana":1},{"provincia":"Manabí","provincia_poblacion":1562079,"canton":"Sucre","canton_poblacion":62443,"total":1693,"nuevas":36,"lat":-0.6,"lng":-80.416667,"semana":1},{"provincia":"Manabí","provincia_poblacion":1562079,"canton":"Tosagua","canton_poblacion":42297,"total":820,"nuevas":13,"lat":-0.78,"lng":-80.26,"semana":1},{"provincia":"Manabí","provincia_poblacion":1562079,"canton":"Veinticuatro de Mayo","canton_poblacion":28514,"total":1038,"nuevas":62,"lat":-1.2788890000000002,"lng":-80.42,"semana":1},{"provincia":"Morona Santiago","provincia_poblacion":196535,"canton":"Gualaquiza","canton_poblacion":19555,"total":1106,"nuevas":31,"lat":-3.3800000000000003,"lng":-78.58,"semana":1},{"provincia":"Morona Santiago","provincia_poblacion":196535,"canton":"Huamboya","canton_poblacion":12382,"total":126,"nuevas":0,"lat":-1.7850000000000001,"lng":-78.231944,"semana":1},{"provincia":"Morona Santiago","provincia_poblacion":196535,"canton":"Limón Indanza","canton_poblacion":10349,"total":463,"nuevas":12,"lat":-2.96625,"lng":-78.430528,"semana":1},{"provincia":"Morona Santiago","provincia_poblacion":196535,"canton":"Logroño","canton_poblacion":7643,"total":191,"nuevas":5,"lat":-2.6248,"lng":-78.1896,"semana":1},{"provincia":"Morona Santiago","provincia_poblacion":196535,"canton":"Morona","canton_poblacion":58281,"total":3278,"nuevas":14,"lat":-2.3000000000000003,"lng":-78.116667,"semana":1},{"provincia":"Morona Santiago","provincia_poblacion":196535,"canton":"Pablo Sexto","canton_poblacion":2897,"total":95,"nuevas":3,"lat":-1.8030560000000002,"lng":-77.921111,"semana":1},{"provincia":"Morona Santiago","provincia_poblacion":196535,"canton":"Palora","canton_poblacion":7719,"total":490,"nuevas":6,"lat":-1.7000000000000002,"lng":-77.94,"semana":1},{"provincia":"Morona Santiago","provincia_poblacion":196535,"canton":"San Juan Bosco","canton_poblacion":4985,"total":130,"nuevas":1,"lat":-3.0923000000000003,"lng":-78.5132,"semana":1},{"provincia":"Morona Santiago","provincia_poblacion":196535,"canton":"Santiago","canton_poblacion":11087,"total":375,"nuevas":9,"lat":-3.4298,"lng":-78.5656,"semana":1},{"provincia":"Morona Santiago","provincia_poblacion":196535,"canton":"Sucúa","canton_poblacion":23823,"total":1007,"nuevas":38,"lat":-2.4600000000000004,"lng":-78.17,"semana":1},{"provincia":"Morona Santiago","provincia_poblacion":196535,"canton":"Taisha","canton_poblacion":26773,"total":253,"nuevas":5,"lat":-2.33995,"lng":-77.45808,"semana":1},{"provincia":"Morona Santiago","provincia_poblacion":196535,"canton":"Tiwintza","canton_poblacion":11041,"total":103,"nuevas":2,"lat":-2.91767,"lng":-77.8017,"semana":1},{"provincia":"Napo","provincia_poblacion":133705,"canton":"Archidona","canton_poblacion":33068,"total":562,"nuevas":14,"lat":-0.916667,"lng":-77.783333,"semana":1},{"provincia":"Napo","provincia_poblacion":133705,"canton":"Carlos Julio Arosemena Tola","canton_poblacion":4466,"total":102,"nuevas":3,"lat":-1.1666670000000001,"lng":-77.85,"semana":1},{"provincia":"Napo","provincia_poblacion":133705,"canton":"El Chaco","canton_poblacion":10142,"total":531,"nuevas":3,"lat":-0.34027799999999997,"lng":-77.808889,"semana":1},{"provincia":"Napo","provincia_poblacion":133705,"canton":"Quijos","canton_poblacion":6847,"total":504,"nuevas":14,"lat":-0.463611,"lng":-77.892778,"semana":1},{"provincia":"Napo","provincia_poblacion":133705,"canton":"Tena","canton_poblacion":79182,"total":3044,"nuevas":78,"lat":-0.989,"lng":-77.8159,"semana":1},{"provincia":"Orellana","provincia_poblacion":161338,"canton":"Aguarico","canton_poblacion":3629,"total":522,"nuevas":5,"lat":-0.921111,"lng":-75.399167,"semana":1},{"provincia":"Orellana","provincia_poblacion":161338,"canton":"La Joya de los Sachas","canton_poblacion":39352,"total":781,"nuevas":5,"lat":-0.3,"lng":-76.85,"semana":1},{"provincia":"Orellana","provincia_poblacion":161338,"canton":"Loreto","canton_poblacion":24579,"total":193,"nuevas":1,"lat":-0.6904,"lng":-77.3083,"semana":1},{"provincia":"Orellana","provincia_poblacion":161338,"canton":"Orellana","canton_poblacion":93778,"total":2768,"nuevas":22,"lat":-0.466667,"lng":-76.966667,"semana":1},{"provincia":"Pastaza","provincia_poblacion":114202,"canton":"Arajuno","canton_poblacion":8128,"total":157,"nuevas":0,"lat":-1.2343700000000002,"lng":-77.6875,"semana":1},{"provincia":"Pastaza","provincia_poblacion":114202,"canton":"Mera","canton_poblacion":17547,"total":863,"nuevas":6,"lat":-1.4600000000000002,"lng":-78.09,"semana":1},{"provincia":"Pastaza","provincia_poblacion":114202,"canton":"Pastaza","canton_poblacion":84377,"total":2797,"nuevas":27,"lat":-1.066667,"lng":-78.001111,"semana":1},{"provincia":"Pastaza","provincia_poblacion":114202,"canton":"Santa Clara","canton_poblacion":4150,"total":153,"nuevas":2,"lat":-1.2671000000000001,"lng":-77.8882,"semana":1},{"provincia":"Pichincha","provincia_poblacion":3228233,"canton":"Cayambe","canton_poblacion":107660,"total":2026,"nuevas":45,"lat":0.043889000000000004,"lng":-78.1561,"semana":1},{"provincia":"Pichincha","provincia_poblacion":3228233,"canton":"Mejía","canton_poblacion":108167,"total":4330,"nuevas":48,"lat":-0.5101,"lng":-78.5698,"semana":1},{"provincia":"Pichincha","provincia_poblacion":3228233,"canton":"Pedro Moncayo","canton_poblacion":43281,"total":535,"nuevas":6,"lat":0.043697,"lng":-78.34924,"semana":1},{"provincia":"Pichincha","provincia_poblacion":3228233,"canton":"Pedro Vicente Maldonado","canton_poblacion":17171,"total":443,"nuevas":1,"lat":0.166667,"lng":-79,"semana":1},{"provincia":"Pichincha","provincia_poblacion":3228233,"canton":"Puerto Quito","canton_poblacion":24911,"total":555,"nuevas":2,"lat":0.11699999999999999,"lng":-79.264,"semana":1},{"provincia":"Pichincha","provincia_poblacion":3228233,"canton":"Quito","canton_poblacion":2781641,"total":190851,"nuevas":2748,"lat":-0.218611,"lng":-78.509722,"semana":1},{"provincia":"Pichincha","provincia_poblacion":3228233,"canton":"Rumiñahui","canton_poblacion":115433,"total":6774,"nuevas":85,"lat":-0.3345,"lng":-78.4475,"semana":1},{"provincia":"Pichincha","provincia_poblacion":3228233,"canton":"San Miguel de Los Bancos","canton_poblacion":29969,"total":772,"nuevas":20,"lat":0.023000000000000003,"lng":-78.892,"semana":1},{"provincia":"Santa Elena","provincia_poblacion":401178,"canton":"La Libertad","canton_poblacion":117767,"total":1620,"nuevas":62,"lat":-2.233333,"lng":-80.9,"semana":1},{"provincia":"Santa Elena","provincia_poblacion":401178,"canton":"Salinas","canton_poblacion":94590,"total":1161,"nuevas":36,"lat":-2.216667,"lng":-80.95,"semana":1},{"provincia":"Santa Elena","provincia_poblacion":401178,"canton":"Santa Elena","canton_poblacion":188821,"total":2130,"nuevas":76,"lat":-2.2267,"lng":-80.8583,"semana":1},{"provincia":"Sto. Domingo Tsáchilas","provincia_poblacion":511151,"canton":"La Concordia","canton_poblacion":52571,"total":1628,"nuevas":30,"lat":0.0023,"lng":-79.3846,"semana":1},{"provincia":"Sto. Domingo Tsáchilas","provincia_poblacion":511151,"canton":"Santo Domingo","canton_poblacion":458580,"total":11770,"nuevas":82,"lat":-0.254167,"lng":-79.171944,"semana":1},{"provincia":"Sucumbíos","provincia_poblacion":230503,"canton":"Cascales","canton_poblacion":15882,"total":322,"nuevas":13,"lat":-0.0675,"lng":-77.216944,"semana":1},{"provincia":"Sucumbíos","provincia_poblacion":230503,"canton":"Cuyabeno","canton_poblacion":7154,"total":363,"nuevas":4,"lat":-0.128889,"lng":-76.413889,"semana":1},{"provincia":"Sucumbíos","provincia_poblacion":230503,"canton":"Gonzalo Pizarro","canton_poblacion":10007,"total":368,"nuevas":8,"lat":0.047,"lng":-77.3228,"semana":1},{"provincia":"Sucumbíos","provincia_poblacion":230503,"canton":"Lago Agrio","canton_poblacion":119594,"total":3978,"nuevas":93,"lat":0.08472200000000002,"lng":-76.882778,"semana":1},{"provincia":"Sucumbíos","provincia_poblacion":230503,"canton":"Putumayo","canton_poblacion":16106,"total":314,"nuevas":0,"lat":0.1,"lng":-75.85,"semana":1},{"provincia":"Sucumbíos","provincia_poblacion":230503,"canton":"Shushufindi","canton_poblacion":57949,"total":1444,"nuevas":3,"lat":-0.1871,"lng":-76.645,"semana":1},{"provincia":"Sucumbíos","provincia_poblacion":230503,"canton":"Sucumbíos","canton_poblacion":3811,"total":168,"nuevas":0,"lat":0.4592,"lng":-77.523,"semana":1},{"provincia":"Tungurahua","provincia_poblacion":590600,"canton":"Ambato","canton_poblacion":387309,"total":12860,"nuevas":289,"lat":-1.241667,"lng":-78.619722,"semana":1},{"provincia":"Tungurahua","provincia_poblacion":590600,"canton":"Baños","canton_poblacion":25043,"total":1449,"nuevas":28,"lat":-1.396389,"lng":-78.424722,"semana":1},{"provincia":"Tungurahua","provincia_poblacion":590600,"canton":"Cevallos","canton_poblacion":9936,"total":145,"nuevas":0,"lat":-1.35,"lng":-78.616667,"semana":1},{"provincia":"Tungurahua","provincia_poblacion":590600,"canton":"Mocha","canton_poblacion":7336,"total":101,"nuevas":2,"lat":-1.4166670000000001,"lng":-78.666667,"semana":1},{"provincia":"Tungurahua","provincia_poblacion":590600,"canton":"Patate","canton_poblacion":15825,"total":384,"nuevas":7,"lat":-1.316667,"lng":-78.516667,"semana":1},{"provincia":"Tungurahua","provincia_poblacion":590600,"canton":"Pelileo","canton_poblacion":66836,"total":1406,"nuevas":18,"lat":-1.3275000000000001,"lng":-78.540833,"semana":1},{"provincia":"Tungurahua","provincia_poblacion":590600,"canton":"Píllaro","canton_poblacion":43371,"total":508,"nuevas":19,"lat":-1.1758330000000001,"lng":-78.555278,"semana":1},{"provincia":"Tungurahua","provincia_poblacion":590600,"canton":"Quero","canton_poblacion":20627,"total":226,"nuevas":1,"lat":-1.3793000000000002,"lng":-78.607,"semana":1},{"provincia":"Tungurahua","provincia_poblacion":590600,"canton":"Tisaleo","canton_poblacion":14317,"total":153,"nuevas":7,"lat":-1.35,"lng":-78.666667,"semana":1},{"provincia":"Zamora Chinchipe","provincia_poblacion":120416,"canton":"Centinela del Cóndor","canton_poblacion":8313,"total":238,"nuevas":2,"lat":-3.8949100000000003,"lng":-78.78141,"semana":1},{"provincia":"Zamora Chinchipe","provincia_poblacion":120416,"canton":"Chinchipe","canton_poblacion":10679,"total":432,"nuevas":2,"lat":-4.8628,"lng":-79.1328,"semana":1},{"provincia":"Zamora Chinchipe","provincia_poblacion":120416,"canton":"El Pangui","canton_poblacion":10945,"total":363,"nuevas":4,"lat":-3.6249000000000002,"lng":-78.5871,"semana":1},{"provincia":"Zamora Chinchipe","provincia_poblacion":120416,"canton":"Nangaritza","canton_poblacion":8014,"total":98,"nuevas":6,"lat":-4.048333,"lng":-78.682222,"semana":1},{"provincia":"Zamora Chinchipe","provincia_poblacion":120416,"canton":"Palanda","canton_poblacion":10144,"total":153,"nuevas":1,"lat":-4.6498,"lng":-79.1321,"semana":1},{"provincia":"Zamora Chinchipe","provincia_poblacion":120416,"canton":"Paquisha","canton_poblacion":5992,"total":118,"nuevas":3,"lat":-3.9327500000000004,"lng":-78.67426,"semana":1},{"provincia":"Zamora Chinchipe","provincia_poblacion":120416,"canton":"Yacuambi","canton_poblacion":7121,"total":107,"nuevas":0,"lat":-3.63444,"lng":-78.9281,"semana":1},{"provincia":"Zamora Chinchipe","provincia_poblacion":120416,"canton":"Yantzaza","canton_poblacion":26447,"total":791,"nuevas":8,"lat":-3.85,"lng":-78.75,"semana":1},{"provincia":"Zamora Chinchipe","provincia_poblacion":120416,"canton":"Zamora","canton_poblacion":32761,"total":1023,"nuevas":15,"lat":-4.12,"lng":-78.8,"semana":1},{"provincia":"Azuay","provincia_poblacion":881394,"canton":"Camilo Ponce Enríquez","canton_poblacion":36423,"total":627,"nuevas":40,"lat":-3.0500000000000003,"lng":-79.733333,"semana":2},{"provincia":"Azuay","provincia_poblacion":881394,"canton":"Chordeleg","canton_poblacion":15176,"total":241,"nuevas":11,"lat":-2.933333,"lng":-78.766667,"semana":2},{"provincia":"Azuay","provincia_poblacion":881394,"canton":"Cuenca","canton_poblacion":636996,"total":23651,"nuevas":309,"lat":-2.8974140000000004,"lng":-79.004481,"semana":2},{"provincia":"Azuay","provincia_poblacion":881394,"canton":"El Pan","canton_poblacion":3091,"total":181,"nuevas":13,"lat":-2.786111,"lng":-78.665,"semana":2},{"provincia":"Azuay","provincia_poblacion":881394,"canton":"Girón","canton_poblacion":13037,"total":405,"nuevas":1,"lat":-3.159028,"lng":-79.147568,"semana":2},{"provincia":"Azuay","provincia_poblacion":881394,"canton":"Guachapala","canton_poblacion":3859,"total":315,"nuevas":5,"lat":-2.769,"lng":-78.709,"semana":2},{"provincia":"Azuay","provincia_poblacion":881394,"canton":"Gualaceo","canton_poblacion":49104,"total":1313,"nuevas":42,"lat":-2.9000000000000004,"lng":-78.783333,"semana":2},{"provincia":"Azuay","provincia_poblacion":881394,"canton":"Nabón","canton_poblacion":17292,"total":207,"nuevas":3,"lat":-3.3360600000000002,"lng":-79.06368,"semana":2},{"provincia":"Azuay","provincia_poblacion":881394,"canton":"Oña","canton_poblacion":4128,"total":55,"nuevas":3,"lat":-3.46964,"lng":-79.15431,"semana":2},{"provincia":"Azuay","provincia_poblacion":881394,"canton":"Paute","canton_poblacion":29214,"total":1421,"nuevas":34,"lat":-2.7818,"lng":-78.76,"semana":2},{"provincia":"Azuay","provincia_poblacion":881394,"canton":"Pucará","canton_poblacion":10584,"total":150,"nuevas":1,"lat":-3.2337800000000003,"lng":-79.4612,"semana":2},{"provincia":"Azuay","provincia_poblacion":881394,"canton":"San Fernando","canton_poblacion":4156,"total":129,"nuevas":9,"lat":-3.1445000000000003,"lng":-79.252,"semana":2},{"provincia":"Azuay","provincia_poblacion":881394,"canton":"Santa Isabel","canton_poblacion":20935,"total":1073,"nuevas":34,"lat":-3.2741700000000002,"lng":-79.3156,"semana":2},{"provincia":"Azuay","provincia_poblacion":881394,"canton":"Sevilla de Oro","canton_poblacion":6890,"total":485,"nuevas":5,"lat":-2.799833,"lng":-78.655694,"semana":2},{"provincia":"Azuay","provincia_poblacion":881394,"canton":"Sígsig","canton_poblacion":30509,"total":534,"nuevas":19,"lat":-3.0897,"lng":-78.8032,"semana":2},{"provincia":"Bolívar","provincia_poblacion":209933,"canton":"Caluma","canton_poblacion":16429,"total":1192,"nuevas":95,"lat":-1.6333300000000002,"lng":-79.25,"semana":2},{"provincia":"Bolívar","provincia_poblacion":209933,"canton":"Chillanes","canton_poblacion":16850,"total":682,"nuevas":29,"lat":-1.9333330000000002,"lng":-79.066667,"semana":2},{"provincia":"Bolívar","provincia_poblacion":209933,"canton":"Chimbo","canton_poblacion":17378,"total":603,"nuevas":53,"lat":-1.7000000000000002,"lng":-79.016667,"semana":2},{"provincia":"Bolívar","provincia_poblacion":209933,"canton":"Echeandía","canton_poblacion":14081,"total":1060,"nuevas":35,"lat":-1.4333300000000002,"lng":-79.26667,"semana":2},{"provincia":"Bolívar","provincia_poblacion":209933,"canton":"Guaranda","canton_poblacion":108763,"total":3224,"nuevas":100,"lat":-1.6055560000000002,"lng":-79.003056,"semana":2},{"provincia":"Bolívar","provincia_poblacion":209933,"canton":"Las Naves","canton_poblacion":7428,"total":458,"nuevas":21,"lat":-1.28333,"lng":-79.3,"semana":2},{"provincia":"Bolívar","provincia_poblacion":209933,"canton":"San Miguel","canton_poblacion":29004,"total":1316,"nuevas":95,"lat":-1.7000000000000002,"lng":-79.033333,"semana":2},{"provincia":"Carchi","provincia_poblacion":186869,"canton":"Bolivar","canton_poblacion":15528,"total":790,"nuevas":13,"lat":0.507099,"lng":-77.862454,"semana":2},{"provincia":"Carchi","provincia_poblacion":186869,"canton":"Espejo","canton_poblacion":13817,"total":816,"nuevas":13,"lat":0.621,"lng":-77.94,"semana":2},{"provincia":"Carchi","provincia_poblacion":186869,"canton":"Mira","canton_poblacion":11969,"total":836,"nuevas":14,"lat":0.5538999999999998,"lng":-78.0493,"semana":2},{"provincia":"Carchi","provincia_poblacion":186869,"canton":"Montúfar","canton_poblacion":34229,"total":1851,"nuevas":41,"lat":0.61,"lng":-77.84,"semana":2},{"provincia":"Carchi","provincia_poblacion":186869,"canton":"San Pedro de Huaca","canton_poblacion":8931,"total":598,"nuevas":5,"lat":0.631111,"lng":-77.725278,"semana":2},{"provincia":"Carchi","provincia_poblacion":186869,"canton":"Tulcán","canton_poblacion":102395,"total":5453,"nuevas":105,"lat":0.81218,"lng":-77.71633,"semana":2},{"provincia":"Cañar","provincia_poblacion":281396,"canton":"Azogues","canton_poblacion":86276,"total":4018,"nuevas":275,"lat":-2.733333,"lng":-78.833333,"semana":2},{"provincia":"Cañar","provincia_poblacion":281396,"canton":"Biblían","canton_poblacion":23741,"total":599,"nuevas":65,"lat":-2.7100000000000004,"lng":-78.88,"semana":2},{"provincia":"Cañar","provincia_poblacion":281396,"canton":"Cañar","canton_poblacion":68747,"total":1444,"nuevas":84,"lat":-2.4837000000000002,"lng":-78.9784,"semana":2},{"provincia":"Cañar","provincia_poblacion":281396,"canton":"Déleg","canton_poblacion":6782,"total":125,"nuevas":4,"lat":-2.7726,"lng":-78.9183,"semana":2},{"provincia":"Cañar","provincia_poblacion":281396,"canton":"El Tambo","canton_poblacion":12462,"total":418,"nuevas":27,"lat":-2.5081,"lng":-78.9249,"semana":2},{"provincia":"Cañar","provincia_poblacion":281396,"canton":"La Troncal","canton_poblacion":76872,"total":1444,"nuevas":88,"lat":-2.4000000000000004,"lng":-79.33,"semana":2},{"provincia":"Cañar","provincia_poblacion":281396,"canton":"Suscal","canton_poblacion":6516,"total":68,"nuevas":2,"lat":-2.4364000000000003,"lng":-79.0522,"semana":2},{"provincia":"Chimborazo","provincia_poblacion":524004,"canton":"Alausí","canton_poblacion":45054,"total":716,"nuevas":12,"lat":-2.2,"lng":-78.85,"semana":2},{"provincia":"Chimborazo","provincia_poblacion":524004,"canton":"Chambo","canton_poblacion":13378,"total":176,"nuevas":4,"lat":-1.7333330000000002,"lng":-78.583333,"semana":2},{"provincia":"Chimborazo","provincia_poblacion":524004,"canton":"Chunchi","canton_poblacion":12795,"total":277,"nuevas":5,"lat":-2.2833330000000003,"lng":-78.916667,"semana":2},{"provincia":"Chimborazo","provincia_poblacion":524004,"canton":"Colta","canton_poblacion":44838,"total":365,"nuevas":6,"lat":-1.7000000000000002,"lng":-78.75,"semana":2},{"provincia":"Chimborazo","provincia_poblacion":524004,"canton":"Cumandá","canton_poblacion":17973,"total":401,"nuevas":9,"lat":-2.2,"lng":-79.133333,"semana":2},{"provincia":"Chimborazo","provincia_poblacion":524004,"canton":"Guamote","canton_poblacion":58291,"total":214,"nuevas":10,"lat":-1.9333330000000002,"lng":-78.716667,"semana":2},{"provincia":"Chimborazo","provincia_poblacion":524004,"canton":"Guano","canton_poblacion":48395,"total":721,"nuevas":49,"lat":-1.583333,"lng":-78.633333,"semana":2},{"provincia":"Chimborazo","provincia_poblacion":524004,"canton":"Pallatanga","canton_poblacion":12277,"total":221,"nuevas":4,"lat":-1.9833330000000002,"lng":-78.95,"semana":2},{"provincia":"Chimborazo","provincia_poblacion":524004,"canton":"Penipe","canton_poblacion":6955,"total":149,"nuevas":2,"lat":-1.5573000000000001,"lng":-78.5396,"semana":2},{"provincia":"Chimborazo","provincia_poblacion":524004,"canton":"Riobamba","canton_poblacion":264048,"total":7245,"nuevas":350,"lat":-1.674347,"lng":-78.648294,"semana":2},{"provincia":"Cotopaxi","provincia_poblacion":488716,"canton":"La Maná","canton_poblacion":56905,"total":732,"nuevas":38,"lat":-0.9299999999999999,"lng":-79.22,"semana":2},{"provincia":"Cotopaxi","provincia_poblacion":488716,"canton":"Latacunga","canton_poblacion":205624,"total":6039,"nuevas":154,"lat":-0.933333,"lng":-78.616667,"semana":2},{"provincia":"Cotopaxi","provincia_poblacion":488716,"canton":"Pangua","canton_poblacion":24612,"total":388,"nuevas":12,"lat":-1.1333330000000001,"lng":-79.066667,"semana":2},{"provincia":"Cotopaxi","provincia_poblacion":488716,"canton":"Pujilí","canton_poblacion":79772,"total":1592,"nuevas":62,"lat":-0.95,"lng":-78.69,"semana":2},{"provincia":"Cotopaxi","provincia_poblacion":488716,"canton":"Salcedo","canton_poblacion":67100,"total":3469,"nuevas":40,"lat":-1.05,"lng":-78.583333,"semana":2},{"provincia":"Cotopaxi","provincia_poblacion":488716,"canton":"Saquisilí","canton_poblacion":31426,"total":844,"nuevas":17,"lat":-0.83,"lng":-78.67,"semana":2},{"provincia":"Cotopaxi","provincia_poblacion":488716,"canton":"Sigchos","canton_poblacion":23277,"total":478,"nuevas":6,"lat":-0.7,"lng":-78.883333,"semana":2},{"provincia":"El Oro","provincia_poblacion":715751,"canton":"Arenillas","canton_poblacion":33473,"total":993,"nuevas":106,"lat":-3.5500000000000003,"lng":-80.06,"semana":2},{"provincia":"El Oro","provincia_poblacion":715751,"canton":"Atahualpa","canton_poblacion":6436,"total":430,"nuevas":4,"lat":-2.9000000000000004,"lng":-78.933333,"semana":2},{"provincia":"El Oro","provincia_poblacion":715751,"canton":"Balsas","canton_poblacion":9233,"total":374,"nuevas":19,"lat":-3.7626000000000004,"lng":-79.8253,"semana":2},{"provincia":"El Oro","provincia_poblacion":715751,"canton":"Chilla","canton_poblacion":2379,"total":43,"nuevas":8,"lat":-3.45,"lng":-79.58,"semana":2},{"provincia":"El Oro","provincia_poblacion":715751,"canton":"El Guabo","canton_poblacion":63645,"total":907,"nuevas":40,"lat":-3.2388000000000003,"lng":-79.8292,"semana":2},{"provincia":"El Oro","provincia_poblacion":715751,"canton":"Huaquillas","canton_poblacion":60440,"total":1299,"nuevas":93,"lat":-3.48138,"lng":-80.243207,"semana":2},{"provincia":"El Oro","provincia_poblacion":715751,"canton":"Las Lajas","canton_poblacion":4963,"total":134,"nuevas":13,"lat":-3.785,"lng":-80.061667,"semana":2},{"provincia":"El Oro","provincia_poblacion":715751,"canton":"Machala","canton_poblacion":289141,"total":14016,"nuevas":654,"lat":-3.2666670000000004,"lng":-79.966667,"semana":2},{"provincia":"El Oro","provincia_poblacion":715751,"canton":"Marcabelí","canton_poblacion":6259,"total":251,"nuevas":14,"lat":-3.7860000000000005,"lng":-79.8978,"semana":2},{"provincia":"El Oro","provincia_poblacion":715751,"canton":"Pasaje","canton_poblacion":87723,"total":2502,"nuevas":242,"lat":-3.3269,"lng":-79.8049,"semana":2},{"provincia":"El Oro","provincia_poblacion":715751,"canton":"Piñas","canton_poblacion":30206,"total":2087,"nuevas":65,"lat":-3.6666670000000003,"lng":-79.65,"semana":2},{"provincia":"El Oro","provincia_poblacion":715751,"canton":"Portovelo","canton_poblacion":14028,"total":1082,"nuevas":12,"lat":-3.72,"lng":-79.62,"semana":2},{"provincia":"El Oro","provincia_poblacion":715751,"canton":"Santa Rosa","canton_poblacion":82171,"total":2957,"nuevas":113,"lat":-3.4522220000000003,"lng":-79.961667,"semana":2},{"provincia":"El Oro","provincia_poblacion":715751,"canton":"Zaruma","canton_poblacion":25654,"total":1351,"nuevas":30,"lat":-3.433333,"lng":-79.6,"semana":2},{"provincia":"Esmeraldas","provincia_poblacion":591083,"canton":"Atacames","canton_poblacion":55495,"total":841,"nuevas":37,"lat":0.866667,"lng":-79.833333,"semana":2},{"provincia":"Esmeraldas","provincia_poblacion":591083,"canton":"Eloy Alfaro","canton_poblacion":45629,"total":461,"nuevas":8,"lat":1.25,"lng":-79,"semana":2},{"provincia":"Esmeraldas","provincia_poblacion":591083,"canton":"Esmeraldas","canton_poblacion":218727,"total":5951,"nuevas":224,"lat":1.05,"lng":-79.2,"semana":2},{"provincia":"Esmeraldas","provincia_poblacion":591083,"canton":"Muisne","canton_poblacion":31106,"total":275,"nuevas":6,"lat":0.6067,"lng":-80.0183,"semana":2},{"provincia":"Esmeraldas","provincia_poblacion":591083,"canton":"Quinindé","canton_poblacion":145879,"total":2368,"nuevas":14,"lat":0.33,"lng":-79.48,"semana":2},{"provincia":"Esmeraldas","provincia_poblacion":591083,"canton":"Rioverde","canton_poblacion":31475,"total":413,"nuevas":11,"lat":1.0602,"lng":-79.4044,"semana":2},{"provincia":"Esmeraldas","provincia_poblacion":591083,"canton":"San Lorenzo","canton_poblacion":62772,"total":569,"nuevas":92,"lat":1.2658,"lng":-78.8414,"semana":2},{"provincia":"Galápagos","provincia_poblacion":33042,"canton":"Isabela","canton_poblacion":3073,"total":363,"nuevas":14,"lat":-0.4724,"lng":-90.6811,"semana":2},{"provincia":"Galápagos","provincia_poblacion":33042,"canton":"San Cristóbal","canton_poblacion":9667,"total":510,"nuevas":120,"lat":-0.7999999999999999,"lng":-89.4,"semana":2},{"provincia":"Galápagos","provincia_poblacion":33042,"canton":"Santa Cruz","canton_poblacion":20302,"total":1056,"nuevas":172,"lat":-0.633333,"lng":-90.366667,"semana":2},{"provincia":"Guayas","provincia_poblacion":4387434,"canton":"Alfredo Baquerizo Moreno","canton_poblacion":32110,"total":213,"nuevas":11,"lat":-1.9166670000000001,"lng":-79.516667,"semana":2},{"provincia":"Guayas","provincia_poblacion":4387434,"canton":"Balao","canton_poblacion":26348,"total":385,"nuevas":12,"lat":-2.91,"lng":-79.81,"semana":2},{"provincia":"Guayas","provincia_poblacion":4387434,"canton":"Balzar","canton_poblacion":60260,"total":829,"nuevas":27,"lat":-1.36,"lng":-79.9,"semana":2},{"provincia":"Guayas","provincia_poblacion":4387434,"canton":"Colimes","canton_poblacion":26169,"total":283,"nuevas":14,"lat":-1.55,"lng":-80.016667,"semana":2},{"provincia":"Guayas","provincia_poblacion":4387434,"canton":"Coronel Marcelino Maridueña","canton_poblacion":13132,"total":165,"nuevas":18,"lat":-2.2,"lng":-79.42,"semana":2},{"provincia":"Guayas","provincia_poblacion":4387434,"canton":"Daule","canton_poblacion":173684,"total":2572,"nuevas":178,"lat":-1.866667,"lng":-79.983333,"semana":2},{"provincia":"Guayas","provincia_poblacion":4387434,"canton":"Durán","canton_poblacion":315724,"total":4763,"nuevas":437,"lat":-2.1666670000000003,"lng":-79.833333,"semana":2},{"provincia":"Guayas","provincia_poblacion":4387434,"canton":"El Triunfo","canton_poblacion":59636,"total":963,"nuevas":27,"lat":-2.33,"lng":-79.4,"semana":2},{"provincia":"Guayas","provincia_poblacion":4387434,"canton":"Empalme","canton_poblacion":86073,"total":1408,"nuevas":53,"lat":-1.046111,"lng":-79.633611,"semana":2},{"provincia":"Guayas","provincia_poblacion":4387434,"canton":"General Antonio Elizalde","canton_poblacion":13156,"total":587,"nuevas":22,"lat":-2.2,"lng":-79.17,"semana":2},{"provincia":"Guayas","provincia_poblacion":4387434,"canton":"Guayaquil","canton_poblacion":2723665,"total":67808,"nuevas":7658,"lat":-2.183333,"lng":-79.883333,"semana":2},{"provincia":"Guayas","provincia_poblacion":4387434,"canton":"Isidro Ayora","canton_poblacion":14582,"total":159,"nuevas":16,"lat":-1.8833330000000001,"lng":-80.166667,"semana":2},{"provincia":"Guayas","provincia_poblacion":4387434,"canton":"Lomas de Sargentillo","canton_poblacion":24220,"total":178,"nuevas":10,"lat":-1.8833330000000001,"lng":-80.083333,"semana":2},{"provincia":"Guayas","provincia_poblacion":4387434,"canton":"Milagro","canton_poblacion":199835,"total":4803,"nuevas":302,"lat":-2.126944,"lng":-79.599167,"semana":2},{"provincia":"Guayas","provincia_poblacion":4387434,"canton":"Naranjal","canton_poblacion":95052,"total":1689,"nuevas":46,"lat":-2.6728,"lng":-79.615,"semana":2},{"provincia":"Guayas","provincia_poblacion":4387434,"canton":"Naranjito","canton_poblacion":43862,"total":587,"nuevas":15,"lat":-2.173,"lng":-79.4671,"semana":2},{"provincia":"Guayas","provincia_poblacion":4387434,"canton":"Nobol","canton_poblacion":26444,"total":144,"nuevas":15,"lat":-1.9166710000000002,"lng":-80.011539,"semana":2},{"provincia":"Guayas","provincia_poblacion":4387434,"canton":"Palestina","canton_poblacion":18451,"total":179,"nuevas":10,"lat":-1.6263,"lng":-79.977,"semana":2},{"provincia":"Guayas","provincia_poblacion":4387434,"canton":"Pedro Carbo","canton_poblacion":51802,"total":1025,"nuevas":25,"lat":-1.833333,"lng":-80.233333,"semana":2},{"provincia":"Guayas","provincia_poblacion":4387434,"canton":"Playas","canton_poblacion":59628,"total":669,"nuevas":54,"lat":-2.62333,"lng":-80.3875,"semana":2},{"provincia":"Guayas","provincia_poblacion":4387434,"canton":"Salitre","canton_poblacion":65765,"total":1150,"nuevas":121,"lat":-1.829444,"lng":-79.815556,"semana":2},{"provincia":"Guayas","provincia_poblacion":4387434,"canton":"Samborondón","canton_poblacion":102404,"total":2544,"nuevas":164,"lat":-2.183333,"lng":-79.883333,"semana":2},{"provincia":"Guayas","provincia_poblacion":4387434,"canton":"San Jacinto De Yaguachi","canton_poblacion":78204,"total":724,"nuevas":43,"lat":-2.12,"lng":-79.69,"semana":2},{"provincia":"Guayas","provincia_poblacion":4387434,"canton":"Santa Lucía","canton_poblacion":45004,"total":215,"nuevas":25,"lat":-1.7138890000000002,"lng":-79.985,"semana":2},{"provincia":"Guayas","provincia_poblacion":4387434,"canton":"Simón Bolivar","canton_poblacion":32224,"total":219,"nuevas":8,"lat":-2.156667,"lng":-79.8875,"semana":2},{"provincia":"Imbabura","provincia_poblacion":476257,"canton":"Antonio Ante","canton_poblacion":54311,"total":2253,"nuevas":100,"lat":0.32,"lng":-78.21,"semana":2},{"provincia":"Imbabura","provincia_poblacion":476257,"canton":"Cotacachi","canton_poblacion":44203,"total":1970,"nuevas":59,"lat":0.3,"lng":-78.266667,"semana":2},{"provincia":"Imbabura","provincia_poblacion":476257,"canton":"Ibarra","canton_poblacion":221149,"total":10361,"nuevas":602,"lat":0.362678,"lng":-78.130667,"semana":2},{"provincia":"Imbabura","provincia_poblacion":476257,"canton":"Otavalo","canton_poblacion":125785,"total":3861,"nuevas":127,"lat":0.23333299999999998,"lng":-78.266667,"semana":2},{"provincia":"Imbabura","provincia_poblacion":476257,"canton":"Pimampiro","canton_poblacion":13269,"total":511,"nuevas":42,"lat":0.39999999999999997,"lng":-77.97,"semana":2},{"provincia":"Imbabura","provincia_poblacion":476257,"canton":"San Miguel de Urcuquí","canton_poblacion":17540,"total":624,"nuevas":8,"lat":0.52,"lng":-78.2,"semana":2},{"provincia":"Loja","provincia_poblacion":521154,"canton":"Calvas","canton_poblacion":29565,"total":861,"nuevas":37,"lat":-4.32,"lng":-79.56,"semana":2},{"provincia":"Loja","provincia_poblacion":521154,"canton":"Catamayo","canton_poblacion":35961,"total":889,"nuevas":39,"lat":-3.9800000000000004,"lng":-79.35,"semana":2},{"provincia":"Loja","provincia_poblacion":521154,"canton":"Celica","canton_poblacion":16160,"total":310,"nuevas":6,"lat":-4.1025,"lng":-79.954444,"semana":2},{"provincia":"Loja","provincia_poblacion":521154,"canton":"Chaguarpamba","canton_poblacion":6620,"total":98,"nuevas":6,"lat":-3.85,"lng":-79.65,"semana":2},{"provincia":"Loja","provincia_poblacion":521154,"canton":"Espíndola","canton_poblacion":14209,"total":399,"nuevas":17,"lat":-4.583056,"lng":-79.426944,"semana":2},{"provincia":"Loja","provincia_poblacion":521154,"canton":"Gonzanamá","canton_poblacion":10953,"total":255,"nuevas":13,"lat":-4.231389,"lng":-79.435278,"semana":2},{"provincia":"Loja","provincia_poblacion":521154,"canton":"Loja","canton_poblacion":274112,"total":13383,"nuevas":403,"lat":-3.9833330000000005,"lng":-79.2,"semana":2},{"provincia":"Loja","provincia_poblacion":521154,"canton":"Macará","canton_poblacion":20269,"total":1178,"nuevas":19,"lat":-4.383333,"lng":-79.95,"semana":2},{"provincia":"Loja","provincia_poblacion":521154,"canton":"Olmedo","canton_poblacion":4220,"total":72,"nuevas":3,"lat":-3.934,"lng":-79.648,"semana":2},{"provincia":"Loja","provincia_poblacion":521154,"canton":"Paltas","canton_poblacion":23471,"total":997,"nuevas":54,"lat":-4.0500000000000025,"lng":-79.65,"semana":2},{"provincia":"Loja","provincia_poblacion":521154,"canton":"Pindal","canton_poblacion":10540,"total":169,"nuevas":2,"lat":-4.1161,"lng":-80.1076,"semana":2},{"provincia":"Loja","provincia_poblacion":521154,"canton":"Puyango","canton_poblacion":15925,"total":255,"nuevas":10,"lat":-3.87,"lng":-80.09,"semana":2},{"provincia":"Loja","provincia_poblacion":521154,"canton":"Quilanga","canton_poblacion":4197,"total":158,"nuevas":3,"lat":-4.298,"lng":-79.3986,"semana":2},{"provincia":"Loja","provincia_poblacion":521154,"canton":"Saraguro","canton_poblacion":33506,"total":710,"nuevas":24,"lat":-3.6253,"lng":-79.2411,"semana":2},{"provincia":"Loja","provincia_poblacion":521154,"canton":"Sozoranga","canton_poblacion":7121,"total":124,"nuevas":6,"lat":-4.327778,"lng":-79.789722,"semana":2},{"provincia":"Loja","provincia_poblacion":521154,"canton":"Zapotillo","canton_poblacion":14325,"total":255,"nuevas":6,"lat":-4.3863600000000025,"lng":-80.2436,"semana":2},{"provincia":"Los Ríos","provincia_poblacion":921763,"canton":"Baba","canton_poblacion":43429,"total":403,"nuevas":16,"lat":-1.784167,"lng":-79.676667,"semana":2},{"provincia":"Los Ríos","provincia_poblacion":921763,"canton":"Babahoyo","canton_poblacion":175281,"total":4338,"nuevas":148,"lat":-1.8,"lng":-79.533333,"semana":2},{"provincia":"Los Ríos","provincia_poblacion":921763,"canton":"Buena Fe","canton_poblacion":83654,"total":894,"nuevas":15,"lat":-0.8985719999999999,"lng":-79.488916,"semana":2},{"provincia":"Los Ríos","provincia_poblacion":921763,"canton":"Mocache","canton_poblacion":43316,"total":174,"nuevas":7,"lat":-1.18385,"lng":-79.50553,"semana":2},{"provincia":"Los Ríos","provincia_poblacion":921763,"canton":"Montalvo","canton_poblacion":28720,"total":590,"nuevas":23,"lat":-1.7938,"lng":-79.2857,"semana":2},{"provincia":"Los Ríos","provincia_poblacion":921763,"canton":"Palenque","canton_poblacion":23638,"total":416,"nuevas":9,"lat":-1.4328,"lng":-79.7495,"semana":2},{"provincia":"Los Ríos","provincia_poblacion":921763,"canton":"Puebloviejo","canton_poblacion":44725,"total":431,"nuevas":11,"lat":-1.55,"lng":-79.533889,"semana":2},{"provincia":"Los Ríos","provincia_poblacion":921763,"canton":"Quevedo","canton_poblacion":213842,"total":3020,"nuevas":72,"lat":-1.033333,"lng":-79.45,"semana":2},{"provincia":"Los Ríos","provincia_poblacion":921763,"canton":"Quinsaloma","canton_poblacion":20428,"total":404,"nuevas":32,"lat":-1.2062000000000002,"lng":-79.3145,"semana":2},{"provincia":"Los Ríos","provincia_poblacion":921763,"canton":"Urdaneta","canton_poblacion":32618,"total":597,"nuevas":17,"lat":-1.570556,"lng":-79.471111,"semana":2},{"provincia":"Los Ríos","provincia_poblacion":921763,"canton":"Valencia","canton_poblacion":54637,"total":664,"nuevas":12,"lat":-0.9525,"lng":-79.3531,"semana":2},{"provincia":"Los Ríos","provincia_poblacion":921763,"canton":"Ventanas","canton_poblacion":75146,"total":1621,"nuevas":115,"lat":-1.4500000000000002,"lng":-79.47,"semana":2},{"provincia":"Los Ríos","provincia_poblacion":921763,"canton":"Vinces","canton_poblacion":82329,"total":1236,"nuevas":65,"lat":-1.5583330000000002,"lng":-79.75,"semana":2},{"provincia":"Manabí","provincia_poblacion":1562079,"canton":"Bolívar","canton_poblacion":45493,"total":965,"nuevas":27,"lat":-0.841944,"lng":-80.161944,"semana":2},{"provincia":"Manabí","provincia_poblacion":1562079,"canton":"Chone","canton_poblacion":131002,"total":4441,"nuevas":116,"lat":-0.683333,"lng":-80.1,"semana":2},{"provincia":"Manabí","provincia_poblacion":1562079,"canton":"El Carmen","canton_poblacion":111344,"total":1254,"nuevas":35,"lat":-1.3147000000000002,"lng":-80.0169,"semana":2},{"provincia":"Manabí","provincia_poblacion":1562079,"canton":"Flavio Alfaro","canton_poblacion":23822,"total":472,"nuevas":7,"lat":-0.4054,"lng":-79.9058,"semana":2},{"provincia":"Manabí","provincia_poblacion":1562079,"canton":"Jama","canton_poblacion":26116,"total":271,"nuevas":6,"lat":-0.2014,"lng":-80.2659,"semana":2},{"provincia":"Manabí","provincia_poblacion":1562079,"canton":"Jaramijó","canton_poblacion":28439,"total":256,"nuevas":4,"lat":-0.94873,"lng":-80.6363,"semana":2},{"provincia":"Manabí","provincia_poblacion":1562079,"canton":"Jipijapa","canton_poblacion":74645,"total":2202,"nuevas":126,"lat":-1.3333300000000001,"lng":-80.5833,"semana":2},{"provincia":"Manabí","provincia_poblacion":1562079,"canton":"Junín","canton_poblacion":18820,"total":559,"nuevas":15,"lat":-0.92916,"lng":-80.20569,"semana":2},{"provincia":"Manabí","provincia_poblacion":1562079,"canton":"Manta","canton_poblacion":264281,"total":5304,"nuevas":150,"lat":-0.950022,"lng":-80.7162,"semana":2},{"provincia":"Manabí","provincia_poblacion":1562079,"canton":"Montecristi","canton_poblacion":107785,"total":981,"nuevas":40,"lat":-1.03333,"lng":-80.65,"semana":2},{"provincia":"Manabí","provincia_poblacion":1562079,"canton":"Olmedo","canton_poblacion":10194,"total":511,"nuevas":12,"lat":-1.396111,"lng":-80.206111,"semana":2},{"provincia":"Manabí","provincia_poblacion":1562079,"canton":"Paján","canton_poblacion":37093,"total":642,"nuevas":28,"lat":-1.57,"lng":-80.42,"semana":2},{"provincia":"Manabí","provincia_poblacion":1562079,"canton":"Pedernales","canton_poblacion":63441,"total":771,"nuevas":11,"lat":0.07010000000000001,"lng":-80.0536,"semana":2},{"provincia":"Manabí","provincia_poblacion":1562079,"canton":"Pichincha","canton_poblacion":29599,"total":659,"nuevas":36,"lat":-1.0473000000000001,"lng":-79.8186,"semana":2},{"provincia":"Manabí","provincia_poblacion":1562079,"canton":"Portoviejo","canton_poblacion":321800,"total":13058,"nuevas":513,"lat":-1.056181,"lng":-80.455217,"semana":2},{"provincia":"Manabí","provincia_poblacion":1562079,"canton":"Puerto López","canton_poblacion":24688,"total":707,"nuevas":85,"lat":-1.566667,"lng":-80.816667,"semana":2},{"provincia":"Manabí","provincia_poblacion":1562079,"canton":"Rocafuerte","canton_poblacion":37312,"total":1614,"nuevas":18,"lat":-0.9199999999999999,"lng":-80.46,"semana":2},{"provincia":"Manabí","provincia_poblacion":1562079,"canton":"San Vicente","canton_poblacion":24799,"total":541,"nuevas":10,"lat":-0.5892999999999999,"lng":-80.4088,"semana":2},{"provincia":"Manabí","provincia_poblacion":1562079,"canton":"Santa Ana","canton_poblacion":48152,"total":1391,"nuevas":41,"lat":-1.2069,"lng":-80.3709,"semana":2},{"provincia":"Manabí","provincia_poblacion":1562079,"canton":"Sucre","canton_poblacion":62443,"total":1737,"nuevas":44,"lat":-0.6,"lng":-80.416667,"semana":2},{"provincia":"Manabí","provincia_poblacion":1562079,"canton":"Tosagua","canton_poblacion":42297,"total":836,"nuevas":16,"lat":-0.78,"lng":-80.26,"semana":2},{"provincia":"Manabí","provincia_poblacion":1562079,"canton":"Veinticuatro de Mayo","canton_poblacion":28514,"total":1063,"nuevas":25,"lat":-1.2788890000000002,"lng":-80.42,"semana":2},{"provincia":"Morona Santiago","provincia_poblacion":196535,"canton":"Gualaquiza","canton_poblacion":19555,"total":1151,"nuevas":45,"lat":-3.3800000000000003,"lng":-78.58,"semana":2},{"provincia":"Morona Santiago","provincia_poblacion":196535,"canton":"Huamboya","canton_poblacion":12382,"total":147,"nuevas":21,"lat":-1.7850000000000001,"lng":-78.231944,"semana":2},{"provincia":"Morona Santiago","provincia_poblacion":196535,"canton":"Limón Indanza","canton_poblacion":10349,"total":499,"nuevas":36,"lat":-2.96625,"lng":-78.430528,"semana":2},{"provincia":"Morona Santiago","provincia_poblacion":196535,"canton":"Logroño","canton_poblacion":7643,"total":191,"nuevas":0,"lat":-2.6248,"lng":-78.1896,"semana":2},{"provincia":"Morona Santiago","provincia_poblacion":196535,"canton":"Morona","canton_poblacion":58281,"total":3316,"nuevas":38,"lat":-2.3000000000000003,"lng":-78.116667,"semana":2},{"provincia":"Morona Santiago","provincia_poblacion":196535,"canton":"Pablo Sexto","canton_poblacion":2897,"total":105,"nuevas":10,"lat":-1.8030560000000002,"lng":-77.921111,"semana":2},{"provincia":"Morona Santiago","provincia_poblacion":196535,"canton":"Palora","canton_poblacion":7719,"total":511,"nuevas":21,"lat":-1.7000000000000002,"lng":-77.94,"semana":2},{"provincia":"Morona Santiago","provincia_poblacion":196535,"canton":"San Juan Bosco","canton_poblacion":4985,"total":136,"nuevas":6,"lat":-3.0923000000000003,"lng":-78.5132,"semana":2},{"provincia":"Morona Santiago","provincia_poblacion":196535,"canton":"Santiago","canton_poblacion":11087,"total":382,"nuevas":7,"lat":-3.4298,"lng":-78.5656,"semana":2},{"provincia":"Morona Santiago","provincia_poblacion":196535,"canton":"Sucúa","canton_poblacion":23823,"total":1038,"nuevas":31,"lat":-2.4600000000000004,"lng":-78.17,"semana":2},{"provincia":"Morona Santiago","provincia_poblacion":196535,"canton":"Taisha","canton_poblacion":26773,"total":258,"nuevas":5,"lat":-2.33995,"lng":-77.45808,"semana":2},{"provincia":"Morona Santiago","provincia_poblacion":196535,"canton":"Tiwintza","canton_poblacion":11041,"total":112,"nuevas":9,"lat":-2.91767,"lng":-77.8017,"semana":2},{"provincia":"Napo","provincia_poblacion":133705,"canton":"Archidona","canton_poblacion":33068,"total":576,"nuevas":14,"lat":-0.916667,"lng":-77.783333,"semana":2},{"provincia":"Napo","provincia_poblacion":133705,"canton":"Carlos Julio Arosemena Tola","canton_poblacion":4466,"total":103,"nuevas":1,"lat":-1.1666670000000001,"lng":-77.85,"semana":2},{"provincia":"Napo","provincia_poblacion":133705,"canton":"El Chaco","canton_poblacion":10142,"total":538,"nuevas":7,"lat":-0.34027799999999997,"lng":-77.808889,"semana":2},{"provincia":"Napo","provincia_poblacion":133705,"canton":"Quijos","canton_poblacion":6847,"total":514,"nuevas":10,"lat":-0.463611,"lng":-77.892778,"semana":2},{"provincia":"Napo","provincia_poblacion":133705,"canton":"Tena","canton_poblacion":79182,"total":3090,"nuevas":46,"lat":-0.989,"lng":-77.8159,"semana":2},{"provincia":"Orellana","provincia_poblacion":161338,"canton":"Aguarico","canton_poblacion":3629,"total":523,"nuevas":1,"lat":-0.921111,"lng":-75.399167,"semana":2},{"provincia":"Orellana","provincia_poblacion":161338,"canton":"La Joya de los Sachas","canton_poblacion":39352,"total":796,"nuevas":15,"lat":-0.3,"lng":-76.85,"semana":2},{"provincia":"Orellana","provincia_poblacion":161338,"canton":"Loreto","canton_poblacion":24579,"total":193,"nuevas":0,"lat":-0.6904,"lng":-77.3083,"semana":2},{"provincia":"Orellana","provincia_poblacion":161338,"canton":"Orellana","canton_poblacion":93778,"total":2827,"nuevas":59,"lat":-0.466667,"lng":-76.966667,"semana":2},{"provincia":"Pastaza","provincia_poblacion":114202,"canton":"Arajuno","canton_poblacion":8128,"total":157,"nuevas":0,"lat":-1.2343700000000002,"lng":-77.6875,"semana":2},{"provincia":"Pastaza","provincia_poblacion":114202,"canton":"Mera","canton_poblacion":17547,"total":876,"nuevas":13,"lat":-1.4600000000000002,"lng":-78.09,"semana":2},{"provincia":"Pastaza","provincia_poblacion":114202,"canton":"Pastaza","canton_poblacion":84377,"total":2855,"nuevas":58,"lat":-1.066667,"lng":-78.001111,"semana":2},{"provincia":"Pastaza","provincia_poblacion":114202,"canton":"Santa Clara","canton_poblacion":4150,"total":153,"nuevas":0,"lat":-1.2671000000000001,"lng":-77.8882,"semana":2},{"provincia":"Pichincha","provincia_poblacion":3228233,"canton":"Cayambe","canton_poblacion":107660,"total":2115,"nuevas":89,"lat":0.043889000000000004,"lng":-78.1561,"semana":2},{"provincia":"Pichincha","provincia_poblacion":3228233,"canton":"Mejía","canton_poblacion":108167,"total":4391,"nuevas":61,"lat":-0.5101,"lng":-78.5698,"semana":2},{"provincia":"Pichincha","provincia_poblacion":3228233,"canton":"Pedro Moncayo","canton_poblacion":43281,"total":563,"nuevas":28,"lat":0.043697,"lng":-78.34924,"semana":2},{"provincia":"Pichincha","provincia_poblacion":3228233,"canton":"Pedro Vicente Maldonado","canton_poblacion":17171,"total":453,"nuevas":10,"lat":0.166667,"lng":-79,"semana":2},{"provincia":"Pichincha","provincia_poblacion":3228233,"canton":"Puerto Quito","canton_poblacion":24911,"total":602,"nuevas":47,"lat":0.11699999999999999,"lng":-79.264,"semana":2},{"provincia":"Pichincha","provincia_poblacion":3228233,"canton":"Quito","canton_poblacion":2781641,"total":197626,"nuevas":6775,"lat":-0.218611,"lng":-78.509722,"semana":2},{"provincia":"Pichincha","provincia_poblacion":3228233,"canton":"Rumiñahui","canton_poblacion":115433,"total":6993,"nuevas":219,"lat":-0.3345,"lng":-78.4475,"semana":2},{"provincia":"Pichincha","provincia_poblacion":3228233,"canton":"San Miguel de Los Bancos","canton_poblacion":29969,"total":820,"nuevas":48,"lat":0.023000000000000003,"lng":-78.892,"semana":2},{"provincia":"Santa Elena","provincia_poblacion":401178,"canton":"La Libertad","canton_poblacion":117767,"total":1720,"nuevas":100,"lat":-2.233333,"lng":-80.9,"semana":2},{"provincia":"Santa Elena","provincia_poblacion":401178,"canton":"Salinas","canton_poblacion":94590,"total":1228,"nuevas":67,"lat":-2.216667,"lng":-80.95,"semana":2},{"provincia":"Santa Elena","provincia_poblacion":401178,"canton":"Santa Elena","canton_poblacion":188821,"total":2210,"nuevas":80,"lat":-2.2267,"lng":-80.8583,"semana":2},{"provincia":"Sto. Domingo Tsáchilas","provincia_poblacion":511151,"canton":"La Concordia","canton_poblacion":52571,"total":1668,"nuevas":40,"lat":0.0023,"lng":-79.3846,"semana":2},{"provincia":"Sto. Domingo Tsáchilas","provincia_poblacion":511151,"canton":"Santo Domingo","canton_poblacion":458580,"total":11984,"nuevas":214,"lat":-0.254167,"lng":-79.171944,"semana":2},{"provincia":"Sucumbíos","provincia_poblacion":230503,"canton":"Cascales","canton_poblacion":15882,"total":328,"nuevas":6,"lat":-0.0675,"lng":-77.216944,"semana":2},{"provincia":"Sucumbíos","provincia_poblacion":230503,"canton":"Cuyabeno","canton_poblacion":7154,"total":373,"nuevas":10,"lat":-0.128889,"lng":-76.413889,"semana":2},{"provincia":"Sucumbíos","provincia_poblacion":230503,"canton":"Gonzalo Pizarro","canton_poblacion":10007,"total":390,"nuevas":22,"lat":0.047,"lng":-77.3228,"semana":2},{"provincia":"Sucumbíos","provincia_poblacion":230503,"canton":"Lago Agrio","canton_poblacion":119594,"total":4123,"nuevas":145,"lat":0.08472200000000002,"lng":-76.882778,"semana":2},{"provincia":"Sucumbíos","provincia_poblacion":230503,"canton":"Putumayo","canton_poblacion":16106,"total":317,"nuevas":3,"lat":0.1,"lng":-75.85,"semana":2},{"provincia":"Sucumbíos","provincia_poblacion":230503,"canton":"Shushufindi","canton_poblacion":57949,"total":1446,"nuevas":2,"lat":-0.1871,"lng":-76.645,"semana":2},{"provincia":"Sucumbíos","provincia_poblacion":230503,"canton":"Sucumbíos","canton_poblacion":3811,"total":171,"nuevas":3,"lat":0.4592,"lng":-77.523,"semana":2},{"provincia":"Tungurahua","provincia_poblacion":590600,"canton":"Ambato","canton_poblacion":387309,"total":13169,"nuevas":309,"lat":-1.241667,"lng":-78.619722,"semana":2},{"provincia":"Tungurahua","provincia_poblacion":590600,"canton":"Baños","canton_poblacion":25043,"total":1457,"nuevas":8,"lat":-1.396389,"lng":-78.424722,"semana":2},{"provincia":"Tungurahua","provincia_poblacion":590600,"canton":"Cevallos","canton_poblacion":9936,"total":153,"nuevas":8,"lat":-1.35,"lng":-78.616667,"semana":2},{"provincia":"Tungurahua","provincia_poblacion":590600,"canton":"Mocha","canton_poblacion":7336,"total":106,"nuevas":5,"lat":-1.4166670000000001,"lng":-78.666667,"semana":2},{"provincia":"Tungurahua","provincia_poblacion":590600,"canton":"Patate","canton_poblacion":15825,"total":395,"nuevas":11,"lat":-1.316667,"lng":-78.516667,"semana":2},{"provincia":"Tungurahua","provincia_poblacion":590600,"canton":"Pelileo","canton_poblacion":66836,"total":1442,"nuevas":36,"lat":-1.3275000000000001,"lng":-78.540833,"semana":2},{"provincia":"Tungurahua","provincia_poblacion":590600,"canton":"Píllaro","canton_poblacion":43371,"total":526,"nuevas":18,"lat":-1.1758330000000001,"lng":-78.555278,"semana":2},{"provincia":"Tungurahua","provincia_poblacion":590600,"canton":"Quero","canton_poblacion":20627,"total":228,"nuevas":2,"lat":-1.3793000000000002,"lng":-78.607,"semana":2},{"provincia":"Tungurahua","provincia_poblacion":590600,"canton":"Tisaleo","canton_poblacion":14317,"total":157,"nuevas":4,"lat":-1.35,"lng":-78.666667,"semana":2},{"provincia":"Zamora Chinchipe","provincia_poblacion":120416,"canton":"Centinela del Cóndor","canton_poblacion":8313,"total":244,"nuevas":6,"lat":-3.8949100000000003,"lng":-78.78141,"semana":2},{"provincia":"Zamora Chinchipe","provincia_poblacion":120416,"canton":"Chinchipe","canton_poblacion":10679,"total":438,"nuevas":6,"lat":-4.8628,"lng":-79.1328,"semana":2},{"provincia":"Zamora Chinchipe","provincia_poblacion":120416,"canton":"El Pangui","canton_poblacion":10945,"total":370,"nuevas":7,"lat":-3.6249000000000002,"lng":-78.5871,"semana":2},{"provincia":"Zamora Chinchipe","provincia_poblacion":120416,"canton":"Nangaritza","canton_poblacion":8014,"total":112,"nuevas":14,"lat":-4.048333,"lng":-78.682222,"semana":2},{"provincia":"Zamora Chinchipe","provincia_poblacion":120416,"canton":"Palanda","canton_poblacion":10144,"total":154,"nuevas":1,"lat":-4.6498,"lng":-79.1321,"semana":2},{"provincia":"Zamora Chinchipe","provincia_poblacion":120416,"canton":"Paquisha","canton_poblacion":5992,"total":120,"nuevas":2,"lat":-3.9327500000000004,"lng":-78.67426,"semana":2},{"provincia":"Zamora Chinchipe","provincia_poblacion":120416,"canton":"Yacuambi","canton_poblacion":7121,"total":111,"nuevas":4,"lat":-3.63444,"lng":-78.9281,"semana":2},{"provincia":"Zamora Chinchipe","provincia_poblacion":120416,"canton":"Yantzaza","canton_poblacion":26447,"total":818,"nuevas":27,"lat":-3.85,"lng":-78.75,"semana":2},{"provincia":"Zamora Chinchipe","provincia_poblacion":120416,"canton":"Zamora","canton_poblacion":32761,"total":1077,"nuevas":54,"lat":-4.12,"lng":-78.8,"semana":2}]