[{"provincia":"Azuay","provincia_poblacion":881394,"canton":"Camilo Ponce Enríquez","canton_poblacion":36423,"total":237,"nuevas":44,"lat":-3.0500000000000003,"lng":-79.733333,"mes":1},{"provincia":"Azuay","provincia_poblacion":881394,"canton":"Chordeleg","canton_poblacion":15176,"total":130,"nuevas":26,"lat":-2.933333,"lng":-78.766667,"mes":1},{"provincia":"Azuay","provincia_poblacion":881394,"canton":"Cuenca","canton_poblacion":636996,"total":12742,"nuevas":1849,"lat":-2.8974140000000004,"lng":-79.004481,"mes":1},{"provincia":"Azuay","provincia_poblacion":881394,"canton":"El Pan","canton_poblacion":3091,"total":93,"nuevas":4,"lat":-2.786111,"lng":-78.665,"mes":1},{"provincia":"Azuay","provincia_poblacion":881394,"canton":"Girón","canton_poblacion":13037,"total":171,"nuevas":41,"lat":-3.159028,"lng":-79.147568,"mes":1},{"provincia":"Azuay","provincia_poblacion":881394,"canton":"Guachapala","canton_poblacion":3859,"total":134,"nuevas":29,"lat":-2.769,"lng":-78.709,"mes":1},{"provincia":"Azuay","provincia_poblacion":881394,"canton":"Gualaceo","canton_poblacion":49104,"total":698,"nuevas":84,"lat":-2.9000000000000004,"lng":-78.783333,"mes":1},{"provincia":"Azuay","provincia_poblacion":881394,"canton":"Nabón","canton_poblacion":17292,"total":88,"nuevas":22,"lat":-3.3360600000000002,"lng":-79.06368,"mes":1},{"provincia":"Azuay","provincia_poblacion":881394,"canton":"Oña","canton_poblacion":4128,"total":22,"nuevas":6,"lat":-3.46964,"lng":-79.15431,"mes":1},{"provincia":"Azuay","provincia_poblacion":881394,"canton":"Paute","canton_poblacion":29214,"total":771,"nuevas":91,"lat":-2.7818,"lng":-78.76,"mes":1},{"provincia":"Azuay","provincia_poblacion":881394,"canton":"Pucará","canton_poblacion":10584,"total":39,"nuevas":19,"lat":-3.2337800000000003,"lng":-79.4612,"mes":1},{"provincia":"Azuay","provincia_poblacion":881394,"canton":"San Fernando","canton_poblacion":4156,"total":40,"nuevas":20,"lat":-3.1445000000000003,"lng":-79.252,"mes":1},{"provincia":"Azuay","provincia_poblacion":881394,"canton":"Santa Isabel","canton_poblacion":20935,"total":428,"nuevas":128,"lat":-3.2741700000000002,"lng":-79.3156,"mes":1},{"provincia":"Azuay","provincia_poblacion":881394,"canton":"Sevilla de Oro","canton_poblacion":6890,"total":199,"nuevas":49,"lat":-2.799833,"lng":-78.655694,"mes":1},{"provincia":"Azuay","provincia_poblacion":881394,"canton":"Sígsig","canton_poblacion":30509,"total":206,"nuevas":29,"lat":-3.0897,"lng":-78.8032,"mes":1},{"provincia":"Bolívar","provincia_poblacion":209933,"canton":"Caluma","canton_poblacion":16429,"total":342,"nuevas":75,"lat":-1.6333300000000002,"lng":-79.25,"mes":1},{"provincia":"Bolívar","provincia_poblacion":209933,"canton":"Chillanes","canton_poblacion":16850,"total":135,"nuevas":45,"lat":-1.9333330000000002,"lng":-79.066667,"mes":1},{"provincia":"Bolívar","provincia_poblacion":209933,"canton":"Chimbo","canton_poblacion":17378,"total":188,"nuevas":25,"lat":-1.7000000000000002,"lng":-79.016667,"mes":1},{"provincia":"Bolívar","provincia_poblacion":209933,"canton":"Echeandía","canton_poblacion":14081,"total":341,"nuevas":65,"lat":-1.4333300000000002,"lng":-79.26667,"mes":1},{"provincia":"Bolívar","provincia_poblacion":209933,"canton":"Guaranda","canton_poblacion":108763,"total":1591,"nuevas":186,"lat":-1.6055560000000002,"lng":-79.003056,"mes":1},{"provincia":"Bolívar","provincia_poblacion":209933,"canton":"Las Naves","canton_poblacion":7428,"total":175,"nuevas":17,"lat":-1.28333,"lng":-79.3,"mes":1},{"provincia":"Bolívar","provincia_poblacion":209933,"canton":"San Miguel","canton_poblacion":29004,"total":273,"nuevas":105,"lat":-1.7000000000000002,"lng":-79.033333,"mes":1},{"provincia":"Carchi","provincia_poblacion":186869,"canton":"Bolivar","canton_poblacion":15528,"total":330,"nuevas":99,"lat":0.507099,"lng":-77.862454,"mes":1},{"provincia":"Carchi","provincia_poblacion":186869,"canton":"Espejo","canton_poblacion":13817,"total":437,"nuevas":133,"lat":0.621,"lng":-77.94,"mes":1},{"provincia":"Carchi","provincia_poblacion":186869,"canton":"Mira","canton_poblacion":11969,"total":476,"nuevas":138,"lat":0.5538999999999998,"lng":-78.0493,"mes":1},{"provincia":"Carchi","provincia_poblacion":186869,"canton":"Montúfar","canton_poblacion":34229,"total":758,"nuevas":270,"lat":0.61,"lng":-77.84,"mes":1},{"provincia":"Carchi","provincia_poblacion":186869,"canton":"San Pedro de Huaca","canton_poblacion":8931,"total":305,"nuevas":107,"lat":0.631111,"lng":-77.725278,"mes":1},{"provincia":"Carchi","provincia_poblacion":186869,"canton":"Tulcán","canton_poblacion":102395,"total":2768,"nuevas":698,"lat":0.81218,"lng":-77.71633,"mes":1},{"provincia":"Cañar","provincia_poblacion":281396,"canton":"Azogues","canton_poblacion":86276,"total":1861,"nuevas":423,"lat":-2.733333,"lng":-78.833333,"mes":1},{"provincia":"Cañar","provincia_poblacion":281396,"canton":"Biblían","canton_poblacion":23741,"total":208,"nuevas":49,"lat":-2.7100000000000004,"lng":-78.88,"mes":1},{"provincia":"Cañar","provincia_poblacion":281396,"canton":"Cañar","canton_poblacion":68747,"total":658,"nuevas":131,"lat":-2.4837000000000002,"lng":-78.9784,"mes":1},{"provincia":"Cañar","provincia_poblacion":281396,"canton":"Déleg","canton_poblacion":6782,"total":47,"nuevas":19,"lat":-2.7726,"lng":-78.9183,"mes":1},{"provincia":"Cañar","provincia_poblacion":281396,"canton":"El Tambo","canton_poblacion":12462,"total":169,"nuevas":12,"lat":-2.5081,"lng":-78.9249,"mes":1},{"provincia":"Cañar","provincia_poblacion":281396,"canton":"La Troncal","canton_poblacion":76872,"total":526,"nuevas":57,"lat":-2.4000000000000004,"lng":-79.33,"mes":1},{"provincia":"Cañar","provincia_poblacion":281396,"canton":"Suscal","canton_poblacion":6516,"total":33,"nuevas":7,"lat":-2.4364000000000003,"lng":-79.0522,"mes":1},{"provincia":"Chimborazo","provincia_poblacion":524004,"canton":"Alausí","canton_poblacion":45054,"total":340,"nuevas":112,"lat":-2.2,"lng":-78.85,"mes":1},{"provincia":"Chimborazo","provincia_poblacion":524004,"canton":"Chambo","canton_poblacion":13378,"total":64,"nuevas":19,"lat":-1.7333330000000002,"lng":-78.583333,"mes":1},{"provincia":"Chimborazo","provincia_poblacion":524004,"canton":"Chunchi","canton_poblacion":12795,"total":150,"nuevas":44,"lat":-2.2833330000000003,"lng":-78.916667,"mes":1},{"provincia":"Chimborazo","provincia_poblacion":524004,"canton":"Colta","canton_poblacion":44838,"total":172,"nuevas":40,"lat":-1.7000000000000002,"lng":-78.75,"mes":1},{"provincia":"Chimborazo","provincia_poblacion":524004,"canton":"Cumandá","canton_poblacion":17973,"total":160,"nuevas":56,"lat":-2.2,"lng":-79.133333,"mes":1},{"provincia":"Chimborazo","provincia_poblacion":524004,"canton":"Guamote","canton_poblacion":58291,"total":106,"nuevas":19,"lat":-1.9333330000000002,"lng":-78.716667,"mes":1},{"provincia":"Chimborazo","provincia_poblacion":524004,"canton":"Guano","canton_poblacion":48395,"total":234,"nuevas":40,"lat":-1.583333,"lng":-78.633333,"mes":1},{"provincia":"Chimborazo","provincia_poblacion":524004,"canton":"Pallatanga","canton_poblacion":12277,"total":59,"nuevas":17,"lat":-1.9833330000000002,"lng":-78.95,"mes":1},{"provincia":"Chimborazo","provincia_poblacion":524004,"canton":"Penipe","canton_poblacion":6955,"total":99,"nuevas":17,"lat":-1.5573000000000001,"lng":-78.5396,"mes":1},{"provincia":"Chimborazo","provincia_poblacion":524004,"canton":"Riobamba","canton_poblacion":264048,"total":2909,"nuevas":676,"lat":-1.674347,"lng":-78.648294,"mes":1},{"provincia":"Cotopaxi","provincia_poblacion":488716,"canton":"La Maná","canton_poblacion":56905,"total":315,"nuevas":92,"lat":-0.9299999999999999,"lng":-79.22,"mes":1},{"provincia":"Cotopaxi","provincia_poblacion":488716,"canton":"Latacunga","canton_poblacion":205624,"total":3265,"nuevas":600,"lat":-0.933333,"lng":-78.616667,"mes":1},{"provincia":"Cotopaxi","provincia_poblacion":488716,"canton":"Pangua","canton_poblacion":24612,"total":184,"nuevas":49,"lat":-1.1333330000000001,"lng":-79.066667,"mes":1},{"provincia":"Cotopaxi","provincia_poblacion":488716,"canton":"Pujilí","canton_poblacion":79772,"total":775,"nuevas":184,"lat":-0.95,"lng":-78.69,"mes":1},{"provincia":"Cotopaxi","provincia_poblacion":488716,"canton":"Salcedo","canton_poblacion":67100,"total":1708,"nuevas":414,"lat":-1.05,"lng":-78.583333,"mes":1},{"provincia":"Cotopaxi","provincia_poblacion":488716,"canton":"Saquisilí","canton_poblacion":31426,"total":609,"nuevas":47,"lat":-0.83,"lng":-78.67,"mes":1},{"provincia":"Cotopaxi","provincia_poblacion":488716,"canton":"Sigchos","canton_poblacion":23277,"total":306,"nuevas":121,"lat":-0.7,"lng":-78.883333,"mes":1},{"provincia":"El Oro","provincia_poblacion":715751,"canton":"Arenillas","canton_poblacion":33473,"total":500,"nuevas":32,"lat":-3.5500000000000003,"lng":-80.06,"mes":1},{"provincia":"El Oro","provincia_poblacion":715751,"canton":"Atahualpa","canton_poblacion":6436,"total":136,"nuevas":52,"lat":-2.9000000000000004,"lng":-78.933333,"mes":1},{"provincia":"El Oro","provincia_poblacion":715751,"canton":"Balsas","canton_poblacion":9233,"total":75,"nuevas":17,"lat":-3.7626000000000004,"lng":-79.8253,"mes":1},{"provincia":"El Oro","provincia_poblacion":715751,"canton":"Chilla","canton_poblacion":2379,"total":12,"nuevas":1,"lat":-3.45,"lng":-79.58,"mes":1},{"provincia":"El Oro","provincia_poblacion":715751,"canton":"El Guabo","canton_poblacion":63645,"total":245,"nuevas":60,"lat":-3.2388000000000003,"lng":-79.8292,"mes":1},{"provincia":"El Oro","provincia_poblacion":715751,"canton":"Huaquillas","canton_poblacion":60440,"total":550,"nuevas":73,"lat":-3.48138,"lng":-80.243207,"mes":1},{"provincia":"El Oro","provincia_poblacion":715751,"canton":"Las Lajas","canton_poblacion":4963,"total":18,"nuevas":0,"lat":-3.785,"lng":-80.061667,"mes":1},{"provincia":"El Oro","provincia_poblacion":715751,"canton":"Machala","canton_poblacion":289141,"total":5629,"nuevas":1254,"lat":-3.2666670000000004,"lng":-79.966667,"mes":1},{"provincia":"El Oro","provincia_poblacion":715751,"canton":"Marcabelí","canton_poblacion":6259,"total":26,"nuevas":9,"lat":-3.7860000000000005,"lng":-79.8978,"mes":1},{"provincia":"El Oro","provincia_poblacion":715751,"canton":"Pasaje","canton_poblacion":87723,"total":668,"nuevas":279,"lat":-3.3269,"lng":-79.8049,"mes":1},{"provincia":"El Oro","provincia_poblacion":715751,"canton":"Piñas","canton_poblacion":30206,"total":553,"nuevas":115,"lat":-3.6666670000000003,"lng":-79.65,"mes":1},{"provincia":"El Oro","provincia_poblacion":715751,"canton":"Portovelo","canton_poblacion":14028,"total":529,"nuevas":35,"lat":-3.72,"lng":-79.62,"mes":1},{"provincia":"El Oro","provincia_poblacion":715751,"canton":"Santa Rosa","canton_poblacion":82171,"total":1076,"nuevas":156,"lat":-3.4522220000000003,"lng":-79.961667,"mes":1},{"provincia":"El Oro","provincia_poblacion":715751,"canton":"Zaruma","canton_poblacion":25654,"total":480,"nuevas":91,"lat":-3.433333,"lng":-79.6,"mes":1},{"provincia":"Esmeraldas","provincia_poblacion":591083,"canton":"Atacames","canton_poblacion":55495,"total":436,"nuevas":39,"lat":0.866667,"lng":-79.833333,"mes":1},{"provincia":"Esmeraldas","provincia_poblacion":591083,"canton":"Eloy Alfaro","canton_poblacion":45629,"total":335,"nuevas":5,"lat":1.25,"lng":-79,"mes":1},{"provincia":"Esmeraldas","provincia_poblacion":591083,"canton":"Esmeraldas","canton_poblacion":218727,"total":2692,"nuevas":261,"lat":1.05,"lng":-79.2,"mes":1},{"provincia":"Esmeraldas","provincia_poblacion":591083,"canton":"Muisne","canton_poblacion":31106,"total":185,"nuevas":3,"lat":0.6067,"lng":-80.0183,"mes":1},{"provincia":"Esmeraldas","provincia_poblacion":591083,"canton":"Quinindé","canton_poblacion":145879,"total":1447,"nuevas":92,"lat":0.33,"lng":-79.48,"mes":1},{"provincia":"Esmeraldas","provincia_poblacion":591083,"canton":"Rioverde","canton_poblacion":31475,"total":243,"nuevas":1,"lat":1.0602,"lng":-79.4044,"mes":1},{"provincia":"Esmeraldas","provincia_poblacion":591083,"canton":"San Lorenzo","canton_poblacion":62772,"total":115,"nuevas":8,"lat":1.2658,"lng":-78.8414,"mes":1},{"provincia":"Galápagos","provincia_poblacion":33042,"canton":"Isabela","canton_poblacion":3073,"total":326,"nuevas":55,"lat":-0.4724,"lng":-90.6811,"mes":1},{"provincia":"Galápagos","provincia_poblacion":33042,"canton":"San Cristóbal","canton_poblacion":9667,"total":203,"nuevas":60,"lat":-0.7999999999999999,"lng":-89.4,"mes":1},{"provincia":"Galápagos","provincia_poblacion":33042,"canton":"Santa Cruz","canton_poblacion":20302,"total":718,"nuevas":214,"lat":-0.633333,"lng":-90.366667,"mes":1},{"provincia":"Guayas","provincia_poblacion":4387434,"canton":"Alfredo Baquerizo Moreno","canton_poblacion":32110,"total":51,"nuevas":9,"lat":-1.9166670000000001,"lng":-79.516667,"mes":1},{"provincia":"Guayas","provincia_poblacion":4387434,"canton":"Balao","canton_poblacion":26348,"total":103,"nuevas":19,"lat":-2.91,"lng":-79.81,"mes":1},{"provincia":"Guayas","provincia_poblacion":4387434,"canton":"Balzar","canton_poblacion":60260,"total":333,"nuevas":57,"lat":-1.36,"lng":-79.9,"mes":1},{"provincia":"Guayas","provincia_poblacion":4387434,"canton":"Colimes","canton_poblacion":26169,"total":97,"nuevas":36,"lat":-1.55,"lng":-80.016667,"mes":1},{"provincia":"Guayas","provincia_poblacion":4387434,"canton":"Coronel Marcelino Maridueña","canton_poblacion":13132,"total":32,"nuevas":12,"lat":-2.2,"lng":-79.42,"mes":1},{"provincia":"Guayas","provincia_poblacion":4387434,"canton":"Daule","canton_poblacion":173684,"total":1199,"nuevas":117,"lat":-1.866667,"lng":-79.983333,"mes":1},{"provincia":"Guayas","provincia_poblacion":4387434,"canton":"Durán","canton_poblacion":315724,"total":1896,"nuevas":305,"lat":-2.1666670000000003,"lng":-79.833333,"mes":1},{"provincia":"Guayas","provincia_poblacion":4387434,"canton":"El Triunfo","canton_poblacion":59636,"total":341,"nuevas":56,"lat":-2.33,"lng":-79.4,"mes":1},{"provincia":"Guayas","provincia_poblacion":4387434,"canton":"Empalme","canton_poblacion":86073,"total":532,"nuevas":85,"lat":-1.046111,"lng":-79.633611,"mes":1},{"provincia":"Guayas","provincia_poblacion":4387434,"canton":"General Antonio Elizalde","canton_poblacion":13156,"total":215,"nuevas":47,"lat":-2.2,"lng":-79.17,"mes":1},{"provincia":"Guayas","provincia_poblacion":4387434,"canton":"Guayaquil","canton_poblacion":2723665,"total":22074,"nuevas":2977,"lat":-2.183333,"lng":-79.883333,"mes":1},{"provincia":"Guayas","provincia_poblacion":4387434,"canton":"Isidro Ayora","canton_poblacion":14582,"total":40,"nuevas":2,"lat":-1.8833330000000001,"lng":-80.166667,"mes":1},{"provincia":"Guayas","provincia_poblacion":4387434,"canton":"Lomas de Sargentillo","canton_poblacion":24220,"total":71,"nuevas":5,"lat":-1.8833330000000001,"lng":-80.083333,"mes":1},{"provincia":"Guayas","provincia_poblacion":4387434,"canton":"Milagro","canton_poblacion":199835,"total":1515,"nuevas":376,"lat":-2.126944,"lng":-79.599167,"mes":1},{"provincia":"Guayas","provincia_poblacion":4387434,"canton":"Naranjal","canton_poblacion":95052,"total":489,"nuevas":101,"lat":-2.6728,"lng":-79.615,"mes":1},{"provincia":"Guayas","provincia_poblacion":4387434,"canton":"Naranjito","canton_poblacion":43862,"total":216,"nuevas":27,"lat":-2.173,"lng":-79.4671,"mes":1},{"provincia":"Guayas","provincia_poblacion":4387434,"canton":"Nobol","canton_poblacion":26444,"total":42,"nuevas":6,"lat":-1.9166710000000002,"lng":-80.011539,"mes":1},{"provincia":"Guayas","provincia_poblacion":4387434,"canton":"Palestina","canton_poblacion":18451,"total":72,"nuevas":16,"lat":-1.6263,"lng":-79.977,"mes":1},{"provincia":"Guayas","provincia_poblacion":4387434,"canton":"Pedro Carbo","canton_poblacion":51802,"total":328,"nuevas":62,"lat":-1.833333,"lng":-80.233333,"mes":1},{"provincia":"Guayas","provincia_poblacion":4387434,"canton":"Playas","canton_poblacion":59628,"total":273,"nuevas":31,"lat":-2.62333,"lng":-80.3875,"mes":1},{"provincia":"Guayas","provincia_poblacion":4387434,"canton":"Salitre","canton_poblacion":65765,"total":284,"nuevas":49,"lat":-1.829444,"lng":-79.815556,"mes":1},{"provincia":"Guayas","provincia_poblacion":4387434,"canton":"Samborondón","canton_poblacion":102404,"total":1157,"nuevas":60,"lat":-2.183333,"lng":-79.883333,"mes":1},{"provincia":"Guayas","provincia_poblacion":4387434,"canton":"San Jacinto De Yaguachi","canton_poblacion":78204,"total":338,"nuevas":55,"lat":-2.12,"lng":-79.69,"mes":1},{"provincia":"Guayas","provincia_poblacion":4387434,"canton":"Santa Lucía","canton_poblacion":45004,"total":106,"nuevas":4,"lat":-1.7138890000000002,"lng":-79.985,"mes":1},{"provincia":"Guayas","provincia_poblacion":4387434,"canton":"Simón Bolivar","canton_poblacion":32224,"total":36,"nuevas":9,"lat":-2.156667,"lng":-79.8875,"mes":1},{"provincia":"Imbabura","provincia_poblacion":476257,"canton":"Antonio Ante","canton_poblacion":54311,"total":873,"nuevas":216,"lat":0.32,"lng":-78.21,"mes":1},{"provincia":"Imbabura","provincia_poblacion":476257,"canton":"Cotacachi","canton_poblacion":44203,"total":881,"nuevas":136,"lat":0.3,"lng":-78.266667,"mes":1},{"provincia":"Imbabura","provincia_poblacion":476257,"canton":"Ibarra","canton_poblacion":221149,"total":3819,"nuevas":740,"lat":0.362678,"lng":-78.130667,"mes":1},{"provincia":"Imbabura","provincia_poblacion":476257,"canton":"Otavalo","canton_poblacion":125785,"total":1465,"nuevas":303,"lat":0.23333299999999998,"lng":-78.266667,"mes":1},{"provincia":"Imbabura","provincia_poblacion":476257,"canton":"Pimampiro","canton_poblacion":13269,"total":221,"nuevas":28,"lat":0.39999999999999997,"lng":-77.97,"mes":1},{"provincia":"Imbabura","provincia_poblacion":476257,"canton":"San Miguel de Urcuquí","canton_poblacion":17540,"total":264,"nuevas":37,"lat":0.52,"lng":-78.2,"mes":1},{"provincia":"Loja","provincia_poblacion":521154,"canton":"Calvas","canton_poblacion":29565,"total":226,"nuevas":59,"lat":-4.32,"lng":-79.56,"mes":1},{"provincia":"Loja","provincia_poblacion":521154,"canton":"Catamayo","canton_poblacion":35961,"total":316,"nuevas":40,"lat":-3.9800000000000004,"lng":-79.35,"mes":1},{"provincia":"Loja","provincia_poblacion":521154,"canton":"Celica","canton_poblacion":16160,"total":124,"nuevas":3,"lat":-4.1025,"lng":-79.954444,"mes":1},{"provincia":"Loja","provincia_poblacion":521154,"canton":"Chaguarpamba","canton_poblacion":6620,"total":44,"nuevas":7,"lat":-3.85,"lng":-79.65,"mes":1},{"provincia":"Loja","provincia_poblacion":521154,"canton":"Espíndola","canton_poblacion":14209,"total":75,"nuevas":33,"lat":-4.583056,"lng":-79.426944,"mes":1},{"provincia":"Loja","provincia_poblacion":521154,"canton":"Gonzanamá","canton_poblacion":10953,"total":67,"nuevas":9,"lat":-4.231389,"lng":-79.435278,"mes":1},{"provincia":"Loja","provincia_poblacion":521154,"canton":"Loja","canton_poblacion":274112,"total":6671,"nuevas":1021,"lat":-3.9833330000000005,"lng":-79.2,"mes":1},{"provincia":"Loja","provincia_poblacion":521154,"canton":"Macará","canton_poblacion":20269,"total":527,"nuevas":19,"lat":-4.383333,"lng":-79.95,"mes":1},{"provincia":"Loja","provincia_poblacion":521154,"canton":"Olmedo","canton_poblacion":4220,"total":20,"nuevas":4,"lat":-3.934,"lng":-79.648,"mes":1},{"provincia":"Loja","provincia_poblacion":521154,"canton":"Paltas","canton_poblacion":23471,"total":345,"nuevas":126,"lat":-4.0500000000000025,"lng":-79.65,"mes":1},{"provincia":"Loja","provincia_poblacion":521154,"canton":"Pindal","canton_poblacion":10540,"total":108,"nuevas":4,"lat":-4.1161,"lng":-80.1076,"mes":1},{"provincia":"Loja","provincia_poblacion":521154,"canton":"Puyango","canton_poblacion":15925,"total":109,"nuevas":16,"lat":-3.87,"lng":-80.09,"mes":1},{"provincia":"Loja","provincia_poblacion":521154,"canton":"Quilanga","canton_poblacion":4197,"total":17,"nuevas":9,"lat":-4.298,"lng":-79.3986,"mes":1},{"provincia":"Loja","provincia_poblacion":521154,"canton":"Saraguro","canton_poblacion":33506,"total":279,"nuevas":98,"lat":-3.6253,"lng":-79.2411,"mes":1},{"provincia":"Loja","provincia_poblacion":521154,"canton":"Sozoranga","canton_poblacion":7121,"total":58,"nuevas":3,"lat":-4.327778,"lng":-79.789722,"mes":1},{"provincia":"Loja","provincia_poblacion":521154,"canton":"Zapotillo","canton_poblacion":14325,"total":78,"nuevas":21,"lat":-4.3863600000000025,"lng":-80.2436,"mes":1},{"provincia":"Los Ríos","provincia_poblacion":921763,"canton":"Baba","canton_poblacion":43429,"total":112,"nuevas":14,"lat":-1.784167,"lng":-79.676667,"mes":1},{"provincia":"Los Ríos","provincia_poblacion":921763,"canton":"Babahoyo","canton_poblacion":175281,"total":2180,"nuevas":382,"lat":-1.8,"lng":-79.533333,"mes":1},{"provincia":"Los Ríos","provincia_poblacion":921763,"canton":"Buena Fe","canton_poblacion":83654,"total":416,"nuevas":93,"lat":-0.8985719999999999,"lng":-79.488916,"mes":1},{"provincia":"Los Ríos","provincia_poblacion":921763,"canton":"Mocache","canton_poblacion":43316,"total":78,"nuevas":20,"lat":-1.18385,"lng":-79.50553,"mes":1},{"provincia":"Los Ríos","provincia_poblacion":921763,"canton":"Montalvo","canton_poblacion":28720,"total":137,"nuevas":29,"lat":-1.7938,"lng":-79.2857,"mes":1},{"provincia":"Los Ríos","provincia_poblacion":921763,"canton":"Palenque","canton_poblacion":23638,"total":99,"nuevas":28,"lat":-1.4328,"lng":-79.7495,"mes":1},{"provincia":"Los Ríos","provincia_poblacion":921763,"canton":"Puebloviejo","canton_poblacion":44725,"total":124,"nuevas":14,"lat":-1.55,"lng":-79.533889,"mes":1},{"provincia":"Los Ríos","provincia_poblacion":921763,"canton":"Quevedo","canton_poblacion":213842,"total":1332,"nuevas":205,"lat":-1.033333,"lng":-79.45,"mes":1},{"provincia":"Los Ríos","provincia_poblacion":921763,"canton":"Quinsaloma","canton_poblacion":20428,"total":166,"nuevas":14,"lat":-1.2062000000000002,"lng":-79.3145,"mes":1},{"provincia":"Los Ríos","provincia_poblacion":921763,"canton":"Urdaneta","canton_poblacion":32618,"total":180,"nuevas":37,"lat":-1.570556,"lng":-79.471111,"mes":1},{"provincia":"Los Ríos","provincia_poblacion":921763,"canton":"Valencia","canton_poblacion":54637,"total":248,"nuevas":155,"lat":-0.9525,"lng":-79.3531,"mes":1},{"provincia":"Los Ríos","provincia_poblacion":921763,"canton":"Ventanas","canton_poblacion":75146,"total":631,"nuevas":70,"lat":-1.4500000000000002,"lng":-79.47,"mes":1},{"provincia":"Los Ríos","provincia_poblacion":921763,"canton":"Vinces","canton_poblacion":82329,"total":354,"nuevas":97,"lat":-1.5583330000000002,"lng":-79.75,"mes":1},{"provincia":"Manabí","provincia_poblacion":1562079,"canton":"Bolívar","canton_poblacion":45493,"total":368,"nuevas":45,"lat":-0.841944,"lng":-80.161944,"mes":1},{"provincia":"Manabí","provincia_poblacion":1562079,"canton":"Chone","canton_poblacion":131002,"total":1725,"nuevas":226,"lat":-0.683333,"lng":-80.1,"mes":1},{"provincia":"Manabí","provincia_poblacion":1562079,"canton":"El Carmen","canton_poblacion":111344,"total":612,"nuevas":43,"lat":-1.3147000000000002,"lng":-80.0169,"mes":1},{"provincia":"Manabí","provincia_poblacion":1562079,"canton":"Flavio Alfaro","canton_poblacion":23822,"total":255,"nuevas":25,"lat":-0.4054,"lng":-79.9058,"mes":1},{"provincia":"Manabí","provincia_poblacion":1562079,"canton":"Jama","canton_poblacion":26116,"total":127,"nuevas":33,"lat":-0.2014,"lng":-80.2659,"mes":1},{"provincia":"Manabí","provincia_poblacion":1562079,"canton":"Jaramijó","canton_poblacion":28439,"total":115,"nuevas":12,"lat":-0.94873,"lng":-80.6363,"mes":1},{"provincia":"Manabí","provincia_poblacion":1562079,"canton":"Jipijapa","canton_poblacion":74645,"total":844,"nuevas":182,"lat":-1.3333300000000001,"lng":-80.5833,"mes":1},{"provincia":"Manabí","provincia_poblacion":1562079,"canton":"Junín","canton_poblacion":18820,"total":286,"nuevas":23,"lat":-0.92916,"lng":-80.20569,"mes":1},{"provincia":"Manabí","provincia_poblacion":1562079,"canton":"Manta","canton_poblacion":264281,"total":2534,"nuevas":409,"lat":-0.950022,"lng":-80.7162,"mes":1},{"provincia":"Manabí","provincia_poblacion":1562079,"canton":"Montecristi","canton_poblacion":107785,"total":515,"nuevas":61,"lat":-1.03333,"lng":-80.65,"mes":1},{"provincia":"Manabí","provincia_poblacion":1562079,"canton":"Olmedo","canton_poblacion":10194,"total":171,"nuevas":40,"lat":-1.396111,"lng":-80.206111,"mes":1},{"provincia":"Manabí","provincia_poblacion":1562079,"canton":"Paján","canton_poblacion":37093,"total":260,"nuevas":48,"lat":-1.57,"lng":-80.42,"mes":1},{"provincia":"Manabí","provincia_poblacion":1562079,"canton":"Pedernales","canton_poblacion":63441,"total":405,"nuevas":32,"lat":0.07010000000000001,"lng":-80.0536,"mes":1},{"provincia":"Manabí","provincia_poblacion":1562079,"canton":"Pichincha","canton_poblacion":29599,"total":214,"nuevas":56,"lat":-1.0473000000000001,"lng":-79.8186,"mes":1},{"provincia":"Manabí","provincia_poblacion":1562079,"canton":"Portoviejo","canton_poblacion":321800,"total":5984,"nuevas":928,"lat":-1.056181,"lng":-80.455217,"mes":1},{"provincia":"Manabí","provincia_poblacion":1562079,"canton":"Puerto López","canton_poblacion":24688,"total":344,"nuevas":24,"lat":-1.566667,"lng":-80.816667,"mes":1},{"provincia":"Manabí","provincia_poblacion":1562079,"canton":"Rocafuerte","canton_poblacion":37312,"total":779,"nuevas":169,"lat":-0.9199999999999999,"lng":-80.46,"mes":1},{"provincia":"Manabí","provincia_poblacion":1562079,"canton":"San Vicente","canton_poblacion":24799,"total":151,"nuevas":13,"lat":-0.5892999999999999,"lng":-80.4088,"mes":1},{"provincia":"Manabí","provincia_poblacion":1562079,"canton":"Santa Ana","canton_poblacion":48152,"total":484,"nuevas":64,"lat":-1.2069,"lng":-80.3709,"mes":1},{"provincia":"Manabí","provincia_poblacion":1562079,"canton":"Sucre","canton_poblacion":62443,"total":759,"nuevas":111,"lat":-0.6,"lng":-80.416667,"mes":1},{"provincia":"Manabí","provincia_poblacion":1562079,"canton":"Tosagua","canton_poblacion":42297,"total":335,"nuevas":39,"lat":-0.78,"lng":-80.26,"mes":1},{"provincia":"Manabí","provincia_poblacion":1562079,"canton":"Veinticuatro de Mayo","canton_poblacion":28514,"total":324,"nuevas":48,"lat":-1.2788890000000002,"lng":-80.42,"mes":1},{"provincia":"Morona Santiago","provincia_poblacion":196535,"canton":"Gualaquiza","canton_poblacion":19555,"total":590,"nuevas":77,"lat":-3.3800000000000003,"lng":-78.58,"mes":1},{"provincia":"Morona Santiago","provincia_poblacion":196535,"canton":"Huamboya","canton_poblacion":12382,"total":75,"nuevas":3,"lat":-1.7850000000000001,"lng":-78.231944,"mes":1},{"provincia":"Morona Santiago","provincia_poblacion":196535,"canton":"Limón Indanza","canton_poblacion":10349,"total":243,"nuevas":38,"lat":-2.96625,"lng":-78.430528,"mes":1},{"provincia":"Morona Santiago","provincia_poblacion":196535,"canton":"Logroño","canton_poblacion":7643,"total":139,"nuevas":15,"lat":-2.6248,"lng":-78.1896,"mes":1},{"provincia":"Morona Santiago","provincia_poblacion":196535,"canton":"Morona","canton_poblacion":58281,"total":1665,"nuevas":241,"lat":-2.3000000000000003,"lng":-78.116667,"mes":1},{"provincia":"Morona Santiago","provincia_poblacion":196535,"canton":"Pablo Sexto","canton_poblacion":2897,"total":62,"nuevas":3,"lat":-1.8030560000000002,"lng":-77.921111,"mes":1},{"provincia":"Morona Santiago","provincia_poblacion":196535,"canton":"Palora","canton_poblacion":7719,"total":317,"nuevas":71,"lat":-1.7000000000000002,"lng":-77.94,"mes":1},{"provincia":"Morona Santiago","provincia_poblacion":196535,"canton":"San Juan Bosco","canton_poblacion":4985,"total":54,"nuevas":21,"lat":-3.0923000000000003,"lng":-78.5132,"mes":1},{"provincia":"Morona Santiago","provincia_poblacion":196535,"canton":"Santiago","canton_poblacion":11087,"total":259,"nuevas":29,"lat":-3.4298,"lng":-78.5656,"mes":1},{"provincia":"Morona Santiago","provincia_poblacion":196535,"canton":"Sucúa","canton_poblacion":23823,"total":530,"nuevas":52,"lat":-2.4600000000000004,"lng":-78.17,"mes":1},{"provincia":"Morona Santiago","provincia_poblacion":196535,"canton":"Taisha","canton_poblacion":26773,"total":209,"nuevas":7,"lat":-2.33995,"lng":-77.45808,"mes":1},{"provincia":"Morona Santiago","provincia_poblacion":196535,"canton":"Tiwintza","canton_poblacion":11041,"total":55,"nuevas":0,"lat":-2.91767,"lng":-77.8017,"mes":1},{"provincia":"Napo","provincia_poblacion":133705,"canton":"Archidona","canton_poblacion":33068,"total":259,"nuevas":36,"lat":-0.916667,"lng":-77.783333,"mes":1},{"provincia":"Napo","provincia_poblacion":133705,"canton":"Carlos Julio Arosemena Tola","canton_poblacion":4466,"total":24,"nuevas":0,"lat":-1.1666670000000001,"lng":-77.85,"mes":1},{"provincia":"Napo","provincia_poblacion":133705,"canton":"El Chaco","canton_poblacion":10142,"total":301,"nuevas":58,"lat":-0.34027799999999997,"lng":-77.808889,"mes":1},{"provincia":"Napo","provincia_poblacion":133705,"canton":"Quijos","canton_poblacion":6847,"total":210,"nuevas":36,"lat":-0.463611,"lng":-77.892778,"mes":1},{"provincia":"Napo","provincia_poblacion":133705,"canton":"Tena","canton_poblacion":79182,"total":1159,"nuevas":155,"lat":-0.989,"lng":-77.8159,"mes":1},{"provincia":"Orellana","provincia_poblacion":161338,"canton":"Aguarico","canton_poblacion":3629,"total":345,"nuevas":1,"lat":-0.921111,"lng":-75.399167,"mes":1},{"provincia":"Orellana","provincia_poblacion":161338,"canton":"La Joya de los Sachas","canton_poblacion":39352,"total":362,"nuevas":21,"lat":-0.3,"lng":-76.85,"mes":1},{"provincia":"Orellana","provincia_poblacion":161338,"canton":"Loreto","canton_poblacion":24579,"total":76,"nuevas":4,"lat":-0.6904,"lng":-77.3083,"mes":1},{"provincia":"Orellana","provincia_poblacion":161338,"canton":"Orellana","canton_poblacion":93778,"total":1415,"nuevas":62,"lat":-0.466667,"lng":-76.966667,"mes":1},{"provincia":"Pastaza","provincia_poblacion":114202,"canton":"Arajuno","canton_poblacion":8128,"total":120,"nuevas":5,"lat":-1.2343700000000002,"lng":-77.6875,"mes":1},{"provincia":"Pastaza","provincia_poblacion":114202,"canton":"Mera","canton_poblacion":17547,"total":615,"nuevas":26,"lat":-1.4600000000000002,"lng":-78.09,"mes":1},{"provincia":"Pastaza","provincia_poblacion":114202,"canton":"Pastaza","canton_poblacion":84377,"total":1660,"nuevas":78,"lat":-1.066667,"lng":-78.001111,"mes":1},{"provincia":"Pastaza","provincia_poblacion":114202,"canton":"Santa Clara","canton_poblacion":4150,"total":125,"nuevas":0,"lat":-1.2671000000000001,"lng":-77.8882,"mes":1},{"provincia":"Pichincha","provincia_poblacion":3228233,"canton":"Cayambe","canton_poblacion":107660,"total":963,"nuevas":110,"lat":0.043889000000000004,"lng":-78.1561,"mes":1},{"provincia":"Pichincha","provincia_poblacion":3228233,"canton":"Mejía","canton_poblacion":108167,"total":1760,"nuevas":252,"lat":-0.5101,"lng":-78.5698,"mes":1},{"provincia":"Pichincha","provincia_poblacion":3228233,"canton":"Pedro Moncayo","canton_poblacion":43281,"total":239,"nuevas":33,"lat":0.043697,"lng":-78.34924,"mes":1},{"provincia":"Pichincha","provincia_poblacion":3228233,"canton":"Pedro Vicente Maldonado","canton_poblacion":17171,"total":206,"nuevas":38,"lat":0.166667,"lng":-79,"mes":1},{"provincia":"Pichincha","provincia_poblacion":3228233,"canton":"Puerto Quito","canton_poblacion":24911,"total":187,"nuevas":18,"lat":0.11699999999999999,"lng":-79.264,"mes":1},{"provincia":"Pichincha","provincia_poblacion":3228233,"canton":"Quito","canton_poblacion":2781641,"total":80919,"nuevas":11336,"lat":-0.218611,"lng":-78.509722,"mes":1},{"provincia":"Pichincha","provincia_poblacion":3228233,"canton":"Rumiñahui","canton_poblacion":115433,"total":3134,"nuevas":349,"lat":-0.3345,"lng":-78.4475,"mes":1},{"provincia":"Pichincha","provincia_poblacion":3228233,"canton":"San Miguel de Los Bancos","canton_poblacion":29969,"total":248,"nuevas":55,"lat":0.023000000000000003,"lng":-78.892,"mes":1},{"provincia":"Santa Elena","provincia_poblacion":401178,"canton":"La Libertad","canton_poblacion":117767,"total":1049,"nuevas":152,"lat":-2.233333,"lng":-80.9,"mes":1},{"provincia":"Santa Elena","provincia_poblacion":401178,"canton":"Salinas","canton_poblacion":94590,"total":674,"nuevas":103,"lat":-2.216667,"lng":-80.95,"mes":1},{"provincia":"Santa Elena","provincia_poblacion":401178,"canton":"Santa Elena","canton_poblacion":188821,"total":1322,"nuevas":159,"lat":-2.2267,"lng":-80.8583,"mes":1},{"provincia":"Sto. Domingo Tsáchilas","provincia_poblacion":511151,"canton":"La Concordia","canton_poblacion":52571,"total":964,"nuevas":122,"lat":0.0023,"lng":-79.3846,"mes":1},{"provincia":"Sto. Domingo Tsáchilas","provincia_poblacion":511151,"canton":"Santo Domingo","canton_poblacion":458580,"total":5819,"nuevas":747,"lat":-0.254167,"lng":-79.171944,"mes":1},{"provincia":"Sucumbíos","provincia_poblacion":230503,"canton":"Cascales","canton_poblacion":15882,"total":126,"nuevas":2,"lat":-0.0675,"lng":-77.216944,"mes":1},{"provincia":"Sucumbíos","provincia_poblacion":230503,"canton":"Cuyabeno","canton_poblacion":7154,"total":152,"nuevas":3,"lat":-0.128889,"lng":-76.413889,"mes":1},{"provincia":"Sucumbíos","provincia_poblacion":230503,"canton":"Gonzalo Pizarro","canton_poblacion":10007,"total":197,"nuevas":16,"lat":0.047,"lng":-77.3228,"mes":1},{"provincia":"Sucumbíos","provincia_poblacion":230503,"canton":"Lago Agrio","canton_poblacion":119594,"total":1821,"nuevas":87,"lat":0.08472200000000002,"lng":-76.882778,"mes":1},{"provincia":"Sucumbíos","provincia_poblacion":230503,"canton":"Putumayo","canton_poblacion":16106,"total":137,"nuevas":18,"lat":0.1,"lng":-75.85,"mes":1},{"provincia":"Sucumbíos","provincia_poblacion":230503,"canton":"Shushufindi","canton_poblacion":57949,"total":734,"nuevas":73,"lat":-0.1871,"lng":-76.645,"mes":1},{"provincia":"Sucumbíos","provincia_poblacion":230503,"canton":"Sucumbíos","canton_poblacion":3811,"total":74,"nuevas":33,"lat":0.4592,"lng":-77.523,"mes":1},{"provincia":"Tungurahua","provincia_poblacion":590600,"canton":"Ambato","canton_poblacion":387309,"total":6212,"nuevas":1153,"lat":-1.241667,"lng":-78.619722,"mes":1},{"provincia":"Tungurahua","provincia_poblacion":590600,"canton":"Baños","canton_poblacion":25043,"total":1099,"nuevas":115,"lat":-1.396389,"lng":-78.424722,"mes":1},{"provincia":"Tungurahua","provincia_poblacion":590600,"canton":"Cevallos","canton_poblacion":9936,"total":56,"nuevas":22,"lat":-1.35,"lng":-78.616667,"mes":1},{"provincia":"Tungurahua","provincia_poblacion":590600,"canton":"Mocha","canton_poblacion":7336,"total":39,"nuevas":10,"lat":-1.4166670000000001,"lng":-78.666667,"mes":1},{"provincia":"Tungurahua","provincia_poblacion":590600,"canton":"Patate","canton_poblacion":15825,"total":248,"nuevas":34,"lat":-1.316667,"lng":-78.516667,"mes":1},{"provincia":"Tungurahua","provincia_poblacion":590600,"canton":"Pelileo","canton_poblacion":66836,"total":1014,"nuevas":191,"lat":-1.3275000000000001,"lng":-78.540833,"mes":1},{"provincia":"Tungurahua","provincia_poblacion":590600,"canton":"Píllaro","canton_poblacion":43371,"total":251,"nuevas":67,"lat":-1.1758330000000001,"lng":-78.555278,"mes":1},{"provincia":"Tungurahua","provincia_poblacion":590600,"canton":"Quero","canton_poblacion":20627,"total":112,"nuevas":32,"lat":-1.3793000000000002,"lng":-78.607,"mes":1},{"provincia":"Tungurahua","provincia_poblacion":590600,"canton":"Tisaleo","canton_poblacion":14317,"total":63,"nuevas":17,"lat":-1.35,"lng":-78.666667,"mes":1},{"provincia":"Zamora Chinchipe","provincia_poblacion":120416,"canton":"Centinela del Cóndor","canton_poblacion":8313,"total":129,"nuevas":3,"lat":-3.8949100000000003,"lng":-78.78141,"mes":1},{"provincia":"Zamora Chinchipe","provincia_poblacion":120416,"canton":"Chinchipe","canton_poblacion":10679,"total":117,"nuevas":18,"lat":-4.8628,"lng":-79.1328,"mes":1},{"provincia":"Zamora Chinchipe","provincia_poblacion":120416,"canton":"El Pangui","canton_poblacion":10945,"total":180,"nuevas":10,"lat":-3.6249000000000002,"lng":-78.5871,"mes":1},{"provincia":"Zamora Chinchipe","provincia_poblacion":120416,"canton":"Nangaritza","canton_poblacion":8014,"total":50,"nuevas":1,"lat":-4.048333,"lng":-78.682222,"mes":1},{"provincia":"Zamora Chinchipe","provincia_poblacion":120416,"canton":"Palanda","canton_poblacion":10144,"total":31,"nuevas":9,"lat":-4.6498,"lng":-79.1321,"mes":1},{"provincia":"Zamora Chinchipe","provincia_poblacion":120416,"canton":"Paquisha","canton_poblacion":5992,"total":75,"nuevas":1,"lat":-3.9327500000000004,"lng":-78.67426,"mes":1},{"provincia":"Zamora Chinchipe","provincia_poblacion":120416,"canton":"Yacuambi","canton_poblacion":7121,"total":85,"nuevas":0,"lat":-3.63444,"lng":-78.9281,"mes":1},{"provincia":"Zamora Chinchipe","provincia_poblacion":120416,"canton":"Yantzaza","canton_poblacion":26447,"total":503,"nuevas":28,"lat":-3.85,"lng":-78.75,"mes":1},{"provincia":"Zamora Chinchipe","provincia_poblacion":120416,"canton":"Zamora","canton_poblacion":32761,"total":624,"nuevas":55,"lat":-4.12,"lng":-78.8,"mes":1},{"provincia":"Azuay","provincia_poblacion":881394,"canton":"Camilo Ponce Enríquez","canton_poblacion":36423,"total":285,"nuevas":48,"lat":-3.0500000000000003,"lng":-79.733333,"mes":2},{"provincia":"Azuay","provincia_poblacion":881394,"canton":"Chordeleg","canton_poblacion":15176,"total":138,"nuevas":8,"lat":-2.933333,"lng":-78.766667,"mes":2},{"provincia":"Azuay","provincia_poblacion":881394,"canton":"Cuenca","canton_poblacion":636996,"total":13534,"nuevas":792,"lat":-2.8974140000000004,"lng":-79.004481,"mes":2},{"provincia":"Azuay","provincia_poblacion":881394,"canton":"El Pan","canton_poblacion":3091,"total":96,"nuevas":3,"lat":-2.786111,"lng":-78.665,"mes":2},{"provincia":"Azuay","provincia_poblacion":881394,"canton":"Girón","canton_poblacion":13037,"total":189,"nuevas":18,"lat":-3.159028,"lng":-79.147568,"mes":2},{"provincia":"Azuay","provincia_poblacion":881394,"canton":"Guachapala","canton_poblacion":3859,"total":149,"nuevas":15,"lat":-2.769,"lng":-78.709,"mes":2},{"provincia":"Azuay","provincia_poblacion":881394,"canton":"Gualaceo","canton_poblacion":49104,"total":733,"nuevas":35,"lat":-2.9000000000000004,"lng":-78.783333,"mes":2},{"provincia":"Azuay","provincia_poblacion":881394,"canton":"Nabón","canton_poblacion":17292,"total":97,"nuevas":9,"lat":-3.3360600000000002,"lng":-79.06368,"mes":2},{"provincia":"Azuay","provincia_poblacion":881394,"canton":"Oña","canton_poblacion":4128,"total":25,"nuevas":3,"lat":-3.46964,"lng":-79.15431,"mes":2},{"provincia":"Azuay","provincia_poblacion":881394,"canton":"Paute","canton_poblacion":29214,"total":805,"nuevas":34,"lat":-2.7818,"lng":-78.76,"mes":2},{"provincia":"Azuay","provincia_poblacion":881394,"canton":"Pucará","canton_poblacion":10584,"total":55,"nuevas":16,"lat":-3.2337800000000003,"lng":-79.4612,"mes":2},{"provincia":"Azuay","provincia_poblacion":881394,"canton":"San Fernando","canton_poblacion":4156,"total":56,"nuevas":16,"lat":-3.1445000000000003,"lng":-79.252,"mes":2},{"provincia":"Azuay","provincia_poblacion":881394,"canton":"Santa Isabel","canton_poblacion":20935,"total":481,"nuevas":53,"lat":-3.2741700000000002,"lng":-79.3156,"mes":2},{"provincia":"Azuay","provincia_poblacion":881394,"canton":"Sevilla de Oro","canton_poblacion":6890,"total":209,"nuevas":10,"lat":-2.799833,"lng":-78.655694,"mes":2},{"provincia":"Azuay","provincia_poblacion":881394,"canton":"Sígsig","canton_poblacion":30509,"total":213,"nuevas":7,"lat":-3.0897,"lng":-78.8032,"mes":2},{"provincia":"Bolívar","provincia_poblacion":209933,"canton":"Caluma","canton_poblacion":16429,"total":409,"nuevas":67,"lat":-1.6333300000000002,"lng":-79.25,"mes":2},{"provincia":"Bolívar","provincia_poblacion":209933,"canton":"Chillanes","canton_poblacion":16850,"total":186,"nuevas":51,"lat":-1.9333330000000002,"lng":-79.066667,"mes":2},{"provincia":"Bolívar","provincia_poblacion":209933,"canton":"Chimbo","canton_poblacion":17378,"total":222,"nuevas":34,"lat":-1.7000000000000002,"lng":-79.016667,"mes":2},{"provincia":"Bolívar","provincia_poblacion":209933,"canton":"Echeandía","canton_poblacion":14081,"total":405,"nuevas":64,"lat":-1.4333300000000002,"lng":-79.26667,"mes":2},{"provincia":"Bolívar","provincia_poblacion":209933,"canton":"Guaranda","canton_poblacion":108763,"total":1748,"nuevas":157,"lat":-1.6055560000000002,"lng":-79.003056,"mes":2},{"provincia":"Bolívar","provincia_poblacion":209933,"canton":"Las Naves","canton_poblacion":7428,"total":209,"nuevas":34,"lat":-1.28333,"lng":-79.3,"mes":2},{"provincia":"Bolívar","provincia_poblacion":209933,"canton":"San Miguel","canton_poblacion":29004,"total":347,"nuevas":74,"lat":-1.7000000000000002,"lng":-79.033333,"mes":2},{"provincia":"Carchi","provincia_poblacion":186869,"canton":"Bolivar","canton_poblacion":15528,"total":354,"nuevas":24,"lat":0.507099,"lng":-77.862454,"mes":2},{"provincia":"Carchi","provincia_poblacion":186869,"canton":"Espejo","canton_poblacion":13817,"total":480,"nuevas":43,"lat":0.621,"lng":-77.94,"mes":2},{"provincia":"Carchi","provincia_poblacion":186869,"canton":"Mira","canton_poblacion":11969,"total":494,"nuevas":18,"lat":0.5538999999999998,"lng":-78.0493,"mes":2},{"provincia":"Carchi","provincia_poblacion":186869,"canton":"Montúfar","canton_poblacion":34229,"total":849,"nuevas":91,"lat":0.61,"lng":-77.84,"mes":2},{"provincia":"Carchi","provincia_poblacion":186869,"canton":"San Pedro de Huaca","canton_poblacion":8931,"total":326,"nuevas":21,"lat":0.631111,"lng":-77.725278,"mes":2},{"provincia":"Carchi","provincia_poblacion":186869,"canton":"Tulcán","canton_poblacion":102395,"total":2973,"nuevas":205,"lat":0.81218,"lng":-77.71633,"mes":2},{"provincia":"Cañar","provincia_poblacion":281396,"canton":"Azogues","canton_poblacion":86276,"total":2046,"nuevas":185,"lat":-2.733333,"lng":-78.833333,"mes":2},{"provincia":"Cañar","provincia_poblacion":281396,"canton":"Biblían","canton_poblacion":23741,"total":232,"nuevas":24,"lat":-2.7100000000000004,"lng":-78.88,"mes":2},{"provincia":"Cañar","provincia_poblacion":281396,"canton":"Cañar","canton_poblacion":68747,"total":723,"nuevas":65,"lat":-2.4837000000000002,"lng":-78.9784,"mes":2},{"provincia":"Cañar","provincia_poblacion":281396,"canton":"Déleg","canton_poblacion":6782,"total":53,"nuevas":6,"lat":-2.7726,"lng":-78.9183,"mes":2},{"provincia":"Cañar","provincia_poblacion":281396,"canton":"El Tambo","canton_poblacion":12462,"total":182,"nuevas":13,"lat":-2.5081,"lng":-78.9249,"mes":2},{"provincia":"Cañar","provincia_poblacion":281396,"canton":"La Troncal","canton_poblacion":76872,"total":547,"nuevas":21,"lat":-2.4000000000000004,"lng":-79.33,"mes":2},{"provincia":"Cañar","provincia_poblacion":281396,"canton":"Suscal","canton_poblacion":6516,"total":36,"nuevas":3,"lat":-2.4364000000000003,"lng":-79.0522,"mes":2},{"provincia":"Chimborazo","provincia_poblacion":524004,"canton":"Alausí","canton_poblacion":45054,"total":374,"nuevas":34,"lat":-2.2,"lng":-78.85,"mes":2},{"provincia":"Chimborazo","provincia_poblacion":524004,"canton":"Chambo","canton_poblacion":13378,"total":78,"nuevas":14,"lat":-1.7333330000000002,"lng":-78.583333,"mes":2},{"provincia":"Chimborazo","provincia_poblacion":524004,"canton":"Chunchi","canton_poblacion":12795,"total":165,"nuevas":15,"lat":-2.2833330000000003,"lng":-78.916667,"mes":2},{"provincia":"Chimborazo","provincia_poblacion":524004,"canton":"Colta","canton_poblacion":44838,"total":184,"nuevas":12,"lat":-1.7000000000000002,"lng":-78.75,"mes":2},{"provincia":"Chimborazo","provincia_poblacion":524004,"canton":"Cumandá","canton_poblacion":17973,"total":171,"nuevas":11,"lat":-2.2,"lng":-79.133333,"mes":2},{"provincia":"Chimborazo","provincia_poblacion":524004,"canton":"Guamote","canton_poblacion":58291,"total":114,"nuevas":8,"lat":-1.9333330000000002,"lng":-78.716667,"mes":2},{"provincia":"Chimborazo","provincia_poblacion":524004,"canton":"Guano","canton_poblacion":48395,"total":265,"nuevas":31,"lat":-1.583333,"lng":-78.633333,"mes":2},{"provincia":"Chimborazo","provincia_poblacion":524004,"canton":"Pallatanga","canton_poblacion":12277,"total":67,"nuevas":8,"lat":-1.9833330000000002,"lng":-78.95,"mes":2},{"provincia":"Chimborazo","provincia_poblacion":524004,"canton":"Penipe","canton_poblacion":6955,"total":101,"nuevas":2,"lat":-1.5573000000000001,"lng":-78.5396,"mes":2},{"provincia":"Chimborazo","provincia_poblacion":524004,"canton":"Riobamba","canton_poblacion":264048,"total":3215,"nuevas":306,"lat":-1.674347,"lng":-78.648294,"mes":2},{"provincia":"Cotopaxi","provincia_poblacion":488716,"canton":"La Maná","canton_poblacion":56905,"total":384,"nuevas":69,"lat":-0.9299999999999999,"lng":-79.22,"mes":2},{"provincia":"Cotopaxi","provincia_poblacion":488716,"canton":"Latacunga","canton_poblacion":205624,"total":3498,"nuevas":233,"lat":-0.933333,"lng":-78.616667,"mes":2},{"provincia":"Cotopaxi","provincia_poblacion":488716,"canton":"Pangua","canton_poblacion":24612,"total":216,"nuevas":32,"lat":-1.1333330000000001,"lng":-79.066667,"mes":2},{"provincia":"Cotopaxi","provincia_poblacion":488716,"canton":"Pujilí","canton_poblacion":79772,"total":847,"nuevas":72,"lat":-0.95,"lng":-78.69,"mes":2},{"provincia":"Cotopaxi","provincia_poblacion":488716,"canton":"Salcedo","canton_poblacion":67100,"total":1878,"nuevas":170,"lat":-1.05,"lng":-78.583333,"mes":2},{"provincia":"Cotopaxi","provincia_poblacion":488716,"canton":"Saquisilí","canton_poblacion":31426,"total":626,"nuevas":17,"lat":-0.83,"lng":-78.67,"mes":2},{"provincia":"Cotopaxi","provincia_poblacion":488716,"canton":"Sigchos","canton_poblacion":23277,"total":333,"nuevas":27,"lat":-0.7,"lng":-78.883333,"mes":2},{"provincia":"El Oro","provincia_poblacion":715751,"canton":"Arenillas","canton_poblacion":33473,"total":537,"nuevas":37,"lat":-3.5500000000000003,"lng":-80.06,"mes":2},{"provincia":"El Oro","provincia_poblacion":715751,"canton":"Atahualpa","canton_poblacion":6436,"total":178,"nuevas":42,"lat":-2.9000000000000004,"lng":-78.933333,"mes":2},{"provincia":"El Oro","provincia_poblacion":715751,"canton":"Balsas","canton_poblacion":9233,"total":97,"nuevas":22,"lat":-3.7626000000000004,"lng":-79.8253,"mes":2},{"provincia":"El Oro","provincia_poblacion":715751,"canton":"Chilla","canton_poblacion":2379,"total":13,"nuevas":1,"lat":-3.45,"lng":-79.58,"mes":2},{"provincia":"El Oro","provincia_poblacion":715751,"canton":"El Guabo","canton_poblacion":63645,"total":294,"nuevas":49,"lat":-3.2388000000000003,"lng":-79.8292,"mes":2},{"provincia":"El Oro","provincia_poblacion":715751,"canton":"Huaquillas","canton_poblacion":60440,"total":600,"nuevas":50,"lat":-3.48138,"lng":-80.243207,"mes":2},{"provincia":"El Oro","provincia_poblacion":715751,"canton":"Las Lajas","canton_poblacion":4963,"total":26,"nuevas":8,"lat":-3.785,"lng":-80.061667,"mes":2},{"provincia":"El Oro","provincia_poblacion":715751,"canton":"Machala","canton_poblacion":289141,"total":6440,"nuevas":811,"lat":-3.2666670000000004,"lng":-79.966667,"mes":2},{"provincia":"El Oro","provincia_poblacion":715751,"canton":"Marcabelí","canton_poblacion":6259,"total":44,"nuevas":18,"lat":-3.7860000000000005,"lng":-79.8978,"mes":2},{"provincia":"El Oro","provincia_poblacion":715751,"canton":"Pasaje","canton_poblacion":87723,"total":804,"nuevas":136,"lat":-3.3269,"lng":-79.8049,"mes":2},{"provincia":"El Oro","provincia_poblacion":715751,"canton":"Piñas","canton_poblacion":30206,"total":673,"nuevas":120,"lat":-3.6666670000000003,"lng":-79.65,"mes":2},{"provincia":"El Oro","provincia_poblacion":715751,"canton":"Portovelo","canton_poblacion":14028,"total":555,"nuevas":26,"lat":-3.72,"lng":-79.62,"mes":2},{"provincia":"El Oro","provincia_poblacion":715751,"canton":"Santa Rosa","canton_poblacion":82171,"total":1228,"nuevas":152,"lat":-3.4522220000000003,"lng":-79.961667,"mes":2},{"provincia":"El Oro","provincia_poblacion":715751,"canton":"Zaruma","canton_poblacion":25654,"total":579,"nuevas":99,"lat":-3.433333,"lng":-79.6,"mes":2},{"provincia":"Esmeraldas","provincia_poblacion":591083,"canton":"Atacames","canton_poblacion":55495,"total":472,"nuevas":36,"lat":0.866667,"lng":-79.833333,"mes":2},{"provincia":"Esmeraldas","provincia_poblacion":591083,"canton":"Eloy Alfaro","canton_poblacion":45629,"total":343,"nuevas":8,"lat":1.25,"lng":-79,"mes":2},{"provincia":"Esmeraldas","provincia_poblacion":591083,"canton":"Esmeraldas","canton_poblacion":218727,"total":2951,"nuevas":259,"lat":1.05,"lng":-79.2,"mes":2},{"provincia":"Esmeraldas","provincia_poblacion":591083,"canton":"Muisne","canton_poblacion":31106,"total":189,"nuevas":4,"lat":0.6067,"lng":-80.0183,"mes":2},{"provincia":"Esmeraldas","provincia_poblacion":591083,"canton":"Quinindé","canton_poblacion":145879,"total":1539,"nuevas":92,"lat":0.33,"lng":-79.48,"mes":2},{"provincia":"Esmeraldas","provincia_poblacion":591083,"canton":"Rioverde","canton_poblacion":31475,"total":250,"nuevas":7,"lat":1.0602,"lng":-79.4044,"mes":2},{"provincia":"Esmeraldas","provincia_poblacion":591083,"canton":"San Lorenzo","canton_poblacion":62772,"total":126,"nuevas":11,"lat":1.2658,"lng":-78.8414,"mes":2},{"provincia":"Galápagos","provincia_poblacion":33042,"canton":"Isabela","canton_poblacion":3073,"total":327,"nuevas":1,"lat":-0.4724,"lng":-90.6811,"mes":2},{"provincia":"Galápagos","provincia_poblacion":33042,"canton":"San Cristóbal","canton_poblacion":9667,"total":222,"nuevas":19,"lat":-0.7999999999999999,"lng":-89.4,"mes":2},{"provincia":"Galápagos","provincia_poblacion":33042,"canton":"Santa Cruz","canton_poblacion":20302,"total":741,"nuevas":23,"lat":-0.633333,"lng":-90.366667,"mes":2},{"provincia":"Guayas","provincia_poblacion":4387434,"canton":"Alfredo Baquerizo Moreno","canton_poblacion":32110,"total":70,"nuevas":19,"lat":-1.9166670000000001,"lng":-79.516667,"mes":2},{"provincia":"Guayas","provincia_poblacion":4387434,"canton":"Balao","canton_poblacion":26348,"total":133,"nuevas":30,"lat":-2.91,"lng":-79.81,"mes":2},{"provincia":"Guayas","provincia_poblacion":4387434,"canton":"Balzar","canton_poblacion":60260,"total":346,"nuevas":13,"lat":-1.36,"lng":-79.9,"mes":2},{"provincia":"Guayas","provincia_poblacion":4387434,"canton":"Colimes","canton_poblacion":26169,"total":120,"nuevas":23,"lat":-1.55,"lng":-80.016667,"mes":2},{"provincia":"Guayas","provincia_poblacion":4387434,"canton":"Coronel Marcelino Maridueña","canton_poblacion":13132,"total":46,"nuevas":14,"lat":-2.2,"lng":-79.42,"mes":2},{"provincia":"Guayas","provincia_poblacion":4387434,"canton":"Daule","canton_poblacion":173684,"total":1250,"nuevas":51,"lat":-1.866667,"lng":-79.983333,"mes":2},{"provincia":"Guayas","provincia_poblacion":4387434,"canton":"Durán","canton_poblacion":315724,"total":2059,"nuevas":163,"lat":-2.1666670000000003,"lng":-79.833333,"mes":2},{"provincia":"Guayas","provincia_poblacion":4387434,"canton":"El Triunfo","canton_poblacion":59636,"total":381,"nuevas":40,"lat":-2.33,"lng":-79.4,"mes":2},{"provincia":"Guayas","provincia_poblacion":4387434,"canton":"Empalme","canton_poblacion":86073,"total":602,"nuevas":70,"lat":-1.046111,"lng":-79.633611,"mes":2},{"provincia":"Guayas","provincia_poblacion":4387434,"canton":"General Antonio Elizalde","canton_poblacion":13156,"total":245,"nuevas":30,"lat":-2.2,"lng":-79.17,"mes":2},{"provincia":"Guayas","provincia_poblacion":4387434,"canton":"Guayaquil","canton_poblacion":2723665,"total":23711,"nuevas":1637,"lat":-2.183333,"lng":-79.883333,"mes":2},{"provincia":"Guayas","provincia_poblacion":4387434,"canton":"Isidro Ayora","canton_poblacion":14582,"total":44,"nuevas":4,"lat":-1.8833330000000001,"lng":-80.166667,"mes":2},{"provincia":"Guayas","provincia_poblacion":4387434,"canton":"Lomas de Sargentillo","canton_poblacion":24220,"total":79,"nuevas":8,"lat":-1.8833330000000001,"lng":-80.083333,"mes":2},{"provincia":"Guayas","provincia_poblacion":4387434,"canton":"Milagro","canton_poblacion":199835,"total":1904,"nuevas":389,"lat":-2.126944,"lng":-79.599167,"mes":2},{"provincia":"Guayas","provincia_poblacion":4387434,"canton":"Naranjal","canton_poblacion":95052,"total":658,"nuevas":169,"lat":-2.6728,"lng":-79.615,"mes":2},{"provincia":"Guayas","provincia_poblacion":4387434,"canton":"Naranjito","canton_poblacion":43862,"total":254,"nuevas":38,"lat":-2.173,"lng":-79.4671,"mes":2},{"provincia":"Guayas","provincia_poblacion":4387434,"canton":"Nobol","canton_poblacion":26444,"total":43,"nuevas":1,"lat":-1.9166710000000002,"lng":-80.011539,"mes":2},{"provincia":"Guayas","provincia_poblacion":4387434,"canton":"Palestina","canton_poblacion":18451,"total":77,"nuevas":5,"lat":-1.6263,"lng":-79.977,"mes":2},{"provincia":"Guayas","provincia_poblacion":4387434,"canton":"Pedro Carbo","canton_poblacion":51802,"total":393,"nuevas":65,"lat":-1.833333,"lng":-80.233333,"mes":2},{"provincia":"Guayas","provincia_poblacion":4387434,"canton":"Playas","canton_poblacion":59628,"total":332,"nuevas":59,"lat":-2.62333,"lng":-80.3875,"mes":2},{"provincia":"Guayas","provincia_poblacion":4387434,"canton":"Salitre","canton_poblacion":65765,"total":319,"nuevas":35,"lat":-1.829444,"lng":-79.815556,"mes":2},{"provincia":"Guayas","provincia_poblacion":4387434,"canton":"Samborondón","canton_poblacion":102404,"total":1204,"nuevas":47,"lat":-2.183333,"lng":-79.883333,"mes":2},{"provincia":"Guayas","provincia_poblacion":4387434,"canton":"San Jacinto De Yaguachi","canton_poblacion":78204,"total":372,"nuevas":34,"lat":-2.12,"lng":-79.69,"mes":2},{"provincia":"Guayas","provincia_poblacion":4387434,"canton":"Santa Lucía","canton_poblacion":45004,"total":111,"nuevas":5,"lat":-1.7138890000000002,"lng":-79.985,"mes":2},{"provincia":"Guayas","provincia_poblacion":4387434,"canton":"Simón Bolivar","canton_poblacion":32224,"total":40,"nuevas":4,"lat":-2.156667,"lng":-79.8875,"mes":2},{"provincia":"Imbabura","provincia_poblacion":476257,"canton":"Antonio Ante","canton_poblacion":54311,"total":949,"nuevas":76,"lat":0.32,"lng":-78.21,"mes":2},{"provincia":"Imbabura","provincia_poblacion":476257,"canton":"Cotacachi","canton_poblacion":44203,"total":949,"nuevas":68,"lat":0.3,"lng":-78.266667,"mes":2},{"provincia":"Imbabura","provincia_poblacion":476257,"canton":"Ibarra","canton_poblacion":221149,"total":4203,"nuevas":384,"lat":0.362678,"lng":-78.130667,"mes":2},{"provincia":"Imbabura","provincia_poblacion":476257,"canton":"Otavalo","canton_poblacion":125785,"total":1662,"nuevas":197,"lat":0.23333299999999998,"lng":-78.266667,"mes":2},{"provincia":"Imbabura","provincia_poblacion":476257,"canton":"Pimampiro","canton_poblacion":13269,"total":233,"nuevas":12,"lat":0.39999999999999997,"lng":-77.97,"mes":2},{"provincia":"Imbabura","provincia_poblacion":476257,"canton":"San Miguel de Urcuquí","canton_poblacion":17540,"total":301,"nuevas":37,"lat":0.52,"lng":-78.2,"mes":2},{"provincia":"Loja","provincia_poblacion":521154,"canton":"Calvas","canton_poblacion":29565,"total":245,"nuevas":19,"lat":-4.32,"lng":-79.56,"mes":2},{"provincia":"Loja","provincia_poblacion":521154,"canton":"Catamayo","canton_poblacion":35961,"total":341,"nuevas":25,"lat":-3.9800000000000004,"lng":-79.35,"mes":2},{"provincia":"Loja","provincia_poblacion":521154,"canton":"Celica","canton_poblacion":16160,"total":129,"nuevas":5,"lat":-4.1025,"lng":-79.954444,"mes":2},{"provincia":"Loja","provincia_poblacion":521154,"canton":"Chaguarpamba","canton_poblacion":6620,"total":47,"nuevas":3,"lat":-3.85,"lng":-79.65,"mes":2},{"provincia":"Loja","provincia_poblacion":521154,"canton":"Espíndola","canton_poblacion":14209,"total":84,"nuevas":9,"lat":-4.583056,"lng":-79.426944,"mes":2},{"provincia":"Loja","provincia_poblacion":521154,"canton":"Gonzanamá","canton_poblacion":10953,"total":72,"nuevas":5,"lat":-4.231389,"lng":-79.435278,"mes":2},{"provincia":"Loja","provincia_poblacion":521154,"canton":"Loja","canton_poblacion":274112,"total":7421,"nuevas":750,"lat":-3.9833330000000005,"lng":-79.2,"mes":2},{"provincia":"Loja","provincia_poblacion":521154,"canton":"Macará","canton_poblacion":20269,"total":549,"nuevas":22,"lat":-4.383333,"lng":-79.95,"mes":2},{"provincia":"Loja","provincia_poblacion":521154,"canton":"Olmedo","canton_poblacion":4220,"total":20,"nuevas":0,"lat":-3.934,"lng":-79.648,"mes":2},{"provincia":"Loja","provincia_poblacion":521154,"canton":"Paltas","canton_poblacion":23471,"total":369,"nuevas":24,"lat":-4.0500000000000025,"lng":-79.65,"mes":2},{"provincia":"Loja","provincia_poblacion":521154,"canton":"Pindal","canton_poblacion":10540,"total":111,"nuevas":3,"lat":-4.1161,"lng":-80.1076,"mes":2},{"provincia":"Loja","provincia_poblacion":521154,"canton":"Puyango","canton_poblacion":15925,"total":114,"nuevas":5,"lat":-3.87,"lng":-80.09,"mes":2},{"provincia":"Loja","provincia_poblacion":521154,"canton":"Quilanga","canton_poblacion":4197,"total":18,"nuevas":1,"lat":-4.298,"lng":-79.3986,"mes":2},{"provincia":"Loja","provincia_poblacion":521154,"canton":"Saraguro","canton_poblacion":33506,"total":287,"nuevas":8,"lat":-3.6253,"lng":-79.2411,"mes":2},{"provincia":"Loja","provincia_poblacion":521154,"canton":"Sozoranga","canton_poblacion":7121,"total":59,"nuevas":1,"lat":-4.327778,"lng":-79.789722,"mes":2},{"provincia":"Loja","provincia_poblacion":521154,"canton":"Zapotillo","canton_poblacion":14325,"total":113,"nuevas":35,"lat":-4.3863600000000025,"lng":-80.2436,"mes":2},{"provincia":"Los Ríos","provincia_poblacion":921763,"canton":"Baba","canton_poblacion":43429,"total":160,"nuevas":48,"lat":-1.784167,"lng":-79.676667,"mes":2},{"provincia":"Los Ríos","provincia_poblacion":921763,"canton":"Babahoyo","canton_poblacion":175281,"total":2546,"nuevas":366,"lat":-1.8,"lng":-79.533333,"mes":2},{"provincia":"Los Ríos","provincia_poblacion":921763,"canton":"Buena Fe","canton_poblacion":83654,"total":460,"nuevas":44,"lat":-0.8985719999999999,"lng":-79.488916,"mes":2},{"provincia":"Los Ríos","provincia_poblacion":921763,"canton":"Mocache","canton_poblacion":43316,"total":89,"nuevas":11,"lat":-1.18385,"lng":-79.50553,"mes":2},{"provincia":"Los Ríos","provincia_poblacion":921763,"canton":"Montalvo","canton_poblacion":28720,"total":232,"nuevas":95,"lat":-1.7938,"lng":-79.2857,"mes":2},{"provincia":"Los Ríos","provincia_poblacion":921763,"canton":"Palenque","canton_poblacion":23638,"total":120,"nuevas":21,"lat":-1.4328,"lng":-79.7495,"mes":2},{"provincia":"Los Ríos","provincia_poblacion":921763,"canton":"Puebloviejo","canton_poblacion":44725,"total":146,"nuevas":22,"lat":-1.55,"lng":-79.533889,"mes":2},{"provincia":"Los Ríos","provincia_poblacion":921763,"canton":"Quevedo","canton_poblacion":213842,"total":1498,"nuevas":166,"lat":-1.033333,"lng":-79.45,"mes":2},{"provincia":"Los Ríos","provincia_poblacion":921763,"canton":"Quinsaloma","canton_poblacion":20428,"total":198,"nuevas":32,"lat":-1.2062000000000002,"lng":-79.3145,"mes":2},{"provincia":"Los Ríos","provincia_poblacion":921763,"canton":"Urdaneta","canton_poblacion":32618,"total":203,"nuevas":23,"lat":-1.570556,"lng":-79.471111,"mes":2},{"provincia":"Los Ríos","provincia_poblacion":921763,"canton":"Valencia","canton_poblacion":54637,"total":308,"nuevas":60,"lat":-0.9525,"lng":-79.3531,"mes":2},{"provincia":"Los Ríos","provincia_poblacion":921763,"canton":"Ventanas","canton_poblacion":75146,"total":698,"nuevas":67,"lat":-1.4500000000000002,"lng":-79.47,"mes":2},{"provincia":"Los Ríos","provincia_poblacion":921763,"canton":"Vinces","canton_poblacion":82329,"total":393,"nuevas":39,"lat":-1.5583330000000002,"lng":-79.75,"mes":2},{"provincia":"Manabí","provincia_poblacion":1562079,"canton":"Bolívar","canton_poblacion":45493,"total":408,"nuevas":40,"lat":-0.841944,"lng":-80.161944,"mes":2},{"provincia":"Manabí","provincia_poblacion":1562079,"canton":"Chone","canton_poblacion":131002,"total":1867,"nuevas":142,"lat":-0.683333,"lng":-80.1,"mes":2},{"provincia":"Manabí","provincia_poblacion":1562079,"canton":"El Carmen","canton_poblacion":111344,"total":668,"nuevas":56,"lat":-1.3147000000000002,"lng":-80.0169,"mes":2},{"provincia":"Manabí","provincia_poblacion":1562079,"canton":"Flavio Alfaro","canton_poblacion":23822,"total":266,"nuevas":11,"lat":-0.4054,"lng":-79.9058,"mes":2},{"provincia":"Manabí","provincia_poblacion":1562079,"canton":"Jama","canton_poblacion":26116,"total":137,"nuevas":10,"lat":-0.2014,"lng":-80.2659,"mes":2},{"provincia":"Manabí","provincia_poblacion":1562079,"canton":"Jaramijó","canton_poblacion":28439,"total":128,"nuevas":13,"lat":-0.94873,"lng":-80.6363,"mes":2},{"provincia":"Manabí","provincia_poblacion":1562079,"canton":"Jipijapa","canton_poblacion":74645,"total":971,"nuevas":127,"lat":-1.3333300000000001,"lng":-80.5833,"mes":2},{"provincia":"Manabí","provincia_poblacion":1562079,"canton":"Junín","canton_poblacion":18820,"total":300,"nuevas":14,"lat":-0.92916,"lng":-80.20569,"mes":2},{"provincia":"Manabí","provincia_poblacion":1562079,"canton":"Manta","canton_poblacion":264281,"total":2756,"nuevas":222,"lat":-0.950022,"lng":-80.7162,"mes":2},{"provincia":"Manabí","provincia_poblacion":1562079,"canton":"Montecristi","canton_poblacion":107785,"total":546,"nuevas":31,"lat":-1.03333,"lng":-80.65,"mes":2},{"provincia":"Manabí","provincia_poblacion":1562079,"canton":"Olmedo","canton_poblacion":10194,"total":201,"nuevas":30,"lat":-1.396111,"lng":-80.206111,"mes":2},{"provincia":"Manabí","provincia_poblacion":1562079,"canton":"Paján","canton_poblacion":37093,"total":282,"nuevas":22,"lat":-1.57,"lng":-80.42,"mes":2},{"provincia":"Manabí","provincia_poblacion":1562079,"canton":"Pedernales","canton_poblacion":63441,"total":429,"nuevas":24,"lat":0.07010000000000001,"lng":-80.0536,"mes":2},{"provincia":"Manabí","provincia_poblacion":1562079,"canton":"Pichincha","canton_poblacion":29599,"total":244,"nuevas":30,"lat":-1.0473000000000001,"lng":-79.8186,"mes":2},{"provincia":"Manabí","provincia_poblacion":1562079,"canton":"Portoviejo","canton_poblacion":321800,"total":6674,"nuevas":690,"lat":-1.056181,"lng":-80.455217,"mes":2},{"provincia":"Manabí","provincia_poblacion":1562079,"canton":"Puerto López","canton_poblacion":24688,"total":357,"nuevas":13,"lat":-1.566667,"lng":-80.816667,"mes":2},{"provincia":"Manabí","provincia_poblacion":1562079,"canton":"Rocafuerte","canton_poblacion":37312,"total":882,"nuevas":103,"lat":-0.9199999999999999,"lng":-80.46,"mes":2},{"provincia":"Manabí","provincia_poblacion":1562079,"canton":"San Vicente","canton_poblacion":24799,"total":167,"nuevas":16,"lat":-0.5892999999999999,"lng":-80.4088,"mes":2},{"provincia":"Manabí","provincia_poblacion":1562079,"canton":"Santa Ana","canton_poblacion":48152,"total":549,"nuevas":65,"lat":-1.2069,"lng":-80.3709,"mes":2},{"provincia":"Manabí","provincia_poblacion":1562079,"canton":"Sucre","canton_poblacion":62443,"total":824,"nuevas":65,"lat":-0.6,"lng":-80.416667,"mes":2},{"provincia":"Manabí","provincia_poblacion":1562079,"canton":"Tosagua","canton_poblacion":42297,"total":369,"nuevas":34,"lat":-0.78,"lng":-80.26,"mes":2},{"provincia":"Manabí","provincia_poblacion":1562079,"canton":"Veinticuatro de Mayo","canton_poblacion":28514,"total":398,"nuevas":74,"lat":-1.2788890000000002,"lng":-80.42,"mes":2},{"provincia":"Morona Santiago","provincia_poblacion":196535,"canton":"Gualaquiza","canton_poblacion":19555,"total":618,"nuevas":28,"lat":-3.3800000000000003,"lng":-78.58,"mes":2},{"provincia":"Morona Santiago","provincia_poblacion":196535,"canton":"Huamboya","canton_poblacion":12382,"total":77,"nuevas":2,"lat":-1.7850000000000001,"lng":-78.231944,"mes":2},{"provincia":"Morona Santiago","provincia_poblacion":196535,"canton":"Limón Indanza","canton_poblacion":10349,"total":246,"nuevas":3,"lat":-2.96625,"lng":-78.430528,"mes":2},{"provincia":"Morona Santiago","provincia_poblacion":196535,"canton":"Logroño","canton_poblacion":7643,"total":142,"nuevas":3,"lat":-2.6248,"lng":-78.1896,"mes":2},{"provincia":"Morona Santiago","provincia_poblacion":196535,"canton":"Morona","canton_poblacion":58281,"total":1722,"nuevas":57,"lat":-2.3000000000000003,"lng":-78.116667,"mes":2},{"provincia":"Morona Santiago","provincia_poblacion":196535,"canton":"Pablo Sexto","canton_poblacion":2897,"total":62,"nuevas":0,"lat":-1.8030560000000002,"lng":-77.921111,"mes":2},{"provincia":"Morona Santiago","provincia_poblacion":196535,"canton":"Palora","canton_poblacion":7719,"total":340,"nuevas":23,"lat":-1.7000000000000002,"lng":-77.94,"mes":2},{"provincia":"Morona Santiago","provincia_poblacion":196535,"canton":"San Juan Bosco","canton_poblacion":4985,"total":59,"nuevas":5,"lat":-3.0923000000000003,"lng":-78.5132,"mes":2},{"provincia":"Morona Santiago","provincia_poblacion":196535,"canton":"Santiago","canton_poblacion":11087,"total":260,"nuevas":1,"lat":-3.4298,"lng":-78.5656,"mes":2},{"provincia":"Morona Santiago","provincia_poblacion":196535,"canton":"Sucúa","canton_poblacion":23823,"total":541,"nuevas":11,"lat":-2.4600000000000004,"lng":-78.17,"mes":2},{"provincia":"Morona Santiago","provincia_poblacion":196535,"canton":"Taisha","canton_poblacion":26773,"total":210,"nuevas":1,"lat":-2.33995,"lng":-77.45808,"mes":2},{"provincia":"Morona Santiago","provincia_poblacion":196535,"canton":"Tiwintza","canton_poblacion":11041,"total":55,"nuevas":0,"lat":-2.91767,"lng":-77.8017,"mes":2},{"provincia":"Napo","provincia_poblacion":133705,"canton":"Archidona","canton_poblacion":33068,"total":281,"nuevas":22,"lat":-0.916667,"lng":-77.783333,"mes":2},{"provincia":"Napo","provincia_poblacion":133705,"canton":"Carlos Julio Arosemena Tola","canton_poblacion":4466,"total":24,"nuevas":0,"lat":-1.1666670000000001,"lng":-77.85,"mes":2},{"provincia":"Napo","provincia_poblacion":133705,"canton":"El Chaco","canton_poblacion":10142,"total":328,"nuevas":27,"lat":-0.34027799999999997,"lng":-77.808889,"mes":2},{"provincia":"Napo","provincia_poblacion":133705,"canton":"Quijos","canton_poblacion":6847,"total":231,"nuevas":21,"lat":-0.463611,"lng":-77.892778,"mes":2},{"provincia":"Napo","provincia_poblacion":133705,"canton":"Tena","canton_poblacion":79182,"total":1248,"nuevas":89,"lat":-0.989,"lng":-77.8159,"mes":2},{"provincia":"Orellana","provincia_poblacion":161338,"canton":"Aguarico","canton_poblacion":3629,"total":349,"nuevas":4,"lat":-0.921111,"lng":-75.399167,"mes":2},{"provincia":"Orellana","provincia_poblacion":161338,"canton":"La Joya de los Sachas","canton_poblacion":39352,"total":402,"nuevas":40,"lat":-0.3,"lng":-76.85,"mes":2},{"provincia":"Orellana","provincia_poblacion":161338,"canton":"Loreto","canton_poblacion":24579,"total":79,"nuevas":3,"lat":-0.6904,"lng":-77.3083,"mes":2},{"provincia":"Orellana","provincia_poblacion":161338,"canton":"Orellana","canton_poblacion":93778,"total":1468,"nuevas":53,"lat":-0.466667,"lng":-76.966667,"mes":2},{"provincia":"Pastaza","provincia_poblacion":114202,"canton":"Arajuno","canton_poblacion":8128,"total":121,"nuevas":1,"lat":-1.2343700000000002,"lng":-77.6875,"mes":2},{"provincia":"Pastaza","provincia_poblacion":114202,"canton":"Mera","canton_poblacion":17547,"total":630,"nuevas":15,"lat":-1.4600000000000002,"lng":-78.09,"mes":2},{"provincia":"Pastaza","provincia_poblacion":114202,"canton":"Pastaza","canton_poblacion":84377,"total":1698,"nuevas":38,"lat":-1.066667,"lng":-78.001111,"mes":2},{"provincia":"Pastaza","provincia_poblacion":114202,"canton":"Santa Clara","canton_poblacion":4150,"total":126,"nuevas":1,"lat":-1.2671000000000001,"lng":-77.8882,"mes":2},{"provincia":"Pichincha","provincia_poblacion":3228233,"canton":"Cayambe","canton_poblacion":107660,"total":1050,"nuevas":87,"lat":0.043889000000000004,"lng":-78.1561,"mes":2},{"provincia":"Pichincha","provincia_poblacion":3228233,"canton":"Mejía","canton_poblacion":108167,"total":1917,"nuevas":157,"lat":-0.5101,"lng":-78.5698,"mes":2},{"provincia":"Pichincha","provincia_poblacion":3228233,"canton":"Pedro Moncayo","canton_poblacion":43281,"total":260,"nuevas":21,"lat":0.043697,"lng":-78.34924,"mes":2},{"provincia":"Pichincha","provincia_poblacion":3228233,"canton":"Pedro Vicente Maldonado","canton_poblacion":17171,"total":223,"nuevas":17,"lat":0.166667,"lng":-79,"mes":2},{"provincia":"Pichincha","provincia_poblacion":3228233,"canton":"Puerto Quito","canton_poblacion":24911,"total":200,"nuevas":13,"lat":0.11699999999999999,"lng":-79.264,"mes":2},{"provincia":"Pichincha","provincia_poblacion":3228233,"canton":"Quito","canton_poblacion":2781641,"total":89157,"nuevas":8238,"lat":-0.218611,"lng":-78.509722,"mes":2},{"provincia":"Pichincha","provincia_poblacion":3228233,"canton":"Rumiñahui","canton_poblacion":115433,"total":3380,"nuevas":246,"lat":-0.3345,"lng":-78.4475,"mes":2},{"provincia":"Pichincha","provincia_poblacion":3228233,"canton":"San Miguel de Los Bancos","canton_poblacion":29969,"total":315,"nuevas":67,"lat":0.023000000000000003,"lng":-78.892,"mes":2},{"provincia":"Santa Elena","provincia_poblacion":401178,"canton":"La Libertad","canton_poblacion":117767,"total":1103,"nuevas":54,"lat":-2.233333,"lng":-80.9,"mes":2},{"provincia":"Santa Elena","provincia_poblacion":401178,"canton":"Salinas","canton_poblacion":94590,"total":772,"nuevas":98,"lat":-2.216667,"lng":-80.95,"mes":2},{"provincia":"Santa Elena","provincia_poblacion":401178,"canton":"Santa Elena","canton_poblacion":188821,"total":1384,"nuevas":62,"lat":-2.2267,"lng":-80.8583,"mes":2},{"provincia":"Sto. Domingo Tsáchilas","provincia_poblacion":511151,"canton":"La Concordia","canton_poblacion":52571,"total":1019,"nuevas":55,"lat":0.0023,"lng":-79.3846,"mes":2},{"provincia":"Sto. Domingo Tsáchilas","provincia_poblacion":511151,"canton":"Santo Domingo","canton_poblacion":458580,"total":6328,"nuevas":509,"lat":-0.254167,"lng":-79.171944,"mes":2},{"provincia":"Sucumbíos","provincia_poblacion":230503,"canton":"Cascales","canton_poblacion":15882,"total":128,"nuevas":2,"lat":-0.0675,"lng":-77.216944,"mes":2},{"provincia":"Sucumbíos","provincia_poblacion":230503,"canton":"Cuyabeno","canton_poblacion":7154,"total":158,"nuevas":6,"lat":-0.128889,"lng":-76.413889,"mes":2},{"provincia":"Sucumbíos","provincia_poblacion":230503,"canton":"Gonzalo Pizarro","canton_poblacion":10007,"total":210,"nuevas":13,"lat":0.047,"lng":-77.3228,"mes":2},{"provincia":"Sucumbíos","provincia_poblacion":230503,"canton":"Lago Agrio","canton_poblacion":119594,"total":1870,"nuevas":49,"lat":0.08472200000000002,"lng":-76.882778,"mes":2},{"provincia":"Sucumbíos","provincia_poblacion":230503,"canton":"Putumayo","canton_poblacion":16106,"total":142,"nuevas":5,"lat":0.1,"lng":-75.85,"mes":2},{"provincia":"Sucumbíos","provincia_poblacion":230503,"canton":"Shushufindi","canton_poblacion":57949,"total":747,"nuevas":13,"lat":-0.1871,"lng":-76.645,"mes":2},{"provincia":"Sucumbíos","provincia_poblacion":230503,"canton":"Sucumbíos","canton_poblacion":3811,"total":88,"nuevas":14,"lat":0.4592,"lng":-77.523,"mes":2},{"provincia":"Tungurahua","provincia_poblacion":590600,"canton":"Ambato","canton_poblacion":387309,"total":6778,"nuevas":566,"lat":-1.241667,"lng":-78.619722,"mes":2},{"provincia":"Tungurahua","provincia_poblacion":590600,"canton":"Baños","canton_poblacion":25043,"total":1127,"nuevas":28,"lat":-1.396389,"lng":-78.424722,"mes":2},{"provincia":"Tungurahua","provincia_poblacion":590600,"canton":"Cevallos","canton_poblacion":9936,"total":67,"nuevas":11,"lat":-1.35,"lng":-78.616667,"mes":2},{"provincia":"Tungurahua","provincia_poblacion":590600,"canton":"Mocha","canton_poblacion":7336,"total":46,"nuevas":7,"lat":-1.4166670000000001,"lng":-78.666667,"mes":2},{"provincia":"Tungurahua","provincia_poblacion":590600,"canton":"Patate","canton_poblacion":15825,"total":259,"nuevas":11,"lat":-1.316667,"lng":-78.516667,"mes":2},{"provincia":"Tungurahua","provincia_poblacion":590600,"canton":"Pelileo","canton_poblacion":66836,"total":1095,"nuevas":81,"lat":-1.3275000000000001,"lng":-78.540833,"mes":2},{"provincia":"Tungurahua","provincia_poblacion":590600,"canton":"Píllaro","canton_poblacion":43371,"total":277,"nuevas":26,"lat":-1.1758330000000001,"lng":-78.555278,"mes":2},{"provincia":"Tungurahua","provincia_poblacion":590600,"canton":"Quero","canton_poblacion":20627,"total":129,"nuevas":17,"lat":-1.3793000000000002,"lng":-78.607,"mes":2},{"provincia":"Tungurahua","provincia_poblacion":590600,"canton":"Tisaleo","canton_poblacion":14317,"total":77,"nuevas":14,"lat":-1.35,"lng":-78.666667,"mes":2},{"provincia":"Zamora Chinchipe","provincia_poblacion":120416,"canton":"Centinela del Cóndor","canton_poblacion":8313,"total":130,"nuevas":1,"lat":-3.8949100000000003,"lng":-78.78141,"mes":2},{"provincia":"Zamora Chinchipe","provincia_poblacion":120416,"canton":"Chinchipe","canton_poblacion":10679,"total":120,"nuevas":3,"lat":-4.8628,"lng":-79.1328,"mes":2},{"provincia":"Zamora Chinchipe","provincia_poblacion":120416,"canton":"El Pangui","canton_poblacion":10945,"total":188,"nuevas":8,"lat":-3.6249000000000002,"lng":-78.5871,"mes":2},{"provincia":"Zamora Chinchipe","provincia_poblacion":120416,"canton":"Nangaritza","canton_poblacion":8014,"total":52,"nuevas":2,"lat":-4.048333,"lng":-78.682222,"mes":2},{"provincia":"Zamora Chinchipe","provincia_poblacion":120416,"canton":"Palanda","canton_poblacion":10144,"total":42,"nuevas":11,"lat":-4.6498,"lng":-79.1321,"mes":2},{"provincia":"Zamora Chinchipe","provincia_poblacion":120416,"canton":"Paquisha","canton_poblacion":5992,"total":79,"nuevas":4,"lat":-3.9327500000000004,"lng":-78.67426,"mes":2},{"provincia":"Zamora Chinchipe","provincia_poblacion":120416,"canton":"Yacuambi","canton_poblacion":7121,"total":86,"nuevas":1,"lat":-3.63444,"lng":-78.9281,"mes":2},{"provincia":"Zamora Chinchipe","provincia_poblacion":120416,"canton":"Yantzaza","canton_poblacion":26447,"total":522,"nuevas":19,"lat":-3.85,"lng":-78.75,"mes":2},{"provincia":"Zamora Chinchipe","provincia_poblacion":120416,"canton":"Zamora","canton_poblacion":32761,"total":658,"nuevas":34,"lat":-4.12,"lng":-78.8,"mes":2}]