[{"provincia":"Azuay","poblacion":881394,"total":1,"nuevas":1,"lat":-2.8974140000000004,"lng":-79.004481,"semana":11},{"provincia":"Bolívar","poblacion":209933,"total":0,"nuevas":0,"lat":-1.6055560000000002,"lng":-79.003056,"semana":11},{"provincia":"Carchi","poblacion":186869,"total":0,"nuevas":0,"lat":0.81218,"lng":-77.71633,"semana":11},{"provincia":"Cañar","poblacion":281396,"total":0,"nuevas":0,"lat":-2.733333,"lng":-78.833333,"semana":11},{"provincia":"Chimborazo","poblacion":524004,"total":0,"nuevas":0,"lat":-1.674347,"lng":-78.648294,"semana":11},{"provincia":"Cotopaxi","poblacion":488716,"total":0,"nuevas":0,"lat":-0.933333,"lng":-78.616667,"semana":11},{"provincia":"El Oro","poblacion":715751,"total":0,"nuevas":0,"lat":-3.2666670000000004,"lng":-79.966667,"semana":11},{"provincia":"Esmeraldas","poblacion":591083,"total":0,"nuevas":0,"lat":1.05,"lng":-79.2,"semana":11},{"provincia":"Galápagos","poblacion":33042,"total":0,"nuevas":0,"lat":-0.7999999999999999,"lng":-89.4,"semana":11},{"provincia":"Guayas","poblacion":4387434,"total":19,"nuevas":19,"lat":-2.183333,"lng":-79.883333,"semana":11},{"provincia":"Imbabura","poblacion":476257,"total":0,"nuevas":0,"lat":0.362678,"lng":-78.130667,"semana":11},{"provincia":"Loja","poblacion":521154,"total":0,"nuevas":0,"lat":-3.9833330000000005,"lng":-79.2,"semana":11},{"provincia":"Los Ríos","poblacion":921763,"total":10,"nuevas":10,"lat":-1.8,"lng":-79.533333,"semana":11},{"provincia":"Manabí","poblacion":1562079,"total":0,"nuevas":0,"lat":-1.056181,"lng":-80.455217,"semana":11},{"provincia":"Morona Santiago","poblacion":196535,"total":0,"nuevas":0,"lat":-2.3000000000000003,"lng":-78.116667,"semana":11},{"provincia":"Napo","poblacion":133705,"total":0,"nuevas":0,"lat":-0.989,"lng":-77.8159,"semana":11},{"provincia":"Orellana","poblacion":161338,"total":0,"nuevas":0,"lat":-0.466667,"lng":-76.966667,"semana":11},{"provincia":"Pastaza","poblacion":114202,"total":0,"nuevas":0,"lat":-1.066667,"lng":-78.001111,"semana":11},{"provincia":"Pichincha","poblacion":3228233,"total":6,"nuevas":6,"lat":-0.218611,"lng":-78.509722,"semana":11},{"provincia":"Santa Elena","poblacion":401178,"total":0,"nuevas":0,"lat":-2.2267,"lng":-80.8583,"semana":11},{"provincia":"Sto. Domingo Tsáchilas","poblacion":511151,"total":0,"nuevas":0,"lat":-0.254167,"lng":-79.171944,"semana":11},{"provincia":"Sucumbíos","poblacion":230503,"total":1,"nuevas":1,"lat":0.08472200000000002,"lng":-76.882778,"semana":11},{"provincia":"Tungurahua","poblacion":590600,"total":0,"nuevas":0,"lat":-1.241667,"lng":-78.619722,"semana":11},{"provincia":"Zamora Chinchipe","poblacion":120416,"total":0,"nuevas":0,"lat":-4.12,"lng":-78.8,"semana":11},{"provincia":"Azuay","poblacion":881394,"total":19,"nuevas":18,"lat":-2.8974140000000004,"lng":-79.004481,"semana":12},{"provincia":"Bolívar","poblacion":209933,"total":8,"nuevas":8,"lat":-1.6055560000000002,"lng":-79.003056,"semana":12},{"provincia":"Carchi","poblacion":186869,"total":0,"nuevas":0,"lat":0.81218,"lng":-77.71633,"semana":12},{"provincia":"Cañar","poblacion":281396,"total":4,"nuevas":4,"lat":-2.733333,"lng":-78.833333,"semana":12},{"provincia":"Chimborazo","poblacion":524004,"total":9,"nuevas":9,"lat":-1.674347,"lng":-78.648294,"semana":12},{"provincia":"Cotopaxi","poblacion":488716,"total":0,"nuevas":0,"lat":-0.933333,"lng":-78.616667,"semana":12},{"provincia":"El Oro","poblacion":715751,"total":6,"nuevas":6,"lat":-3.2666670000000004,"lng":-79.966667,"semana":12},{"provincia":"Esmeraldas","poblacion":591083,"total":2,"nuevas":2,"lat":1.05,"lng":-79.2,"semana":12},{"provincia":"Galápagos","poblacion":33042,"total":0,"nuevas":0,"lat":-0.7999999999999999,"lng":-89.4,"semana":12},{"provincia":"Guayas","poblacion":4387434,"total":607,"nuevas":588,"lat":-2.183333,"lng":-79.883333,"semana":12},{"provincia":"Imbabura","poblacion":476257,"total":4,"nuevas":4,"lat":0.362678,"lng":-78.130667,"semana":12},{"provincia":"Loja","poblacion":521154,"total":5,"nuevas":5,"lat":-3.9833330000000005,"lng":-79.2,"semana":12},{"provincia":"Los Ríos","poblacion":921763,"total":25,"nuevas":15,"lat":-1.8,"lng":-79.533333,"semana":12},{"provincia":"Manabí","poblacion":1562079,"total":25,"nuevas":25,"lat":-1.056181,"lng":-80.455217,"semana":12},{"provincia":"Morona Santiago","poblacion":196535,"total":3,"nuevas":3,"lat":-2.3000000000000003,"lng":-78.116667,"semana":12},{"provincia":"Napo","poblacion":133705,"total":0,"nuevas":0,"lat":-0.989,"lng":-77.8159,"semana":12},{"provincia":"Orellana","poblacion":161338,"total":0,"nuevas":0,"lat":-0.466667,"lng":-76.966667,"semana":12},{"provincia":"Pastaza","poblacion":114202,"total":0,"nuevas":0,"lat":-1.066667,"lng":-78.001111,"semana":12},{"provincia":"Pichincha","poblacion":3228233,"total":60,"nuevas":54,"lat":-0.218611,"lng":-78.509722,"semana":12},{"provincia":"Santa Elena","poblacion":401178,"total":2,"nuevas":2,"lat":-2.2267,"lng":-80.8583,"semana":12},{"provincia":"Sto. Domingo Tsáchilas","poblacion":511151,"total":4,"nuevas":4,"lat":-0.254167,"lng":-79.171944,"semana":12},{"provincia":"Sucumbíos","poblacion":230503,"total":6,"nuevas":5,"lat":0.08472200000000002,"lng":-76.882778,"semana":12},{"provincia":"Tungurahua","poblacion":590600,"total":0,"nuevas":0,"lat":-1.241667,"lng":-78.619722,"semana":12},{"provincia":"Zamora Chinchipe","poblacion":120416,"total":0,"nuevas":0,"lat":-4.12,"lng":-78.8,"semana":12},{"provincia":"Azuay","poblacion":881394,"total":53,"nuevas":34,"lat":-2.8974140000000004,"lng":-79.004481,"semana":13},{"provincia":"Bolívar","poblacion":209933,"total":14,"nuevas":6,"lat":-1.6055560000000002,"lng":-79.003056,"semana":13},{"provincia":"Carchi","poblacion":186869,"total":6,"nuevas":6,"lat":0.81218,"lng":-77.71633,"semana":13},{"provincia":"Cañar","poblacion":281396,"total":26,"nuevas":22,"lat":-2.733333,"lng":-78.833333,"semana":13},{"provincia":"Chimborazo","poblacion":524004,"total":15,"nuevas":6,"lat":-1.674347,"lng":-78.648294,"semana":13},{"provincia":"Cotopaxi","poblacion":488716,"total":5,"nuevas":5,"lat":-0.933333,"lng":-78.616667,"semana":13},{"provincia":"El Oro","poblacion":715751,"total":25,"nuevas":19,"lat":-3.2666670000000004,"lng":-79.966667,"semana":13},{"provincia":"Esmeraldas","poblacion":591083,"total":7,"nuevas":5,"lat":1.05,"lng":-79.2,"semana":13},{"provincia":"Galápagos","poblacion":33042,"total":4,"nuevas":4,"lat":-0.7999999999999999,"lng":-89.4,"semana":13},{"provincia":"Guayas","poblacion":4387434,"total":1377,"nuevas":770,"lat":-2.183333,"lng":-79.883333,"semana":13},{"provincia":"Imbabura","poblacion":476257,"total":9,"nuevas":5,"lat":0.362678,"lng":-78.130667,"semana":13},{"provincia":"Loja","poblacion":521154,"total":15,"nuevas":10,"lat":-3.9833330000000005,"lng":-79.2,"semana":13},{"provincia":"Los Ríos","poblacion":921763,"total":60,"nuevas":35,"lat":-1.8,"lng":-79.533333,"semana":13},{"provincia":"Manabí","poblacion":1562079,"total":50,"nuevas":25,"lat":-1.056181,"lng":-80.455217,"semana":13},{"provincia":"Morona Santiago","poblacion":196535,"total":9,"nuevas":6,"lat":-2.3000000000000003,"lng":-78.116667,"semana":13},{"provincia":"Napo","poblacion":133705,"total":0,"nuevas":0,"lat":-0.989,"lng":-77.8159,"semana":13},{"provincia":"Orellana","poblacion":161338,"total":1,"nuevas":1,"lat":-0.466667,"lng":-76.966667,"semana":13},{"provincia":"Pastaza","poblacion":114202,"total":5,"nuevas":5,"lat":-1.066667,"lng":-78.001111,"semana":13},{"provincia":"Pichincha","poblacion":3228233,"total":188,"nuevas":128,"lat":-0.218611,"lng":-78.509722,"semana":13},{"provincia":"Santa Elena","poblacion":401178,"total":10,"nuevas":8,"lat":-2.2267,"lng":-80.8583,"semana":13},{"provincia":"Sto. Domingo Tsáchilas","poblacion":511151,"total":15,"nuevas":11,"lat":-0.254167,"lng":-79.171944,"semana":13},{"provincia":"Sucumbíos","poblacion":230503,"total":25,"nuevas":19,"lat":0.08472200000000002,"lng":-76.882778,"semana":13},{"provincia":"Tungurahua","poblacion":590600,"total":4,"nuevas":4,"lat":-1.241667,"lng":-78.619722,"semana":13},{"provincia":"Zamora Chinchipe","poblacion":120416,"total":1,"nuevas":1,"lat":-4.12,"lng":-78.8,"semana":13},{"provincia":"Azuay","poblacion":881394,"total":99,"nuevas":46,"lat":-2.8974140000000004,"lng":-79.004481,"semana":14},{"provincia":"Bolívar","poblacion":209933,"total":27,"nuevas":13,"lat":-1.6055560000000002,"lng":-79.003056,"semana":14},{"provincia":"Carchi","poblacion":186869,"total":12,"nuevas":6,"lat":0.81218,"lng":-77.71633,"semana":14},{"provincia":"Cañar","poblacion":281396,"total":59,"nuevas":33,"lat":-2.733333,"lng":-78.833333,"semana":14},{"provincia":"Chimborazo","poblacion":524004,"total":32,"nuevas":17,"lat":-1.674347,"lng":-78.648294,"semana":14},{"provincia":"Cotopaxi","poblacion":488716,"total":17,"nuevas":12,"lat":-0.933333,"lng":-78.616667,"semana":14},{"provincia":"El Oro","poblacion":715751,"total":56,"nuevas":31,"lat":-3.2666670000000004,"lng":-79.966667,"semana":14},{"provincia":"Esmeraldas","poblacion":591083,"total":16,"nuevas":9,"lat":1.05,"lng":-79.2,"semana":14},{"provincia":"Galápagos","poblacion":33042,"total":11,"nuevas":7,"lat":-0.7999999999999999,"lng":-89.4,"semana":14},{"provincia":"Guayas","poblacion":4387434,"total":2524,"nuevas":1147,"lat":-2.183333,"lng":-79.883333,"semana":14},{"provincia":"Imbabura","poblacion":476257,"total":20,"nuevas":11,"lat":0.362678,"lng":-78.130667,"semana":14},{"provincia":"Loja","poblacion":521154,"total":27,"nuevas":12,"lat":-3.9833330000000005,"lng":-79.2,"semana":14},{"provincia":"Los Ríos","poblacion":921763,"total":158,"nuevas":98,"lat":-1.8,"lng":-79.533333,"semana":14},{"provincia":"Manabí","poblacion":1562079,"total":77,"nuevas":27,"lat":-1.056181,"lng":-80.455217,"semana":14},{"provincia":"Morona Santiago","poblacion":196535,"total":10,"nuevas":1,"lat":-2.3000000000000003,"lng":-78.116667,"semana":14},{"provincia":"Napo","poblacion":133705,"total":2,"nuevas":2,"lat":-0.989,"lng":-77.8159,"semana":14},{"provincia":"Orellana","poblacion":161338,"total":3,"nuevas":2,"lat":-0.466667,"lng":-76.966667,"semana":14},{"provincia":"Pastaza","poblacion":114202,"total":11,"nuevas":6,"lat":-1.066667,"lng":-78.001111,"semana":14},{"provincia":"Pichincha","poblacion":3228233,"total":345,"nuevas":157,"lat":-0.218611,"lng":-78.509722,"semana":14},{"provincia":"Santa Elena","poblacion":401178,"total":52,"nuevas":42,"lat":-2.2267,"lng":-80.8583,"semana":14},{"provincia":"Sto. Domingo Tsáchilas","poblacion":511151,"total":34,"nuevas":19,"lat":-0.254167,"lng":-79.171944,"semana":14},{"provincia":"Sucumbíos","poblacion":230503,"total":30,"nuevas":5,"lat":0.08472200000000002,"lng":-76.882778,"semana":14},{"provincia":"Tungurahua","poblacion":590600,"total":22,"nuevas":18,"lat":-1.241667,"lng":-78.619722,"semana":14},{"provincia":"Zamora Chinchipe","poblacion":120416,"total":2,"nuevas":1,"lat":-4.12,"lng":-78.8,"semana":14},{"provincia":"Azuay","poblacion":881394,"total":178,"nuevas":79,"lat":-2.8974140000000004,"lng":-79.004481,"semana":15},{"provincia":"Bolívar","poblacion":209933,"total":33,"nuevas":6,"lat":-1.6055560000000002,"lng":-79.003056,"semana":15},{"provincia":"Carchi","poblacion":186869,"total":24,"nuevas":12,"lat":0.81218,"lng":-77.71633,"semana":15},{"provincia":"Cañar","poblacion":281396,"total":97,"nuevas":38,"lat":-2.733333,"lng":-78.833333,"semana":15},{"provincia":"Chimborazo","poblacion":524004,"total":74,"nuevas":42,"lat":-1.674347,"lng":-78.648294,"semana":15},{"provincia":"Cotopaxi","poblacion":488716,"total":42,"nuevas":25,"lat":-0.933333,"lng":-78.616667,"semana":15},{"provincia":"El Oro","poblacion":715751,"total":150,"nuevas":94,"lat":-3.2666670000000004,"lng":-79.966667,"semana":15},{"provincia":"Esmeraldas","poblacion":591083,"total":38,"nuevas":22,"lat":1.05,"lng":-79.2,"semana":15},{"provincia":"Galápagos","poblacion":33042,"total":11,"nuevas":0,"lat":-0.7999999999999999,"lng":-89.4,"semana":15},{"provincia":"Guayas","poblacion":4387434,"total":5381,"nuevas":2857,"lat":-2.183333,"lng":-79.883333,"semana":15},{"provincia":"Imbabura","poblacion":476257,"total":33,"nuevas":13,"lat":0.362678,"lng":-78.130667,"semana":15},{"provincia":"Loja","poblacion":521154,"total":65,"nuevas":38,"lat":-3.9833330000000005,"lng":-79.2,"semana":15},{"provincia":"Los Ríos","poblacion":921763,"total":239,"nuevas":81,"lat":-1.8,"lng":-79.533333,"semana":15},{"provincia":"Manabí","poblacion":1562079,"total":214,"nuevas":137,"lat":-1.056181,"lng":-80.455217,"semana":15},{"provincia":"Morona Santiago","poblacion":196535,"total":19,"nuevas":9,"lat":-2.3000000000000003,"lng":-78.116667,"semana":15},{"provincia":"Napo","poblacion":133705,"total":6,"nuevas":4,"lat":-0.989,"lng":-77.8159,"semana":15},{"provincia":"Orellana","poblacion":161338,"total":6,"nuevas":3,"lat":-0.466667,"lng":-76.966667,"semana":15},{"provincia":"Pastaza","poblacion":114202,"total":13,"nuevas":2,"lat":-1.066667,"lng":-78.001111,"semana":15},{"provincia":"Pichincha","poblacion":3228233,"total":627,"nuevas":282,"lat":-0.218611,"lng":-78.509722,"semana":15},{"provincia":"Santa Elena","poblacion":401178,"total":77,"nuevas":25,"lat":-2.2267,"lng":-80.8583,"semana":15},{"provincia":"Sto. Domingo Tsáchilas","poblacion":511151,"total":60,"nuevas":26,"lat":-0.254167,"lng":-79.171944,"semana":15},{"provincia":"Sucumbíos","poblacion":230503,"total":33,"nuevas":3,"lat":0.08472200000000002,"lng":-76.882778,"semana":15},{"provincia":"Tungurahua","poblacion":590600,"total":42,"nuevas":20,"lat":-1.241667,"lng":-78.619722,"semana":15},{"provincia":"Zamora Chinchipe","poblacion":120416,"total":4,"nuevas":2,"lat":-4.12,"lng":-78.8,"semana":15},{"provincia":"Azuay","poblacion":881394,"total":223,"nuevas":45,"lat":-2.8974140000000004,"lng":-79.004481,"semana":16},{"provincia":"Bolívar","poblacion":209933,"total":49,"nuevas":16,"lat":-1.6055560000000002,"lng":-79.003056,"semana":16},{"provincia":"Carchi","poblacion":186869,"total":33,"nuevas":9,"lat":0.81218,"lng":-77.71633,"semana":16},{"provincia":"Cañar","poblacion":281396,"total":137,"nuevas":40,"lat":-2.733333,"lng":-78.833333,"semana":16},{"provincia":"Chimborazo","poblacion":524004,"total":112,"nuevas":38,"lat":-1.674347,"lng":-78.648294,"semana":16},{"provincia":"Cotopaxi","poblacion":488716,"total":54,"nuevas":12,"lat":-0.933333,"lng":-78.616667,"semana":16},{"provincia":"El Oro","poblacion":715751,"total":257,"nuevas":107,"lat":-3.2666670000000004,"lng":-79.966667,"semana":16},{"provincia":"Esmeraldas","poblacion":591083,"total":89,"nuevas":51,"lat":1.05,"lng":-79.2,"semana":16},{"provincia":"Galápagos","poblacion":33042,"total":54,"nuevas":43,"lat":-0.7999999999999999,"lng":-89.4,"semana":16},{"provincia":"Guayas","poblacion":4387434,"total":6446,"nuevas":1065,"lat":-2.183333,"lng":-79.883333,"semana":16},{"provincia":"Imbabura","poblacion":476257,"total":47,"nuevas":14,"lat":0.362678,"lng":-78.130667,"semana":16},{"provincia":"Loja","poblacion":521154,"total":116,"nuevas":51,"lat":-3.9833330000000005,"lng":-79.2,"semana":16},{"provincia":"Los Ríos","poblacion":921763,"total":329,"nuevas":90,"lat":-1.8,"lng":-79.533333,"semana":16},{"provincia":"Manabí","poblacion":1562079,"total":286,"nuevas":72,"lat":-1.056181,"lng":-80.455217,"semana":16},{"provincia":"Morona Santiago","poblacion":196535,"total":28,"nuevas":9,"lat":-2.3000000000000003,"lng":-78.116667,"semana":16},{"provincia":"Napo","poblacion":133705,"total":8,"nuevas":2,"lat":-0.989,"lng":-77.8159,"semana":16},{"provincia":"Orellana","poblacion":161338,"total":9,"nuevas":3,"lat":-0.466667,"lng":-76.966667,"semana":16},{"provincia":"Pastaza","poblacion":114202,"total":20,"nuevas":7,"lat":-1.066667,"lng":-78.001111,"semana":16},{"provincia":"Pichincha","poblacion":3228233,"total":819,"nuevas":192,"lat":-0.218611,"lng":-78.509722,"semana":16},{"provincia":"Santa Elena","poblacion":401178,"total":145,"nuevas":68,"lat":-2.2267,"lng":-80.8583,"semana":16},{"provincia":"Sto. Domingo Tsáchilas","poblacion":511151,"total":81,"nuevas":21,"lat":-0.254167,"lng":-79.171944,"semana":16},{"provincia":"Sucumbíos","poblacion":230503,"total":34,"nuevas":1,"lat":0.08472200000000002,"lng":-76.882778,"semana":16},{"provincia":"Tungurahua","poblacion":590600,"total":72,"nuevas":30,"lat":-1.241667,"lng":-78.619722,"semana":16},{"provincia":"Zamora Chinchipe","poblacion":120416,"total":20,"nuevas":16,"lat":-4.12,"lng":-78.8,"semana":16},{"provincia":"Azuay","poblacion":881394,"total":285,"nuevas":62,"lat":-2.8974140000000004,"lng":-79.004481,"semana":17},{"provincia":"Bolívar","poblacion":209933,"total":66,"nuevas":17,"lat":-1.6055560000000002,"lng":-79.003056,"semana":17},{"provincia":"Carchi","poblacion":186869,"total":38,"nuevas":5,"lat":0.81218,"lng":-77.71633,"semana":17},{"provincia":"Cañar","poblacion":281396,"total":166,"nuevas":29,"lat":-2.733333,"lng":-78.833333,"semana":17},{"provincia":"Chimborazo","poblacion":524004,"total":130,"nuevas":18,"lat":-1.674347,"lng":-78.648294,"semana":17},{"provincia":"Cotopaxi","poblacion":488716,"total":68,"nuevas":14,"lat":-0.933333,"lng":-78.616667,"semana":17},{"provincia":"El Oro","poblacion":715751,"total":300,"nuevas":43,"lat":-3.2666670000000004,"lng":-79.966667,"semana":17},{"provincia":"Esmeraldas","poblacion":591083,"total":115,"nuevas":26,"lat":1.05,"lng":-79.2,"semana":17},{"provincia":"Galápagos","poblacion":33042,"total":54,"nuevas":0,"lat":-0.7999999999999999,"lng":-89.4,"semana":17},{"provincia":"Guayas","poblacion":4387434,"total":7502,"nuevas":1056,"lat":-2.183333,"lng":-79.883333,"semana":17},{"provincia":"Imbabura","poblacion":476257,"total":58,"nuevas":11,"lat":0.362678,"lng":-78.130667,"semana":17},{"provincia":"Loja","poblacion":521154,"total":136,"nuevas":20,"lat":-3.9833330000000005,"lng":-79.2,"semana":17},{"provincia":"Los Ríos","poblacion":921763,"total":402,"nuevas":73,"lat":-1.8,"lng":-79.533333,"semana":17},{"provincia":"Manabí","poblacion":1562079,"total":330,"nuevas":44,"lat":-1.056181,"lng":-80.455217,"semana":17},{"provincia":"Morona Santiago","poblacion":196535,"total":31,"nuevas":3,"lat":-2.3000000000000003,"lng":-78.116667,"semana":17},{"provincia":"Napo","poblacion":133705,"total":12,"nuevas":4,"lat":-0.989,"lng":-77.8159,"semana":17},{"provincia":"Orellana","poblacion":161338,"total":14,"nuevas":5,"lat":-0.466667,"lng":-76.966667,"semana":17},{"provincia":"Pastaza","poblacion":114202,"total":25,"nuevas":5,"lat":-1.066667,"lng":-78.001111,"semana":17},{"provincia":"Pichincha","poblacion":3228233,"total":991,"nuevas":172,"lat":-0.218611,"lng":-78.509722,"semana":17},{"provincia":"Santa Elena","poblacion":401178,"total":182,"nuevas":37,"lat":-2.2267,"lng":-80.8583,"semana":17},{"provincia":"Sto. Domingo Tsáchilas","poblacion":511151,"total":123,"nuevas":42,"lat":-0.254167,"lng":-79.171944,"semana":17},{"provincia":"Sucumbíos","poblacion":230503,"total":35,"nuevas":1,"lat":0.08472200000000002,"lng":-76.882778,"semana":17},{"provincia":"Tungurahua","poblacion":590600,"total":96,"nuevas":24,"lat":-1.241667,"lng":-78.619722,"semana":17},{"provincia":"Zamora Chinchipe","poblacion":120416,"total":24,"nuevas":4,"lat":-4.12,"lng":-78.8,"semana":17},{"provincia":"Azuay","poblacion":881394,"total":551,"nuevas":266,"lat":-2.8974140000000004,"lng":-79.004481,"semana":18},{"provincia":"Bolívar","poblacion":209933,"total":191,"nuevas":125,"lat":-1.6055560000000002,"lng":-79.003056,"semana":18},{"provincia":"Carchi","poblacion":186869,"total":66,"nuevas":28,"lat":0.81218,"lng":-77.71633,"semana":18},{"provincia":"Cañar","poblacion":281396,"total":377,"nuevas":211,"lat":-2.733333,"lng":-78.833333,"semana":18},{"provincia":"Chimborazo","poblacion":524004,"total":215,"nuevas":85,"lat":-1.674347,"lng":-78.648294,"semana":18},{"provincia":"Cotopaxi","poblacion":488716,"total":135,"nuevas":67,"lat":-0.933333,"lng":-78.616667,"semana":18},{"provincia":"El Oro","poblacion":715751,"total":624,"nuevas":324,"lat":-3.2666670000000004,"lng":-79.966667,"semana":18},{"provincia":"Esmeraldas","poblacion":591083,"total":223,"nuevas":108,"lat":1.05,"lng":-79.2,"semana":18},{"provincia":"Galápagos","poblacion":33042,"total":71,"nuevas":17,"lat":-0.7999999999999999,"lng":-89.4,"semana":18},{"provincia":"Guayas","poblacion":4387434,"total":13053,"nuevas":5551,"lat":-2.183333,"lng":-79.883333,"semana":18},{"provincia":"Imbabura","poblacion":476257,"total":99,"nuevas":41,"lat":0.362678,"lng":-78.130667,"semana":18},{"provincia":"Loja","poblacion":521154,"total":316,"nuevas":180,"lat":-3.9833330000000005,"lng":-79.2,"semana":18},{"provincia":"Los Ríos","poblacion":921763,"total":931,"nuevas":529,"lat":-1.8,"lng":-79.533333,"semana":18},{"provincia":"Manabí","poblacion":1562079,"total":934,"nuevas":604,"lat":-1.056181,"lng":-80.455217,"semana":18},{"provincia":"Morona Santiago","poblacion":196535,"total":79,"nuevas":48,"lat":-2.3000000000000003,"lng":-78.116667,"semana":18},{"provincia":"Napo","poblacion":133705,"total":40,"nuevas":28,"lat":-0.989,"lng":-77.8159,"semana":18},{"provincia":"Orellana","poblacion":161338,"total":39,"nuevas":25,"lat":-0.466667,"lng":-76.966667,"semana":18},{"provincia":"Pastaza","poblacion":114202,"total":64,"nuevas":39,"lat":-1.066667,"lng":-78.001111,"semana":18},{"provincia":"Pichincha","poblacion":3228233,"total":1698,"nuevas":707,"lat":-0.218611,"lng":-78.509722,"semana":18},{"provincia":"Santa Elena","poblacion":401178,"total":583,"nuevas":401,"lat":-2.2267,"lng":-80.8583,"semana":18},{"provincia":"Sto. Domingo Tsáchilas","poblacion":511151,"total":324,"nuevas":201,"lat":-0.254167,"lng":-79.171944,"semana":18},{"provincia":"Sucumbíos","poblacion":230503,"total":45,"nuevas":10,"lat":0.08472200000000002,"lng":-76.882778,"semana":18},{"provincia":"Tungurahua","poblacion":590600,"total":203,"nuevas":107,"lat":-1.241667,"lng":-78.619722,"semana":18},{"provincia":"Zamora Chinchipe","poblacion":120416,"total":76,"nuevas":52,"lat":-4.12,"lng":-78.8,"semana":18},{"provincia":"Azuay","poblacion":881394,"total":569,"nuevas":18,"lat":-2.8974140000000004,"lng":-79.004481,"semana":19},{"provincia":"Bolívar","poblacion":209933,"total":167,"nuevas":-24,"lat":-1.6055560000000002,"lng":-79.003056,"semana":19},{"provincia":"Carchi","poblacion":186869,"total":96,"nuevas":30,"lat":0.81218,"lng":-77.71633,"semana":19},{"provincia":"Cañar","poblacion":281396,"total":241,"nuevas":-136,"lat":-2.733333,"lng":-78.833333,"semana":19},{"provincia":"Chimborazo","poblacion":524004,"total":256,"nuevas":41,"lat":-1.674347,"lng":-78.648294,"semana":19},{"provincia":"Cotopaxi","poblacion":488716,"total":168,"nuevas":33,"lat":-0.933333,"lng":-78.616667,"semana":19},{"provincia":"El Oro","poblacion":715751,"total":672,"nuevas":48,"lat":-3.2666670000000004,"lng":-79.966667,"semana":19},{"provincia":"Esmeraldas","poblacion":591083,"total":290,"nuevas":67,"lat":1.05,"lng":-79.2,"semana":19},{"provincia":"Galápagos","poblacion":33042,"total":70,"nuevas":-1,"lat":-0.7999999999999999,"lng":-89.4,"semana":19},{"provincia":"Guayas","poblacion":4387434,"total":11705,"nuevas":-1348,"lat":-2.183333,"lng":-79.883333,"semana":19},{"provincia":"Imbabura","poblacion":476257,"total":126,"nuevas":27,"lat":0.362678,"lng":-78.130667,"semana":19},{"provincia":"Loja","poblacion":521154,"total":257,"nuevas":-59,"lat":-3.9833330000000005,"lng":-79.2,"semana":19},{"provincia":"Los Ríos","poblacion":921763,"total":1026,"nuevas":95,"lat":-1.8,"lng":-79.533333,"semana":19},{"provincia":"Manabí","poblacion":1562079,"total":1299,"nuevas":365,"lat":-1.056181,"lng":-80.455217,"semana":19},{"provincia":"Morona Santiago","poblacion":196535,"total":44,"nuevas":-35,"lat":-2.3000000000000003,"lng":-78.116667,"semana":19},{"provincia":"Napo","poblacion":133705,"total":54,"nuevas":14,"lat":-0.989,"lng":-77.8159,"semana":19},{"provincia":"Orellana","poblacion":161338,"total":60,"nuevas":21,"lat":-0.466667,"lng":-76.966667,"semana":19},{"provincia":"Pastaza","poblacion":114202,"total":97,"nuevas":33,"lat":-1.066667,"lng":-78.001111,"semana":19},{"provincia":"Pichincha","poblacion":3228233,"total":2096,"nuevas":398,"lat":-0.218611,"lng":-78.509722,"semana":19},{"provincia":"Santa Elena","poblacion":401178,"total":534,"nuevas":-49,"lat":-2.2267,"lng":-80.8583,"semana":19},{"provincia":"Sto. Domingo Tsáchilas","poblacion":511151,"total":389,"nuevas":65,"lat":-0.254167,"lng":-79.171944,"semana":19},{"provincia":"Sucumbíos","poblacion":230503,"total":65,"nuevas":20,"lat":0.08472200000000002,"lng":-76.882778,"semana":19},{"provincia":"Tungurahua","poblacion":590600,"total":273,"nuevas":70,"lat":-1.241667,"lng":-78.619722,"semana":19},{"provincia":"Zamora Chinchipe","poblacion":120416,"total":68,"nuevas":-8,"lat":-4.12,"lng":-78.8,"semana":19},{"provincia":"Azuay","poblacion":881394,"total":693,"nuevas":124,"lat":-2.8974140000000004,"lng":-79.004481,"semana":20},{"provincia":"Bolívar","poblacion":209933,"total":230,"nuevas":63,"lat":-1.6055560000000002,"lng":-79.003056,"semana":20},{"provincia":"Carchi","poblacion":186869,"total":105,"nuevas":9,"lat":0.81218,"lng":-77.71633,"semana":20},{"provincia":"Cañar","poblacion":281396,"total":277,"nuevas":36,"lat":-2.733333,"lng":-78.833333,"semana":20},{"provincia":"Chimborazo","poblacion":524004,"total":299,"nuevas":43,"lat":-1.674347,"lng":-78.648294,"semana":20},{"provincia":"Cotopaxi","poblacion":488716,"total":230,"nuevas":62,"lat":-0.933333,"lng":-78.616667,"semana":20},{"provincia":"El Oro","poblacion":715751,"total":920,"nuevas":248,"lat":-3.2666670000000004,"lng":-79.966667,"semana":20},{"provincia":"Esmeraldas","poblacion":591083,"total":456,"nuevas":166,"lat":1.05,"lng":-79.2,"semana":20},{"provincia":"Galápagos","poblacion":33042,"total":74,"nuevas":4,"lat":-0.7999999999999999,"lng":-89.4,"semana":20},{"provincia":"Guayas","poblacion":4387434,"total":13055,"nuevas":1350,"lat":-2.183333,"lng":-79.883333,"semana":20},{"provincia":"Imbabura","poblacion":476257,"total":151,"nuevas":25,"lat":0.362678,"lng":-78.130667,"semana":20},{"provincia":"Loja","poblacion":521154,"total":300,"nuevas":43,"lat":-3.9833330000000005,"lng":-79.2,"semana":20},{"provincia":"Los Ríos","poblacion":921763,"total":1215,"nuevas":189,"lat":-1.8,"lng":-79.533333,"semana":20},{"provincia":"Manabí","poblacion":1562079,"total":1528,"nuevas":229,"lat":-1.056181,"lng":-80.455217,"semana":20},{"provincia":"Morona Santiago","poblacion":196535,"total":64,"nuevas":20,"lat":-2.3000000000000003,"lng":-78.116667,"semana":20},{"provincia":"Napo","poblacion":133705,"total":101,"nuevas":47,"lat":-0.989,"lng":-77.8159,"semana":20},{"provincia":"Orellana","poblacion":161338,"total":90,"nuevas":30,"lat":-0.466667,"lng":-76.966667,"semana":20},{"provincia":"Pastaza","poblacion":114202,"total":129,"nuevas":32,"lat":-1.066667,"lng":-78.001111,"semana":20},{"provincia":"Pichincha","poblacion":3228233,"total":2582,"nuevas":486,"lat":-0.218611,"lng":-78.509722,"semana":20},{"provincia":"Santa Elena","poblacion":401178,"total":648,"nuevas":114,"lat":-2.2267,"lng":-80.8583,"semana":20},{"provincia":"Sto. Domingo Tsáchilas","poblacion":511151,"total":576,"nuevas":187,"lat":-0.254167,"lng":-79.171944,"semana":20},{"provincia":"Sucumbíos","poblacion":230503,"total":76,"nuevas":11,"lat":0.08472200000000002,"lng":-76.882778,"semana":20},{"provincia":"Tungurahua","poblacion":590600,"total":345,"nuevas":72,"lat":-1.241667,"lng":-78.619722,"semana":20},{"provincia":"Zamora Chinchipe","poblacion":120416,"total":101,"nuevas":33,"lat":-4.12,"lng":-78.8,"semana":20},{"provincia":"Azuay","poblacion":881394,"total":797,"nuevas":104,"lat":-2.8974140000000004,"lng":-79.004481,"semana":21},{"provincia":"Bolívar","poblacion":209933,"total":298,"nuevas":68,"lat":-1.6055560000000002,"lng":-79.003056,"semana":21},{"provincia":"Carchi","poblacion":186869,"total":137,"nuevas":32,"lat":0.81218,"lng":-77.71633,"semana":21},{"provincia":"Cañar","poblacion":281396,"total":306,"nuevas":29,"lat":-2.733333,"lng":-78.833333,"semana":21},{"provincia":"Chimborazo","poblacion":524004,"total":368,"nuevas":69,"lat":-1.674347,"lng":-78.648294,"semana":21},{"provincia":"Cotopaxi","poblacion":488716,"total":329,"nuevas":99,"lat":-0.933333,"lng":-78.616667,"semana":21},{"provincia":"El Oro","poblacion":715751,"total":1025,"nuevas":105,"lat":-3.2666670000000004,"lng":-79.966667,"semana":21},{"provincia":"Esmeraldas","poblacion":591083,"total":640,"nuevas":184,"lat":1.05,"lng":-79.2,"semana":21},{"provincia":"Galápagos","poblacion":33042,"total":76,"nuevas":2,"lat":-0.7999999999999999,"lng":-89.4,"semana":21},{"provincia":"Guayas","poblacion":4387434,"total":13787,"nuevas":732,"lat":-2.183333,"lng":-79.883333,"semana":21},{"provincia":"Imbabura","poblacion":476257,"total":190,"nuevas":39,"lat":0.362678,"lng":-78.130667,"semana":21},{"provincia":"Loja","poblacion":521154,"total":334,"nuevas":34,"lat":-3.9833330000000005,"lng":-79.2,"semana":21},{"provincia":"Los Ríos","poblacion":921763,"total":1379,"nuevas":164,"lat":-1.8,"lng":-79.533333,"semana":21},{"provincia":"Manabí","poblacion":1562079,"total":1895,"nuevas":367,"lat":-1.056181,"lng":-80.455217,"semana":21},{"provincia":"Morona Santiago","poblacion":196535,"total":92,"nuevas":28,"lat":-2.3000000000000003,"lng":-78.116667,"semana":21},{"provincia":"Napo","poblacion":133705,"total":166,"nuevas":65,"lat":-0.989,"lng":-77.8159,"semana":21},{"provincia":"Orellana","poblacion":161338,"total":163,"nuevas":73,"lat":-0.466667,"lng":-76.966667,"semana":21},{"provincia":"Pastaza","poblacion":114202,"total":195,"nuevas":66,"lat":-1.066667,"lng":-78.001111,"semana":21},{"provincia":"Pichincha","poblacion":3228233,"total":3405,"nuevas":823,"lat":-0.218611,"lng":-78.509722,"semana":21},{"provincia":"Santa Elena","poblacion":401178,"total":733,"nuevas":85,"lat":-2.2267,"lng":-80.8583,"semana":21},{"provincia":"Sto. Domingo Tsáchilas","poblacion":511151,"total":800,"nuevas":224,"lat":-0.254167,"lng":-79.171944,"semana":21},{"provincia":"Sucumbíos","poblacion":230503,"total":97,"nuevas":21,"lat":0.08472200000000002,"lng":-76.882778,"semana":21},{"provincia":"Tungurahua","poblacion":590600,"total":439,"nuevas":94,"lat":-1.241667,"lng":-78.619722,"semana":21},{"provincia":"Zamora Chinchipe","poblacion":120416,"total":149,"nuevas":48,"lat":-4.12,"lng":-78.8,"semana":21},{"provincia":"Azuay","poblacion":881394,"total":869,"nuevas":72,"lat":-2.8974140000000004,"lng":-79.004481,"semana":22},{"provincia":"Bolívar","poblacion":209933,"total":312,"nuevas":14,"lat":-1.6055560000000002,"lng":-79.003056,"semana":22},{"provincia":"Carchi","poblacion":186869,"total":152,"nuevas":15,"lat":0.81218,"lng":-77.71633,"semana":22},{"provincia":"Cañar","poblacion":281396,"total":331,"nuevas":25,"lat":-2.733333,"lng":-78.833333,"semana":22},{"provincia":"Chimborazo","poblacion":524004,"total":398,"nuevas":30,"lat":-1.674347,"lng":-78.648294,"semana":22},{"provincia":"Cotopaxi","poblacion":488716,"total":395,"nuevas":66,"lat":-0.933333,"lng":-78.616667,"semana":22},{"provincia":"El Oro","poblacion":715751,"total":1094,"nuevas":69,"lat":-3.2666670000000004,"lng":-79.966667,"semana":22},{"provincia":"Esmeraldas","poblacion":591083,"total":852,"nuevas":212,"lat":1.05,"lng":-79.2,"semana":22},{"provincia":"Galápagos","poblacion":33042,"total":76,"nuevas":0,"lat":-0.7999999999999999,"lng":-89.4,"semana":22},{"provincia":"Guayas","poblacion":4387434,"total":14061,"nuevas":274,"lat":-2.183333,"lng":-79.883333,"semana":22},{"provincia":"Imbabura","poblacion":476257,"total":203,"nuevas":13,"lat":0.362678,"lng":-78.130667,"semana":22},{"provincia":"Loja","poblacion":521154,"total":357,"nuevas":23,"lat":-3.9833330000000005,"lng":-79.2,"semana":22},{"provincia":"Los Ríos","poblacion":921763,"total":1509,"nuevas":130,"lat":-1.8,"lng":-79.533333,"semana":22},{"provincia":"Manabí","poblacion":1562079,"total":2235,"nuevas":340,"lat":-1.056181,"lng":-80.455217,"semana":22},{"provincia":"Morona Santiago","poblacion":196535,"total":105,"nuevas":13,"lat":-2.3000000000000003,"lng":-78.116667,"semana":22},{"provincia":"Napo","poblacion":133705,"total":201,"nuevas":35,"lat":-0.989,"lng":-77.8159,"semana":22},{"provincia":"Orellana","poblacion":161338,"total":237,"nuevas":74,"lat":-0.466667,"lng":-76.966667,"semana":22},{"provincia":"Pastaza","poblacion":114202,"total":228,"nuevas":33,"lat":-1.066667,"lng":-78.001111,"semana":22},{"provincia":"Pichincha","poblacion":3228233,"total":3940,"nuevas":535,"lat":-0.218611,"lng":-78.509722,"semana":22},{"provincia":"Santa Elena","poblacion":401178,"total":771,"nuevas":38,"lat":-2.2267,"lng":-80.8583,"semana":22},{"provincia":"Sto. Domingo Tsáchilas","poblacion":511151,"total":1043,"nuevas":243,"lat":-0.254167,"lng":-79.171944,"semana":22},{"provincia":"Sucumbíos","poblacion":230503,"total":110,"nuevas":13,"lat":0.08472200000000002,"lng":-76.882778,"semana":22},{"provincia":"Tungurahua","poblacion":590600,"total":477,"nuevas":38,"lat":-1.241667,"lng":-78.619722,"semana":22},{"provincia":"Zamora Chinchipe","poblacion":120416,"total":186,"nuevas":37,"lat":-4.12,"lng":-78.8,"semana":22},{"provincia":"Azuay","poblacion":881394,"total":1030,"nuevas":161,"lat":-2.8974140000000004,"lng":-79.004481,"semana":23},{"provincia":"Bolívar","poblacion":209933,"total":367,"nuevas":55,"lat":-1.6055560000000002,"lng":-79.003056,"semana":23},{"provincia":"Carchi","poblacion":186869,"total":184,"nuevas":32,"lat":0.81218,"lng":-77.71633,"semana":23},{"provincia":"Cañar","poblacion":281396,"total":371,"nuevas":40,"lat":-2.733333,"lng":-78.833333,"semana":23},{"provincia":"Chimborazo","poblacion":524004,"total":480,"nuevas":82,"lat":-1.674347,"lng":-78.648294,"semana":23},{"provincia":"Cotopaxi","poblacion":488716,"total":586,"nuevas":191,"lat":-0.933333,"lng":-78.616667,"semana":23},{"provincia":"El Oro","poblacion":715751,"total":1309,"nuevas":215,"lat":-3.2666670000000004,"lng":-79.966667,"semana":23},{"provincia":"Esmeraldas","poblacion":591083,"total":1172,"nuevas":320,"lat":1.05,"lng":-79.2,"semana":23},{"provincia":"Galápagos","poblacion":33042,"total":76,"nuevas":0,"lat":-0.7999999999999999,"lng":-89.4,"semana":23},{"provincia":"Guayas","poblacion":4387434,"total":14422,"nuevas":361,"lat":-2.183333,"lng":-79.883333,"semana":23},{"provincia":"Imbabura","poblacion":476257,"total":250,"nuevas":47,"lat":0.362678,"lng":-78.130667,"semana":23},{"provincia":"Loja","poblacion":521154,"total":494,"nuevas":137,"lat":-3.9833330000000005,"lng":-79.2,"semana":23},{"provincia":"Los Ríos","poblacion":921763,"total":1769,"nuevas":260,"lat":-1.8,"lng":-79.533333,"semana":23},{"provincia":"Manabí","poblacion":1562079,"total":2833,"nuevas":598,"lat":-1.056181,"lng":-80.455217,"semana":23},{"provincia":"Morona Santiago","poblacion":196535,"total":182,"nuevas":77,"lat":-2.3000000000000003,"lng":-78.116667,"semana":23},{"provincia":"Napo","poblacion":133705,"total":325,"nuevas":124,"lat":-0.989,"lng":-77.8159,"semana":23},{"provincia":"Orellana","poblacion":161338,"total":326,"nuevas":89,"lat":-0.466667,"lng":-76.966667,"semana":23},{"provincia":"Pastaza","poblacion":114202,"total":320,"nuevas":92,"lat":-1.066667,"lng":-78.001111,"semana":23},{"provincia":"Pichincha","poblacion":3228233,"total":4598,"nuevas":658,"lat":-0.218611,"lng":-78.509722,"semana":23},{"provincia":"Santa Elena","poblacion":401178,"total":824,"nuevas":53,"lat":-2.2267,"lng":-80.8583,"semana":23},{"provincia":"Sto. Domingo Tsáchilas","poblacion":511151,"total":1195,"nuevas":152,"lat":-0.254167,"lng":-79.171944,"semana":23},{"provincia":"Sucumbíos","poblacion":230503,"total":165,"nuevas":55,"lat":0.08472200000000002,"lng":-76.882778,"semana":23},{"provincia":"Tungurahua","poblacion":590600,"total":609,"nuevas":132,"lat":-1.241667,"lng":-78.619722,"semana":23},{"provincia":"Zamora Chinchipe","poblacion":120416,"total":277,"nuevas":91,"lat":-4.12,"lng":-78.8,"semana":23},{"provincia":"Azuay","poblacion":881394,"total":1249,"nuevas":219,"lat":-2.8974140000000004,"lng":-79.004481,"semana":24},{"provincia":"Bolívar","poblacion":209933,"total":452,"nuevas":85,"lat":-1.6055560000000002,"lng":-79.003056,"semana":24},{"provincia":"Carchi","poblacion":186869,"total":204,"nuevas":20,"lat":0.81218,"lng":-77.71633,"semana":24},{"provincia":"Cañar","poblacion":281396,"total":413,"nuevas":42,"lat":-2.733333,"lng":-78.833333,"semana":24},{"provincia":"Chimborazo","poblacion":524004,"total":544,"nuevas":64,"lat":-1.674347,"lng":-78.648294,"semana":24},{"provincia":"Cotopaxi","poblacion":488716,"total":750,"nuevas":164,"lat":-0.933333,"lng":-78.616667,"semana":24},{"provincia":"El Oro","poblacion":715751,"total":1514,"nuevas":205,"lat":-3.2666670000000004,"lng":-79.966667,"semana":24},{"provincia":"Esmeraldas","poblacion":591083,"total":1478,"nuevas":306,"lat":1.05,"lng":-79.2,"semana":24},{"provincia":"Galápagos","poblacion":33042,"total":77,"nuevas":1,"lat":-0.7999999999999999,"lng":-89.4,"semana":24},{"provincia":"Guayas","poblacion":4387434,"total":14639,"nuevas":217,"lat":-2.183333,"lng":-79.883333,"semana":24},{"provincia":"Imbabura","poblacion":476257,"total":344,"nuevas":94,"lat":0.362678,"lng":-78.130667,"semana":24},{"provincia":"Loja","poblacion":521154,"total":571,"nuevas":77,"lat":-3.9833330000000005,"lng":-79.2,"semana":24},{"provincia":"Los Ríos","poblacion":921763,"total":1965,"nuevas":196,"lat":-1.8,"lng":-79.533333,"semana":24},{"provincia":"Manabí","poblacion":1562079,"total":3335,"nuevas":502,"lat":-1.056181,"lng":-80.455217,"semana":24},{"provincia":"Morona Santiago","poblacion":196535,"total":292,"nuevas":110,"lat":-2.3000000000000003,"lng":-78.116667,"semana":24},{"provincia":"Napo","poblacion":133705,"total":390,"nuevas":65,"lat":-0.989,"lng":-77.8159,"semana":24},{"provincia":"Orellana","poblacion":161338,"total":417,"nuevas":91,"lat":-0.466667,"lng":-76.966667,"semana":24},{"provincia":"Pastaza","poblacion":114202,"total":392,"nuevas":72,"lat":-1.066667,"lng":-78.001111,"semana":24},{"provincia":"Pichincha","poblacion":3228233,"total":5233,"nuevas":635,"lat":-0.218611,"lng":-78.509722,"semana":24},{"provincia":"Santa Elena","poblacion":401178,"total":857,"nuevas":33,"lat":-2.2267,"lng":-80.8583,"semana":24},{"provincia":"Sto. Domingo Tsáchilas","poblacion":511151,"total":1386,"nuevas":191,"lat":-0.254167,"lng":-79.171944,"semana":24},{"provincia":"Sucumbíos","poblacion":230503,"total":242,"nuevas":77,"lat":0.08472200000000002,"lng":-76.882778,"semana":24},{"provincia":"Tungurahua","poblacion":590600,"total":693,"nuevas":84,"lat":-1.241667,"lng":-78.619722,"semana":24},{"provincia":"Zamora Chinchipe","poblacion":120416,"total":358,"nuevas":81,"lat":-4.12,"lng":-78.8,"semana":24},{"provincia":"Azuay","poblacion":881394,"total":1414,"nuevas":165,"lat":-2.8974140000000004,"lng":-79.004481,"semana":25},{"provincia":"Bolívar","poblacion":209933,"total":515,"nuevas":63,"lat":-1.6055560000000002,"lng":-79.003056,"semana":25},{"provincia":"Carchi","poblacion":186869,"total":231,"nuevas":27,"lat":0.81218,"lng":-77.71633,"semana":25},{"provincia":"Cañar","poblacion":281396,"total":450,"nuevas":37,"lat":-2.733333,"lng":-78.833333,"semana":25},{"provincia":"Chimborazo","poblacion":524004,"total":618,"nuevas":74,"lat":-1.674347,"lng":-78.648294,"semana":25},{"provincia":"Cotopaxi","poblacion":488716,"total":868,"nuevas":118,"lat":-0.933333,"lng":-78.616667,"semana":25},{"provincia":"El Oro","poblacion":715751,"total":1790,"nuevas":276,"lat":-3.2666670000000004,"lng":-79.966667,"semana":25},{"provincia":"Esmeraldas","poblacion":591083,"total":1755,"nuevas":277,"lat":1.05,"lng":-79.2,"semana":25},{"provincia":"Galápagos","poblacion":33042,"total":77,"nuevas":0,"lat":-0.7999999999999999,"lng":-89.4,"semana":25},{"provincia":"Guayas","poblacion":4387434,"total":14786,"nuevas":147,"lat":-2.183333,"lng":-79.883333,"semana":25},{"provincia":"Imbabura","poblacion":476257,"total":460,"nuevas":116,"lat":0.362678,"lng":-78.130667,"semana":25},{"provincia":"Loja","poblacion":521154,"total":679,"nuevas":108,"lat":-3.9833330000000005,"lng":-79.2,"semana":25},{"provincia":"Los Ríos","poblacion":921763,"total":2074,"nuevas":109,"lat":-1.8,"lng":-79.533333,"semana":25},{"provincia":"Manabí","poblacion":1562079,"total":3761,"nuevas":426,"lat":-1.056181,"lng":-80.455217,"semana":25},{"provincia":"Morona Santiago","poblacion":196535,"total":447,"nuevas":155,"lat":-2.3000000000000003,"lng":-78.116667,"semana":25},{"provincia":"Napo","poblacion":133705,"total":501,"nuevas":111,"lat":-0.989,"lng":-77.8159,"semana":25},{"provincia":"Orellana","poblacion":161338,"total":539,"nuevas":122,"lat":-0.466667,"lng":-76.966667,"semana":25},{"provincia":"Pastaza","poblacion":114202,"total":540,"nuevas":148,"lat":-1.066667,"lng":-78.001111,"semana":25},{"provincia":"Pichincha","poblacion":3228233,"total":6053,"nuevas":820,"lat":-0.218611,"lng":-78.509722,"semana":25},{"provincia":"Santa Elena","poblacion":401178,"total":893,"nuevas":36,"lat":-2.2267,"lng":-80.8583,"semana":25},{"provincia":"Sto. Domingo Tsáchilas","poblacion":511151,"total":1707,"nuevas":321,"lat":-0.254167,"lng":-79.171944,"semana":25},{"provincia":"Sucumbíos","poblacion":230503,"total":296,"nuevas":54,"lat":0.08472200000000002,"lng":-76.882778,"semana":25},{"provincia":"Tungurahua","poblacion":590600,"total":808,"nuevas":115,"lat":-1.241667,"lng":-78.619722,"semana":25},{"provincia":"Zamora Chinchipe","poblacion":120416,"total":422,"nuevas":64,"lat":-4.12,"lng":-78.8,"semana":25},{"provincia":"Azuay","poblacion":881394,"total":1677,"nuevas":263,"lat":-2.8974140000000004,"lng":-79.004481,"semana":26},{"provincia":"Bolívar","poblacion":209933,"total":626,"nuevas":111,"lat":-1.6055560000000002,"lng":-79.003056,"semana":26},{"provincia":"Carchi","poblacion":186869,"total":278,"nuevas":47,"lat":0.81218,"lng":-77.71633,"semana":26},{"provincia":"Cañar","poblacion":281396,"total":537,"nuevas":87,"lat":-2.733333,"lng":-78.833333,"semana":26},{"provincia":"Chimborazo","poblacion":524004,"total":732,"nuevas":114,"lat":-1.674347,"lng":-78.648294,"semana":26},{"provincia":"Cotopaxi","poblacion":488716,"total":1036,"nuevas":168,"lat":-0.933333,"lng":-78.616667,"semana":26},{"provincia":"El Oro","poblacion":715751,"total":2013,"nuevas":223,"lat":-3.2666670000000004,"lng":-79.966667,"semana":26},{"provincia":"Esmeraldas","poblacion":591083,"total":2024,"nuevas":269,"lat":1.05,"lng":-79.2,"semana":26},{"provincia":"Galápagos","poblacion":33042,"total":86,"nuevas":9,"lat":-0.7999999999999999,"lng":-89.4,"semana":26},{"provincia":"Guayas","poblacion":4387434,"total":14988,"nuevas":202,"lat":-2.183333,"lng":-79.883333,"semana":26},{"provincia":"Imbabura","poblacion":476257,"total":566,"nuevas":106,"lat":0.362678,"lng":-78.130667,"semana":26},{"provincia":"Loja","poblacion":521154,"total":853,"nuevas":174,"lat":-3.9833330000000005,"lng":-79.2,"semana":26},{"provincia":"Los Ríos","poblacion":921763,"total":2236,"nuevas":162,"lat":-1.8,"lng":-79.533333,"semana":26},{"provincia":"Manabí","poblacion":1562079,"total":4288,"nuevas":527,"lat":-1.056181,"lng":-80.455217,"semana":26},{"provincia":"Morona Santiago","poblacion":196535,"total":758,"nuevas":311,"lat":-2.3000000000000003,"lng":-78.116667,"semana":26},{"provincia":"Napo","poblacion":133705,"total":564,"nuevas":63,"lat":-0.989,"lng":-77.8159,"semana":26},{"provincia":"Orellana","poblacion":161338,"total":657,"nuevas":118,"lat":-0.466667,"lng":-76.966667,"semana":26},{"provincia":"Pastaza","poblacion":114202,"total":641,"nuevas":101,"lat":-1.066667,"lng":-78.001111,"semana":26},{"provincia":"Pichincha","poblacion":3228233,"total":6983,"nuevas":930,"lat":-0.218611,"lng":-78.509722,"semana":26},{"provincia":"Santa Elena","poblacion":401178,"total":922,"nuevas":29,"lat":-2.2267,"lng":-80.8583,"semana":26},{"provincia":"Sto. Domingo Tsáchilas","poblacion":511151,"total":1936,"nuevas":229,"lat":-0.254167,"lng":-79.171944,"semana":26},{"provincia":"Sucumbíos","poblacion":230503,"total":390,"nuevas":94,"lat":0.08472200000000002,"lng":-76.882778,"semana":26},{"provincia":"Tungurahua","poblacion":590600,"total":985,"nuevas":177,"lat":-1.241667,"lng":-78.619722,"semana":26},{"provincia":"Zamora Chinchipe","poblacion":120416,"total":523,"nuevas":101,"lat":-4.12,"lng":-78.8,"semana":26},{"provincia":"Azuay","poblacion":881394,"total":1935,"nuevas":258,"lat":-2.8974140000000004,"lng":-79.004481,"semana":27},{"provincia":"Bolívar","poblacion":209933,"total":755,"nuevas":129,"lat":-1.6055560000000002,"lng":-79.003056,"semana":27},{"provincia":"Carchi","poblacion":186869,"total":365,"nuevas":87,"lat":0.81218,"lng":-77.71633,"semana":27},{"provincia":"Cañar","poblacion":281396,"total":559,"nuevas":22,"lat":-2.733333,"lng":-78.833333,"semana":27},{"provincia":"Chimborazo","poblacion":524004,"total":823,"nuevas":91,"lat":-1.674347,"lng":-78.648294,"semana":27},{"provincia":"Cotopaxi","poblacion":488716,"total":1236,"nuevas":200,"lat":-0.933333,"lng":-78.616667,"semana":27},{"provincia":"El Oro","poblacion":715751,"total":2173,"nuevas":160,"lat":-3.2666670000000004,"lng":-79.966667,"semana":27},{"provincia":"Esmeraldas","poblacion":591083,"total":2207,"nuevas":183,"lat":1.05,"lng":-79.2,"semana":27},{"provincia":"Galápagos","poblacion":33042,"total":100,"nuevas":14,"lat":-0.7999999999999999,"lng":-89.4,"semana":27},{"provincia":"Guayas","poblacion":4387434,"total":16104,"nuevas":1116,"lat":-2.183333,"lng":-79.883333,"semana":27},{"provincia":"Imbabura","poblacion":476257,"total":716,"nuevas":150,"lat":0.362678,"lng":-78.130667,"semana":27},{"provincia":"Loja","poblacion":521154,"total":1095,"nuevas":242,"lat":-3.9833330000000005,"lng":-79.2,"semana":27},{"provincia":"Los Ríos","poblacion":921763,"total":2417,"nuevas":181,"lat":-1.8,"lng":-79.533333,"semana":27},{"provincia":"Manabí","poblacion":1562079,"total":4647,"nuevas":359,"lat":-1.056181,"lng":-80.455217,"semana":27},{"provincia":"Morona Santiago","poblacion":196535,"total":1000,"nuevas":242,"lat":-2.3000000000000003,"lng":-78.116667,"semana":27},{"provincia":"Napo","poblacion":133705,"total":653,"nuevas":89,"lat":-0.989,"lng":-77.8159,"semana":27},{"provincia":"Orellana","poblacion":161338,"total":838,"nuevas":181,"lat":-0.466667,"lng":-76.966667,"semana":27},{"provincia":"Pastaza","poblacion":114202,"total":830,"nuevas":189,"lat":-1.066667,"lng":-78.001111,"semana":27},{"provincia":"Pichincha","poblacion":3228233,"total":8924,"nuevas":1941,"lat":-0.218611,"lng":-78.509722,"semana":27},{"provincia":"Santa Elena","poblacion":401178,"total":952,"nuevas":30,"lat":-2.2267,"lng":-80.8583,"semana":27},{"provincia":"Sto. Domingo Tsáchilas","poblacion":511151,"total":2294,"nuevas":358,"lat":-0.254167,"lng":-79.171944,"semana":27},{"provincia":"Sucumbíos","poblacion":230503,"total":521,"nuevas":131,"lat":0.08472200000000002,"lng":-76.882778,"semana":27},{"provincia":"Tungurahua","poblacion":590600,"total":1243,"nuevas":258,"lat":-1.241667,"lng":-78.619722,"semana":27},{"provincia":"Zamora Chinchipe","poblacion":120416,"total":615,"nuevas":92,"lat":-4.12,"lng":-78.8,"semana":27},{"provincia":"Azuay","poblacion":881394,"total":2262,"nuevas":327,"lat":-2.8974140000000004,"lng":-79.004481,"semana":28},{"provincia":"Bolívar","poblacion":209933,"total":832,"nuevas":77,"lat":-1.6055560000000002,"lng":-79.003056,"semana":28},{"provincia":"Carchi","poblacion":186869,"total":459,"nuevas":94,"lat":0.81218,"lng":-77.71633,"semana":28},{"provincia":"Cañar","poblacion":281396,"total":608,"nuevas":49,"lat":-2.733333,"lng":-78.833333,"semana":28},{"provincia":"Chimborazo","poblacion":524004,"total":980,"nuevas":157,"lat":-1.674347,"lng":-78.648294,"semana":28},{"provincia":"Cotopaxi","poblacion":488716,"total":1472,"nuevas":236,"lat":-0.933333,"lng":-78.616667,"semana":28},{"provincia":"El Oro","poblacion":715751,"total":2354,"nuevas":181,"lat":-3.2666670000000004,"lng":-79.966667,"semana":28},{"provincia":"Esmeraldas","poblacion":591083,"total":2523,"nuevas":316,"lat":1.05,"lng":-79.2,"semana":28},{"provincia":"Galápagos","poblacion":33042,"total":100,"nuevas":0,"lat":-0.7999999999999999,"lng":-89.4,"semana":28},{"provincia":"Guayas","poblacion":4387434,"total":16480,"nuevas":376,"lat":-2.183333,"lng":-79.883333,"semana":28},{"provincia":"Imbabura","poblacion":476257,"total":860,"nuevas":144,"lat":0.362678,"lng":-78.130667,"semana":28},{"provincia":"Loja","poblacion":521154,"total":1323,"nuevas":228,"lat":-3.9833330000000005,"lng":-79.2,"semana":28},{"provincia":"Los Ríos","poblacion":921763,"total":2598,"nuevas":181,"lat":-1.8,"lng":-79.533333,"semana":28},{"provincia":"Manabí","poblacion":1562079,"total":5110,"nuevas":463,"lat":-1.056181,"lng":-80.455217,"semana":28},{"provincia":"Morona Santiago","poblacion":196535,"total":1286,"nuevas":286,"lat":-2.3000000000000003,"lng":-78.116667,"semana":28},{"provincia":"Napo","poblacion":133705,"total":726,"nuevas":73,"lat":-0.989,"lng":-77.8159,"semana":28},{"provincia":"Orellana","poblacion":161338,"total":921,"nuevas":83,"lat":-0.466667,"lng":-76.966667,"semana":28},{"provincia":"Pastaza","poblacion":114202,"total":962,"nuevas":132,"lat":-1.066667,"lng":-78.001111,"semana":28},{"provincia":"Pichincha","poblacion":3228233,"total":10673,"nuevas":1749,"lat":-0.218611,"lng":-78.509722,"semana":28},{"provincia":"Santa Elena","poblacion":401178,"total":988,"nuevas":36,"lat":-2.2267,"lng":-80.8583,"semana":28},{"provincia":"Sto. Domingo Tsáchilas","poblacion":511151,"total":2554,"nuevas":260,"lat":-0.254167,"lng":-79.171944,"semana":28},{"provincia":"Sucumbíos","poblacion":230503,"total":644,"nuevas":123,"lat":0.08472200000000002,"lng":-76.882778,"semana":28},{"provincia":"Tungurahua","poblacion":590600,"total":1479,"nuevas":236,"lat":-1.241667,"lng":-78.619722,"semana":28},{"provincia":"Zamora Chinchipe","poblacion":120416,"total":720,"nuevas":105,"lat":-4.12,"lng":-78.8,"semana":28},{"provincia":"Azuay","poblacion":881394,"total":2651,"nuevas":389,"lat":-2.8974140000000004,"lng":-79.004481,"semana":29},{"provincia":"Bolívar","poblacion":209933,"total":988,"nuevas":156,"lat":-1.6055560000000002,"lng":-79.003056,"semana":29},{"provincia":"Carchi","poblacion":186869,"total":587,"nuevas":128,"lat":0.81218,"lng":-77.71633,"semana":29},{"provincia":"Cañar","poblacion":281396,"total":643,"nuevas":35,"lat":-2.733333,"lng":-78.833333,"semana":29},{"provincia":"Chimborazo","poblacion":524004,"total":1104,"nuevas":124,"lat":-1.674347,"lng":-78.648294,"semana":29},{"provincia":"Cotopaxi","poblacion":488716,"total":1632,"nuevas":160,"lat":-0.933333,"lng":-78.616667,"semana":29},{"provincia":"El Oro","poblacion":715751,"total":2626,"nuevas":272,"lat":-3.2666670000000004,"lng":-79.966667,"semana":29},{"provincia":"Esmeraldas","poblacion":591083,"total":2868,"nuevas":345,"lat":1.05,"lng":-79.2,"semana":29},{"provincia":"Galápagos","poblacion":33042,"total":101,"nuevas":1,"lat":-0.7999999999999999,"lng":-89.4,"semana":29},{"provincia":"Guayas","poblacion":4387434,"total":17015,"nuevas":535,"lat":-2.183333,"lng":-79.883333,"semana":29},{"provincia":"Imbabura","poblacion":476257,"total":1128,"nuevas":268,"lat":0.362678,"lng":-78.130667,"semana":29},{"provincia":"Loja","poblacion":521154,"total":1712,"nuevas":389,"lat":-3.9833330000000005,"lng":-79.2,"semana":29},{"provincia":"Los Ríos","poblacion":921763,"total":2716,"nuevas":118,"lat":-1.8,"lng":-79.533333,"semana":29},{"provincia":"Manabí","poblacion":1562079,"total":5688,"nuevas":578,"lat":-1.056181,"lng":-80.455217,"semana":29},{"provincia":"Morona Santiago","poblacion":196535,"total":1590,"nuevas":304,"lat":-2.3000000000000003,"lng":-78.116667,"semana":29},{"provincia":"Napo","poblacion":133705,"total":814,"nuevas":88,"lat":-0.989,"lng":-77.8159,"semana":29},{"provincia":"Orellana","poblacion":161338,"total":1073,"nuevas":152,"lat":-0.466667,"lng":-76.966667,"semana":29},{"provincia":"Pastaza","poblacion":114202,"total":1119,"nuevas":157,"lat":-1.066667,"lng":-78.001111,"semana":29},{"provincia":"Pichincha","poblacion":3228233,"total":11714,"nuevas":1041,"lat":-0.218611,"lng":-78.509722,"semana":29},{"provincia":"Santa Elena","poblacion":401178,"total":1100,"nuevas":112,"lat":-2.2267,"lng":-80.8583,"semana":29},{"provincia":"Sto. Domingo Tsáchilas","poblacion":511151,"total":2874,"nuevas":320,"lat":-0.254167,"lng":-79.171944,"semana":29},{"provincia":"Sucumbíos","poblacion":230503,"total":822,"nuevas":178,"lat":0.08472200000000002,"lng":-76.882778,"semana":29},{"provincia":"Tungurahua","poblacion":590600,"total":1700,"nuevas":221,"lat":-1.241667,"lng":-78.619722,"semana":29},{"provincia":"Zamora Chinchipe","poblacion":120416,"total":792,"nuevas":72,"lat":-4.12,"lng":-78.8,"semana":29},{"provincia":"Azuay","poblacion":881394,"total":3013,"nuevas":362,"lat":-2.8974140000000004,"lng":-79.004481,"semana":30},{"provincia":"Bolívar","poblacion":209933,"total":1053,"nuevas":65,"lat":-1.6055560000000002,"lng":-79.003056,"semana":30},{"provincia":"Carchi","poblacion":186869,"total":774,"nuevas":187,"lat":0.81218,"lng":-77.71633,"semana":30},{"provincia":"Cañar","poblacion":281396,"total":691,"nuevas":48,"lat":-2.733333,"lng":-78.833333,"semana":30},{"provincia":"Chimborazo","poblacion":524004,"total":1253,"nuevas":149,"lat":-1.674347,"lng":-78.648294,"semana":30},{"provincia":"Cotopaxi","poblacion":488716,"total":1931,"nuevas":299,"lat":-0.933333,"lng":-78.616667,"semana":30},{"provincia":"El Oro","poblacion":715751,"total":2904,"nuevas":278,"lat":-3.2666670000000004,"lng":-79.966667,"semana":30},{"provincia":"Esmeraldas","poblacion":591083,"total":2970,"nuevas":102,"lat":1.05,"lng":-79.2,"semana":30},{"provincia":"Galápagos","poblacion":33042,"total":101,"nuevas":0,"lat":-0.7999999999999999,"lng":-89.4,"semana":30},{"provincia":"Guayas","poblacion":4387434,"total":17315,"nuevas":300,"lat":-2.183333,"lng":-79.883333,"semana":30},{"provincia":"Imbabura","poblacion":476257,"total":1269,"nuevas":141,"lat":0.362678,"lng":-78.130667,"semana":30},{"provincia":"Loja","poblacion":521154,"total":2111,"nuevas":399,"lat":-3.9833330000000005,"lng":-79.2,"semana":30},{"provincia":"Los Ríos","poblacion":921763,"total":2799,"nuevas":83,"lat":-1.8,"lng":-79.533333,"semana":30},{"provincia":"Manabí","poblacion":1562079,"total":6178,"nuevas":490,"lat":-1.056181,"lng":-80.455217,"semana":30},{"provincia":"Morona Santiago","poblacion":196535,"total":1888,"nuevas":298,"lat":-2.3000000000000003,"lng":-78.116667,"semana":30},{"provincia":"Napo","poblacion":133705,"total":892,"nuevas":78,"lat":-0.989,"lng":-77.8159,"semana":30},{"provincia":"Orellana","poblacion":161338,"total":1271,"nuevas":198,"lat":-0.466667,"lng":-76.966667,"semana":30},{"provincia":"Pastaza","poblacion":114202,"total":1326,"nuevas":207,"lat":-1.066667,"lng":-78.001111,"semana":30},{"provincia":"Pichincha","poblacion":3228233,"total":13811,"nuevas":2097,"lat":-0.218611,"lng":-78.509722,"semana":30},{"provincia":"Santa Elena","poblacion":401178,"total":1131,"nuevas":31,"lat":-2.2267,"lng":-80.8583,"semana":30},{"provincia":"Sto. Domingo Tsáchilas","poblacion":511151,"total":3162,"nuevas":288,"lat":-0.254167,"lng":-79.171944,"semana":30},{"provincia":"Sucumbíos","poblacion":230503,"total":1096,"nuevas":274,"lat":0.08472200000000002,"lng":-76.882778,"semana":30},{"provincia":"Tungurahua","poblacion":590600,"total":1904,"nuevas":204,"lat":-1.241667,"lng":-78.619722,"semana":30},{"provincia":"Zamora Chinchipe","poblacion":120416,"total":895,"nuevas":103,"lat":-4.12,"lng":-78.8,"semana":30},{"provincia":"Azuay","poblacion":881394,"total":3469,"nuevas":456,"lat":-2.8974140000000004,"lng":-79.004481,"semana":31},{"provincia":"Bolívar","poblacion":209933,"total":1160,"nuevas":107,"lat":-1.6055560000000002,"lng":-79.003056,"semana":31},{"provincia":"Carchi","poblacion":186869,"total":923,"nuevas":149,"lat":0.81218,"lng":-77.71633,"semana":31},{"provincia":"Cañar","poblacion":281396,"total":755,"nuevas":64,"lat":-2.733333,"lng":-78.833333,"semana":31},{"provincia":"Chimborazo","poblacion":524004,"total":1464,"nuevas":211,"lat":-1.674347,"lng":-78.648294,"semana":31},{"provincia":"Cotopaxi","poblacion":488716,"total":2132,"nuevas":201,"lat":-0.933333,"lng":-78.616667,"semana":31},{"provincia":"El Oro","poblacion":715751,"total":3248,"nuevas":344,"lat":-3.2666670000000004,"lng":-79.966667,"semana":31},{"provincia":"Esmeraldas","poblacion":591083,"total":3231,"nuevas":261,"lat":1.05,"lng":-79.2,"semana":31},{"provincia":"Galápagos","poblacion":33042,"total":103,"nuevas":2,"lat":-0.7999999999999999,"lng":-89.4,"semana":31},{"provincia":"Guayas","poblacion":4387434,"total":17583,"nuevas":268,"lat":-2.183333,"lng":-79.883333,"semana":31},{"provincia":"Imbabura","poblacion":476257,"total":1513,"nuevas":244,"lat":0.362678,"lng":-78.130667,"semana":31},{"provincia":"Loja","poblacion":521154,"total":2620,"nuevas":509,"lat":-3.9833330000000005,"lng":-79.2,"semana":31},{"provincia":"Los Ríos","poblacion":921763,"total":2869,"nuevas":70,"lat":-1.8,"lng":-79.533333,"semana":31},{"provincia":"Manabí","poblacion":1562079,"total":6577,"nuevas":399,"lat":-1.056181,"lng":-80.455217,"semana":31},{"provincia":"Morona Santiago","poblacion":196535,"total":2056,"nuevas":168,"lat":-2.3000000000000003,"lng":-78.116667,"semana":31},{"provincia":"Napo","poblacion":133705,"total":947,"nuevas":55,"lat":-0.989,"lng":-77.8159,"semana":31},{"provincia":"Orellana","poblacion":161338,"total":1336,"nuevas":65,"lat":-0.466667,"lng":-76.966667,"semana":31},{"provincia":"Pastaza","poblacion":114202,"total":1377,"nuevas":51,"lat":-1.066667,"lng":-78.001111,"semana":31},{"provincia":"Pichincha","poblacion":3228233,"total":14972,"nuevas":1161,"lat":-0.218611,"lng":-78.509722,"semana":31},{"provincia":"Santa Elena","poblacion":401178,"total":1151,"nuevas":20,"lat":-2.2267,"lng":-80.8583,"semana":31},{"provincia":"Sto. Domingo Tsáchilas","poblacion":511151,"total":3715,"nuevas":553,"lat":-0.254167,"lng":-79.171944,"semana":31},{"provincia":"Sucumbíos","poblacion":230503,"total":1220,"nuevas":124,"lat":0.08472200000000002,"lng":-76.882778,"semana":31},{"provincia":"Tungurahua","poblacion":590600,"total":2157,"nuevas":253,"lat":-1.241667,"lng":-78.619722,"semana":31},{"provincia":"Zamora Chinchipe","poblacion":120416,"total":990,"nuevas":95,"lat":-4.12,"lng":-78.8,"semana":31},{"provincia":"Azuay","poblacion":881394,"total":4008,"nuevas":539,"lat":-2.8974140000000004,"lng":-79.004481,"semana":32},{"provincia":"Bolívar","poblacion":209933,"total":1245,"nuevas":85,"lat":-1.6055560000000002,"lng":-79.003056,"semana":32},{"provincia":"Carchi","poblacion":186869,"total":1233,"nuevas":310,"lat":0.81218,"lng":-77.71633,"semana":32},{"provincia":"Cañar","poblacion":281396,"total":872,"nuevas":117,"lat":-2.733333,"lng":-78.833333,"semana":32},{"provincia":"Chimborazo","poblacion":524004,"total":1651,"nuevas":187,"lat":-1.674347,"lng":-78.648294,"semana":32},{"provincia":"Cotopaxi","poblacion":488716,"total":2389,"nuevas":257,"lat":-0.933333,"lng":-78.616667,"semana":32},{"provincia":"El Oro","poblacion":715751,"total":3588,"nuevas":340,"lat":-3.2666670000000004,"lng":-79.966667,"semana":32},{"provincia":"Esmeraldas","poblacion":591083,"total":3325,"nuevas":94,"lat":1.05,"lng":-79.2,"semana":32},{"provincia":"Galápagos","poblacion":33042,"total":104,"nuevas":1,"lat":-0.7999999999999999,"lng":-89.4,"semana":32},{"provincia":"Guayas","poblacion":4387434,"total":17915,"nuevas":332,"lat":-2.183333,"lng":-79.883333,"semana":32},{"provincia":"Imbabura","poblacion":476257,"total":1826,"nuevas":313,"lat":0.362678,"lng":-78.130667,"semana":32},{"provincia":"Loja","poblacion":521154,"total":3140,"nuevas":520,"lat":-3.9833330000000005,"lng":-79.2,"semana":32},{"provincia":"Los Ríos","poblacion":921763,"total":2948,"nuevas":79,"lat":-1.8,"lng":-79.533333,"semana":32},{"provincia":"Manabí","poblacion":1562079,"total":7088,"nuevas":511,"lat":-1.056181,"lng":-80.455217,"semana":32},{"provincia":"Morona Santiago","poblacion":196535,"total":2176,"nuevas":120,"lat":-2.3000000000000003,"lng":-78.116667,"semana":32},{"provincia":"Napo","poblacion":133705,"total":978,"nuevas":31,"lat":-0.989,"lng":-77.8159,"semana":32},{"provincia":"Orellana","poblacion":161338,"total":1436,"nuevas":100,"lat":-0.466667,"lng":-76.966667,"semana":32},{"provincia":"Pastaza","poblacion":114202,"total":1547,"nuevas":170,"lat":-1.066667,"lng":-78.001111,"semana":32},{"provincia":"Pichincha","poblacion":3228233,"total":17849,"nuevas":2877,"lat":-0.218611,"lng":-78.509722,"semana":32},{"provincia":"Santa Elena","poblacion":401178,"total":1169,"nuevas":18,"lat":-2.2267,"lng":-80.8583,"semana":32},{"provincia":"Sto. Domingo Tsáchilas","poblacion":511151,"total":4006,"nuevas":291,"lat":-0.254167,"lng":-79.171944,"semana":32},{"provincia":"Sucumbíos","poblacion":230503,"total":1591,"nuevas":371,"lat":0.08472200000000002,"lng":-76.882778,"semana":32},{"provincia":"Tungurahua","poblacion":590600,"total":2372,"nuevas":215,"lat":-1.241667,"lng":-78.619722,"semana":32},{"provincia":"Zamora Chinchipe","poblacion":120416,"total":1047,"nuevas":57,"lat":-4.12,"lng":-78.8,"semana":32},{"provincia":"Azuay","poblacion":881394,"total":4346,"nuevas":338,"lat":-2.8974140000000004,"lng":-79.004481,"semana":33},{"provincia":"Bolívar","poblacion":209933,"total":1336,"nuevas":91,"lat":-1.6055560000000002,"lng":-79.003056,"semana":33},{"provincia":"Carchi","poblacion":186869,"total":1468,"nuevas":235,"lat":0.81218,"lng":-77.71633,"semana":33},{"provincia":"Cañar","poblacion":281396,"total":925,"nuevas":53,"lat":-2.733333,"lng":-78.833333,"semana":33},{"provincia":"Chimborazo","poblacion":524004,"total":1764,"nuevas":113,"lat":-1.674347,"lng":-78.648294,"semana":33},{"provincia":"Cotopaxi","poblacion":488716,"total":2603,"nuevas":214,"lat":-0.933333,"lng":-78.616667,"semana":33},{"provincia":"El Oro","poblacion":715751,"total":3870,"nuevas":282,"lat":-3.2666670000000004,"lng":-79.966667,"semana":33},{"provincia":"Esmeraldas","poblacion":591083,"total":3415,"nuevas":90,"lat":1.05,"lng":-79.2,"semana":33},{"provincia":"Galápagos","poblacion":33042,"total":106,"nuevas":2,"lat":-0.7999999999999999,"lng":-89.4,"semana":33},{"provincia":"Guayas","poblacion":4387434,"total":18327,"nuevas":412,"lat":-2.183333,"lng":-79.883333,"semana":33},{"provincia":"Imbabura","poblacion":476257,"total":2301,"nuevas":475,"lat":0.362678,"lng":-78.130667,"semana":33},{"provincia":"Loja","poblacion":521154,"total":3489,"nuevas":349,"lat":-3.9833330000000005,"lng":-79.2,"semana":33},{"provincia":"Los Ríos","poblacion":921763,"total":2997,"nuevas":49,"lat":-1.8,"lng":-79.533333,"semana":33},{"provincia":"Manabí","poblacion":1562079,"total":7485,"nuevas":397,"lat":-1.056181,"lng":-80.455217,"semana":33},{"provincia":"Morona Santiago","poblacion":196535,"total":2273,"nuevas":97,"lat":-2.3000000000000003,"lng":-78.116667,"semana":33},{"provincia":"Napo","poblacion":133705,"total":1009,"nuevas":31,"lat":-0.989,"lng":-77.8159,"semana":33},{"provincia":"Orellana","poblacion":161338,"total":1489,"nuevas":53,"lat":-0.466667,"lng":-76.966667,"semana":33},{"provincia":"Pastaza","poblacion":114202,"total":1708,"nuevas":161,"lat":-1.066667,"lng":-78.001111,"semana":33},{"provincia":"Pichincha","poblacion":3228233,"total":20510,"nuevas":2661,"lat":-0.218611,"lng":-78.509722,"semana":33},{"provincia":"Santa Elena","poblacion":401178,"total":1190,"nuevas":21,"lat":-2.2267,"lng":-80.8583,"semana":33},{"provincia":"Sto. Domingo Tsáchilas","poblacion":511151,"total":4254,"nuevas":248,"lat":-0.254167,"lng":-79.171944,"semana":33},{"provincia":"Sucumbíos","poblacion":230503,"total":1786,"nuevas":195,"lat":0.08472200000000002,"lng":-76.882778,"semana":33},{"provincia":"Tungurahua","poblacion":590600,"total":2851,"nuevas":479,"lat":-1.241667,"lng":-78.619722,"semana":33},{"provincia":"Zamora Chinchipe","poblacion":120416,"total":1084,"nuevas":37,"lat":-4.12,"lng":-78.8,"semana":33},{"provincia":"Azuay","poblacion":881394,"total":4777,"nuevas":431,"lat":-2.8974140000000004,"lng":-79.004481,"semana":34},{"provincia":"Bolívar","poblacion":209933,"total":1378,"nuevas":42,"lat":-1.6055560000000002,"lng":-79.003056,"semana":34},{"provincia":"Carchi","poblacion":186869,"total":1763,"nuevas":295,"lat":0.81218,"lng":-77.71633,"semana":34},{"provincia":"Cañar","poblacion":281396,"total":1106,"nuevas":181,"lat":-2.733333,"lng":-78.833333,"semana":34},{"provincia":"Chimborazo","poblacion":524004,"total":1882,"nuevas":118,"lat":-1.674347,"lng":-78.648294,"semana":34},{"provincia":"Cotopaxi","poblacion":488716,"total":2861,"nuevas":258,"lat":-0.933333,"lng":-78.616667,"semana":34},{"provincia":"El Oro","poblacion":715751,"total":4103,"nuevas":233,"lat":-3.2666670000000004,"lng":-79.966667,"semana":34},{"provincia":"Esmeraldas","poblacion":591083,"total":3482,"nuevas":67,"lat":1.05,"lng":-79.2,"semana":34},{"provincia":"Galápagos","poblacion":33042,"total":109,"nuevas":3,"lat":-0.7999999999999999,"lng":-89.4,"semana":34},{"provincia":"Guayas","poblacion":4387434,"total":18489,"nuevas":162,"lat":-2.183333,"lng":-79.883333,"semana":34},{"provincia":"Imbabura","poblacion":476257,"total":2644,"nuevas":343,"lat":0.362678,"lng":-78.130667,"semana":34},{"provincia":"Loja","poblacion":521154,"total":4053,"nuevas":564,"lat":-3.9833330000000005,"lng":-79.2,"semana":34},{"provincia":"Los Ríos","poblacion":921763,"total":3070,"nuevas":73,"lat":-1.8,"lng":-79.533333,"semana":34},{"provincia":"Manabí","poblacion":1562079,"total":7947,"nuevas":462,"lat":-1.056181,"lng":-80.455217,"semana":34},{"provincia":"Morona Santiago","poblacion":196535,"total":2398,"nuevas":125,"lat":-2.3000000000000003,"lng":-78.116667,"semana":34},{"provincia":"Napo","poblacion":133705,"total":1122,"nuevas":113,"lat":-0.989,"lng":-77.8159,"semana":34},{"provincia":"Orellana","poblacion":161338,"total":1553,"nuevas":64,"lat":-0.466667,"lng":-76.966667,"semana":34},{"provincia":"Pastaza","poblacion":114202,"total":1802,"nuevas":94,"lat":-1.066667,"lng":-78.001111,"semana":34},{"provincia":"Pichincha","poblacion":3228233,"total":22388,"nuevas":1878,"lat":-0.218611,"lng":-78.509722,"semana":34},{"provincia":"Santa Elena","poblacion":401178,"total":1234,"nuevas":44,"lat":-2.2267,"lng":-80.8583,"semana":34},{"provincia":"Sto. Domingo Tsáchilas","poblacion":511151,"total":4345,"nuevas":91,"lat":-0.254167,"lng":-79.171944,"semana":34},{"provincia":"Sucumbíos","poblacion":230503,"total":1941,"nuevas":155,"lat":0.08472200000000002,"lng":-76.882778,"semana":34},{"provincia":"Tungurahua","poblacion":590600,"total":3200,"nuevas":349,"lat":-1.241667,"lng":-78.619722,"semana":34},{"provincia":"Zamora Chinchipe","poblacion":120416,"total":1166,"nuevas":82,"lat":-4.12,"lng":-78.8,"semana":34},{"provincia":"Azuay","poblacion":881394,"total":5454,"nuevas":677,"lat":-2.8974140000000004,"lng":-79.004481,"semana":35},{"provincia":"Bolívar","poblacion":209933,"total":1438,"nuevas":60,"lat":-1.6055560000000002,"lng":-79.003056,"semana":35},{"provincia":"Carchi","poblacion":186869,"total":1935,"nuevas":172,"lat":0.81218,"lng":-77.71633,"semana":35},{"provincia":"Cañar","poblacion":281396,"total":1321,"nuevas":215,"lat":-2.733333,"lng":-78.833333,"semana":35},{"provincia":"Chimborazo","poblacion":524004,"total":2020,"nuevas":138,"lat":-1.674347,"lng":-78.648294,"semana":35},{"provincia":"Cotopaxi","poblacion":488716,"total":3002,"nuevas":141,"lat":-0.933333,"lng":-78.616667,"semana":35},{"provincia":"El Oro","poblacion":715751,"total":4376,"nuevas":273,"lat":-3.2666670000000004,"lng":-79.966667,"semana":35},{"provincia":"Esmeraldas","poblacion":591083,"total":3543,"nuevas":61,"lat":1.05,"lng":-79.2,"semana":35},{"provincia":"Galápagos","poblacion":33042,"total":109,"nuevas":0,"lat":-0.7999999999999999,"lng":-89.4,"semana":35},{"provincia":"Guayas","poblacion":4387434,"total":18831,"nuevas":342,"lat":-2.183333,"lng":-79.883333,"semana":35},{"provincia":"Imbabura","poblacion":476257,"total":2881,"nuevas":237,"lat":0.362678,"lng":-78.130667,"semana":35},{"provincia":"Loja","poblacion":521154,"total":4386,"nuevas":333,"lat":-3.9833330000000005,"lng":-79.2,"semana":35},{"provincia":"Los Ríos","poblacion":921763,"total":3273,"nuevas":203,"lat":-1.8,"lng":-79.533333,"semana":35},{"provincia":"Manabí","poblacion":1562079,"total":8482,"nuevas":535,"lat":-1.056181,"lng":-80.455217,"semana":35},{"provincia":"Morona Santiago","poblacion":196535,"total":2467,"nuevas":69,"lat":-2.3000000000000003,"lng":-78.116667,"semana":35},{"provincia":"Napo","poblacion":133705,"total":1153,"nuevas":31,"lat":-0.989,"lng":-77.8159,"semana":35},{"provincia":"Orellana","poblacion":161338,"total":1618,"nuevas":65,"lat":-0.466667,"lng":-76.966667,"semana":35},{"provincia":"Pastaza","poblacion":114202,"total":1908,"nuevas":106,"lat":-1.066667,"lng":-78.001111,"semana":35},{"provincia":"Pichincha","poblacion":3228233,"total":23865,"nuevas":1477,"lat":-0.218611,"lng":-78.509722,"semana":35},{"provincia":"Santa Elena","poblacion":401178,"total":1293,"nuevas":59,"lat":-2.2267,"lng":-80.8583,"semana":35},{"provincia":"Sto. Domingo Tsáchilas","poblacion":511151,"total":4501,"nuevas":156,"lat":-0.254167,"lng":-79.171944,"semana":35},{"provincia":"Sucumbíos","poblacion":230503,"total":2257,"nuevas":316,"lat":0.08472200000000002,"lng":-76.882778,"semana":35},{"provincia":"Tungurahua","poblacion":590600,"total":3347,"nuevas":147,"lat":-1.241667,"lng":-78.619722,"semana":35},{"provincia":"Zamora Chinchipe","poblacion":120416,"total":1232,"nuevas":66,"lat":-4.12,"lng":-78.8,"semana":35},{"provincia":"Azuay","poblacion":881394,"total":6453,"nuevas":999,"lat":-2.8974140000000004,"lng":-79.004481,"semana":36},{"provincia":"Bolívar","poblacion":209933,"total":1503,"nuevas":65,"lat":-1.6055560000000002,"lng":-79.003056,"semana":36},{"provincia":"Carchi","poblacion":186869,"total":2068,"nuevas":133,"lat":0.81218,"lng":-77.71633,"semana":36},{"provincia":"Cañar","poblacion":281396,"total":1443,"nuevas":122,"lat":-2.733333,"lng":-78.833333,"semana":36},{"provincia":"Chimborazo","poblacion":524004,"total":2091,"nuevas":71,"lat":-1.674347,"lng":-78.648294,"semana":36},{"provincia":"Cotopaxi","poblacion":488716,"total":3222,"nuevas":220,"lat":-0.933333,"lng":-78.616667,"semana":36},{"provincia":"El Oro","poblacion":715751,"total":4707,"nuevas":331,"lat":-3.2666670000000004,"lng":-79.966667,"semana":36},{"provincia":"Esmeraldas","poblacion":591083,"total":3581,"nuevas":38,"lat":1.05,"lng":-79.2,"semana":36},{"provincia":"Galápagos","poblacion":33042,"total":109,"nuevas":0,"lat":-0.7999999999999999,"lng":-89.4,"semana":36},{"provincia":"Guayas","poblacion":4387434,"total":19050,"nuevas":219,"lat":-2.183333,"lng":-79.883333,"semana":36},{"provincia":"Imbabura","poblacion":476257,"total":3067,"nuevas":186,"lat":0.362678,"lng":-78.130667,"semana":36},{"provincia":"Loja","poblacion":521154,"total":4742,"nuevas":356,"lat":-3.9833330000000005,"lng":-79.2,"semana":36},{"provincia":"Los Ríos","poblacion":921763,"total":3316,"nuevas":43,"lat":-1.8,"lng":-79.533333,"semana":36},{"provincia":"Manabí","poblacion":1562079,"total":8790,"nuevas":308,"lat":-1.056181,"lng":-80.455217,"semana":36},{"provincia":"Morona Santiago","poblacion":196535,"total":2525,"nuevas":58,"lat":-2.3000000000000003,"lng":-78.116667,"semana":36},{"provincia":"Napo","poblacion":133705,"total":1176,"nuevas":23,"lat":-0.989,"lng":-77.8159,"semana":36},{"provincia":"Orellana","poblacion":161338,"total":1648,"nuevas":30,"lat":-0.466667,"lng":-76.966667,"semana":36},{"provincia":"Pastaza","poblacion":114202,"total":1971,"nuevas":63,"lat":-1.066667,"lng":-78.001111,"semana":36},{"provincia":"Pichincha","poblacion":3228233,"total":25065,"nuevas":1200,"lat":-0.218611,"lng":-78.509722,"semana":36},{"provincia":"Santa Elena","poblacion":401178,"total":1326,"nuevas":33,"lat":-2.2267,"lng":-80.8583,"semana":36},{"provincia":"Sto. Domingo Tsáchilas","poblacion":511151,"total":4580,"nuevas":79,"lat":-0.254167,"lng":-79.171944,"semana":36},{"provincia":"Sucumbíos","poblacion":230503,"total":2344,"nuevas":87,"lat":0.08472200000000002,"lng":-76.882778,"semana":36},{"provincia":"Tungurahua","poblacion":590600,"total":3655,"nuevas":308,"lat":-1.241667,"lng":-78.619722,"semana":36},{"provincia":"Zamora Chinchipe","poblacion":120416,"total":1352,"nuevas":120,"lat":-4.12,"lng":-78.8,"semana":36},{"provincia":"Azuay","poblacion":881394,"total":7120,"nuevas":667,"lat":-2.8974140000000004,"lng":-79.004481,"semana":37},{"provincia":"Bolívar","poblacion":209933,"total":1600,"nuevas":97,"lat":-1.6055560000000002,"lng":-79.003056,"semana":37},{"provincia":"Carchi","poblacion":186869,"total":2219,"nuevas":151,"lat":0.81218,"lng":-77.71633,"semana":37},{"provincia":"Cañar","poblacion":281396,"total":1620,"nuevas":177,"lat":-2.733333,"lng":-78.833333,"semana":37},{"provincia":"Chimborazo","poblacion":524004,"total":2176,"nuevas":85,"lat":-1.674347,"lng":-78.648294,"semana":37},{"provincia":"Cotopaxi","poblacion":488716,"total":3360,"nuevas":138,"lat":-0.933333,"lng":-78.616667,"semana":37},{"provincia":"El Oro","poblacion":715751,"total":5053,"nuevas":346,"lat":-3.2666670000000004,"lng":-79.966667,"semana":37},{"provincia":"Esmeraldas","poblacion":591083,"total":3639,"nuevas":58,"lat":1.05,"lng":-79.2,"semana":37},{"provincia":"Galápagos","poblacion":33042,"total":182,"nuevas":73,"lat":-0.7999999999999999,"lng":-89.4,"semana":37},{"provincia":"Guayas","poblacion":4387434,"total":19899,"nuevas":849,"lat":-2.183333,"lng":-79.883333,"semana":37},{"provincia":"Imbabura","poblacion":476257,"total":3315,"nuevas":248,"lat":0.362678,"lng":-78.130667,"semana":37},{"provincia":"Loja","poblacion":521154,"total":4944,"nuevas":202,"lat":-3.9833330000000005,"lng":-79.2,"semana":37},{"provincia":"Los Ríos","poblacion":921763,"total":3455,"nuevas":139,"lat":-1.8,"lng":-79.533333,"semana":37},{"provincia":"Manabí","poblacion":1562079,"total":9313,"nuevas":523,"lat":-1.056181,"lng":-80.455217,"semana":37},{"provincia":"Morona Santiago","poblacion":196535,"total":2578,"nuevas":53,"lat":-2.3000000000000003,"lng":-78.116667,"semana":37},{"provincia":"Napo","poblacion":133705,"total":1206,"nuevas":30,"lat":-0.989,"lng":-77.8159,"semana":37},{"provincia":"Orellana","poblacion":161338,"total":1666,"nuevas":18,"lat":-0.466667,"lng":-76.966667,"semana":37},{"provincia":"Pastaza","poblacion":114202,"total":2030,"nuevas":59,"lat":-1.066667,"lng":-78.001111,"semana":37},{"provincia":"Pichincha","poblacion":3228233,"total":29183,"nuevas":4118,"lat":-0.218611,"lng":-78.509722,"semana":37},{"provincia":"Santa Elena","poblacion":401178,"total":1438,"nuevas":112,"lat":-2.2267,"lng":-80.8583,"semana":37},{"provincia":"Sto. Domingo Tsáchilas","poblacion":511151,"total":4714,"nuevas":134,"lat":-0.254167,"lng":-79.171944,"semana":37},{"provincia":"Sucumbíos","poblacion":230503,"total":2411,"nuevas":67,"lat":0.08472200000000002,"lng":-76.882778,"semana":37},{"provincia":"Tungurahua","poblacion":590600,"total":4062,"nuevas":407,"lat":-1.241667,"lng":-78.619722,"semana":37},{"provincia":"Zamora Chinchipe","poblacion":120416,"total":1411,"nuevas":59,"lat":-4.12,"lng":-78.8,"semana":37},{"provincia":"Azuay","poblacion":881394,"total":8086,"nuevas":966,"lat":-2.8974140000000004,"lng":-79.004481,"semana":38},{"provincia":"Bolívar","poblacion":209933,"total":1716,"nuevas":116,"lat":-1.6055560000000002,"lng":-79.003056,"semana":38},{"provincia":"Carchi","poblacion":186869,"total":2400,"nuevas":181,"lat":0.81218,"lng":-77.71633,"semana":38},{"provincia":"Cañar","poblacion":281396,"total":1713,"nuevas":93,"lat":-2.733333,"lng":-78.833333,"semana":38},{"provincia":"Chimborazo","poblacion":524004,"total":2215,"nuevas":39,"lat":-1.674347,"lng":-78.648294,"semana":38},{"provincia":"Cotopaxi","poblacion":488716,"total":3569,"nuevas":209,"lat":-0.933333,"lng":-78.616667,"semana":38},{"provincia":"El Oro","poblacion":715751,"total":5277,"nuevas":224,"lat":-3.2666670000000004,"lng":-79.966667,"semana":38},{"provincia":"Esmeraldas","poblacion":591083,"total":3678,"nuevas":39,"lat":1.05,"lng":-79.2,"semana":38},{"provincia":"Galápagos","poblacion":33042,"total":186,"nuevas":4,"lat":-0.7999999999999999,"lng":-89.4,"semana":38},{"provincia":"Guayas","poblacion":4387434,"total":20192,"nuevas":293,"lat":-2.183333,"lng":-79.883333,"semana":38},{"provincia":"Imbabura","poblacion":476257,"total":3563,"nuevas":248,"lat":0.362678,"lng":-78.130667,"semana":38},{"provincia":"Loja","poblacion":521154,"total":5112,"nuevas":168,"lat":-3.9833330000000005,"lng":-79.2,"semana":38},{"provincia":"Los Ríos","poblacion":921763,"total":3470,"nuevas":15,"lat":-1.8,"lng":-79.533333,"semana":38},{"provincia":"Manabí","poblacion":1562079,"total":9440,"nuevas":127,"lat":-1.056181,"lng":-80.455217,"semana":38},{"provincia":"Morona Santiago","poblacion":196535,"total":2647,"nuevas":69,"lat":-2.3000000000000003,"lng":-78.116667,"semana":38},{"provincia":"Napo","poblacion":133705,"total":1260,"nuevas":54,"lat":-0.989,"lng":-77.8159,"semana":38},{"provincia":"Orellana","poblacion":161338,"total":1683,"nuevas":17,"lat":-0.466667,"lng":-76.966667,"semana":38},{"provincia":"Pastaza","poblacion":114202,"total":2074,"nuevas":44,"lat":-1.066667,"lng":-78.001111,"semana":38},{"provincia":"Pichincha","poblacion":3228233,"total":33435,"nuevas":4252,"lat":-0.218611,"lng":-78.509722,"semana":38},{"provincia":"Santa Elena","poblacion":401178,"total":1445,"nuevas":7,"lat":-2.2267,"lng":-80.8583,"semana":38},{"provincia":"Sto. Domingo Tsáchilas","poblacion":511151,"total":4762,"nuevas":48,"lat":-0.254167,"lng":-79.171944,"semana":38},{"provincia":"Sucumbíos","poblacion":230503,"total":2507,"nuevas":96,"lat":0.08472200000000002,"lng":-76.882778,"semana":38},{"provincia":"Tungurahua","poblacion":590600,"total":4544,"nuevas":482,"lat":-1.241667,"lng":-78.619722,"semana":38},{"provincia":"Zamora Chinchipe","poblacion":120416,"total":1445,"nuevas":34,"lat":-4.12,"lng":-78.8,"semana":38},{"provincia":"Azuay","poblacion":881394,"total":8815,"nuevas":729,"lat":-2.8974140000000004,"lng":-79.004481,"semana":39},{"provincia":"Bolívar","poblacion":209933,"total":1762,"nuevas":46,"lat":-1.6055560000000002,"lng":-79.003056,"semana":39},{"provincia":"Carchi","poblacion":186869,"total":2583,"nuevas":183,"lat":0.81218,"lng":-77.71633,"semana":39},{"provincia":"Cañar","poblacion":281396,"total":1890,"nuevas":177,"lat":-2.733333,"lng":-78.833333,"semana":39},{"provincia":"Chimborazo","poblacion":524004,"total":2264,"nuevas":49,"lat":-1.674347,"lng":-78.648294,"semana":39},{"provincia":"Cotopaxi","poblacion":488716,"total":3708,"nuevas":139,"lat":-0.933333,"lng":-78.616667,"semana":39},{"provincia":"El Oro","poblacion":715751,"total":5382,"nuevas":105,"lat":-3.2666670000000004,"lng":-79.966667,"semana":39},{"provincia":"Esmeraldas","poblacion":591083,"total":3723,"nuevas":45,"lat":1.05,"lng":-79.2,"semana":39},{"provincia":"Galápagos","poblacion":33042,"total":197,"nuevas":11,"lat":-0.7999999999999999,"lng":-89.4,"semana":39},{"provincia":"Guayas","poblacion":4387434,"total":20351,"nuevas":159,"lat":-2.183333,"lng":-79.883333,"semana":39},{"provincia":"Imbabura","poblacion":476257,"total":3867,"nuevas":304,"lat":0.362678,"lng":-78.130667,"semana":39},{"provincia":"Loja","poblacion":521154,"total":5373,"nuevas":261,"lat":-3.9833330000000005,"lng":-79.2,"semana":39},{"provincia":"Los Ríos","poblacion":921763,"total":3674,"nuevas":204,"lat":-1.8,"lng":-79.533333,"semana":39},{"provincia":"Manabí","poblacion":1562079,"total":9680,"nuevas":240,"lat":-1.056181,"lng":-80.455217,"semana":39},{"provincia":"Morona Santiago","poblacion":196535,"total":2705,"nuevas":58,"lat":-2.3000000000000003,"lng":-78.116667,"semana":39},{"provincia":"Napo","poblacion":133705,"total":1300,"nuevas":40,"lat":-0.989,"lng":-77.8159,"semana":39},{"provincia":"Orellana","poblacion":161338,"total":1724,"nuevas":41,"lat":-0.466667,"lng":-76.966667,"semana":39},{"provincia":"Pastaza","poblacion":114202,"total":2108,"nuevas":34,"lat":-1.066667,"lng":-78.001111,"semana":39},{"provincia":"Pichincha","poblacion":3228233,"total":38628,"nuevas":5193,"lat":-0.218611,"lng":-78.509722,"semana":39},{"provincia":"Santa Elena","poblacion":401178,"total":1473,"nuevas":28,"lat":-2.2267,"lng":-80.8583,"semana":39},{"provincia":"Sto. Domingo Tsáchilas","poblacion":511151,"total":4863,"nuevas":101,"lat":-0.254167,"lng":-79.171944,"semana":39},{"provincia":"Sucumbíos","poblacion":230503,"total":2539,"nuevas":32,"lat":0.08472200000000002,"lng":-76.882778,"semana":39},{"provincia":"Tungurahua","poblacion":590600,"total":4665,"nuevas":121,"lat":-1.241667,"lng":-78.619722,"semana":39},{"provincia":"Zamora Chinchipe","poblacion":120416,"total":1473,"nuevas":28,"lat":-4.12,"lng":-78.8,"semana":39},{"provincia":"Azuay","poblacion":881394,"total":9286,"nuevas":471,"lat":-2.8974140000000004,"lng":-79.004481,"semana":40},{"provincia":"Bolívar","poblacion":209933,"total":1809,"nuevas":47,"lat":-1.6055560000000002,"lng":-79.003056,"semana":40},{"provincia":"Carchi","poblacion":186869,"total":2735,"nuevas":152,"lat":0.81218,"lng":-77.71633,"semana":40},{"provincia":"Cañar","poblacion":281396,"total":1939,"nuevas":49,"lat":-2.733333,"lng":-78.833333,"semana":40},{"provincia":"Chimborazo","poblacion":524004,"total":2316,"nuevas":52,"lat":-1.674347,"lng":-78.648294,"semana":40},{"provincia":"Cotopaxi","poblacion":488716,"total":3973,"nuevas":265,"lat":-0.933333,"lng":-78.616667,"semana":40},{"provincia":"El Oro","poblacion":715751,"total":5640,"nuevas":258,"lat":-3.2666670000000004,"lng":-79.966667,"semana":40},{"provincia":"Esmeraldas","poblacion":591083,"total":3791,"nuevas":68,"lat":1.05,"lng":-79.2,"semana":40},{"provincia":"Galápagos","poblacion":33042,"total":199,"nuevas":2,"lat":-0.7999999999999999,"lng":-89.4,"semana":40},{"provincia":"Guayas","poblacion":4387434,"total":20516,"nuevas":165,"lat":-2.183333,"lng":-79.883333,"semana":40},{"provincia":"Imbabura","poblacion":476257,"total":4169,"nuevas":302,"lat":0.362678,"lng":-78.130667,"semana":40},{"provincia":"Loja","poblacion":521154,"total":5648,"nuevas":275,"lat":-3.9833330000000005,"lng":-79.2,"semana":40},{"provincia":"Los Ríos","poblacion":921763,"total":3724,"nuevas":50,"lat":-1.8,"lng":-79.533333,"semana":40},{"provincia":"Manabí","poblacion":1562079,"total":9909,"nuevas":229,"lat":-1.056181,"lng":-80.455217,"semana":40},{"provincia":"Morona Santiago","poblacion":196535,"total":2760,"nuevas":55,"lat":-2.3000000000000003,"lng":-78.116667,"semana":40},{"provincia":"Napo","poblacion":133705,"total":1377,"nuevas":77,"lat":-0.989,"lng":-77.8159,"semana":40},{"provincia":"Orellana","poblacion":161338,"total":1739,"nuevas":15,"lat":-0.466667,"lng":-76.966667,"semana":40},{"provincia":"Pastaza","poblacion":114202,"total":2191,"nuevas":83,"lat":-1.066667,"lng":-78.001111,"semana":40},{"provincia":"Pichincha","poblacion":3228233,"total":42018,"nuevas":3390,"lat":-0.218611,"lng":-78.509722,"semana":40},{"provincia":"Santa Elena","poblacion":401178,"total":1498,"nuevas":25,"lat":-2.2267,"lng":-80.8583,"semana":40},{"provincia":"Sto. Domingo Tsáchilas","poblacion":511151,"total":4952,"nuevas":89,"lat":-0.254167,"lng":-79.171944,"semana":40},{"provincia":"Sucumbíos","poblacion":230503,"total":2587,"nuevas":48,"lat":0.08472200000000002,"lng":-76.882778,"semana":40},{"provincia":"Tungurahua","poblacion":590600,"total":4746,"nuevas":81,"lat":-1.241667,"lng":-78.619722,"semana":40},{"provincia":"Zamora Chinchipe","poblacion":120416,"total":1512,"nuevas":39,"lat":-4.12,"lng":-78.8,"semana":40},{"provincia":"Azuay","poblacion":881394,"total":9575,"nuevas":289,"lat":-2.8974140000000004,"lng":-79.004481,"semana":41},{"provincia":"Bolívar","poblacion":209933,"total":1875,"nuevas":66,"lat":-1.6055560000000002,"lng":-79.003056,"semana":41},{"provincia":"Carchi","poblacion":186869,"total":2817,"nuevas":82,"lat":0.81218,"lng":-77.71633,"semana":41},{"provincia":"Cañar","poblacion":281396,"total":1985,"nuevas":46,"lat":-2.733333,"lng":-78.833333,"semana":41},{"provincia":"Chimborazo","poblacion":524004,"total":2372,"nuevas":56,"lat":-1.674347,"lng":-78.648294,"semana":41},{"provincia":"Cotopaxi","poblacion":488716,"total":4122,"nuevas":149,"lat":-0.933333,"lng":-78.616667,"semana":41},{"provincia":"El Oro","poblacion":715751,"total":5833,"nuevas":193,"lat":-3.2666670000000004,"lng":-79.966667,"semana":41},{"provincia":"Esmeraldas","poblacion":591083,"total":3858,"nuevas":67,"lat":1.05,"lng":-79.2,"semana":41},{"provincia":"Galápagos","poblacion":33042,"total":200,"nuevas":1,"lat":-0.7999999999999999,"lng":-89.4,"semana":41},{"provincia":"Guayas","poblacion":4387434,"total":20735,"nuevas":219,"lat":-2.183333,"lng":-79.883333,"semana":41},{"provincia":"Imbabura","poblacion":476257,"total":4326,"nuevas":157,"lat":0.362678,"lng":-78.130667,"semana":41},{"provincia":"Loja","poblacion":521154,"total":5737,"nuevas":89,"lat":-3.9833330000000005,"lng":-79.2,"semana":41},{"provincia":"Los Ríos","poblacion":921763,"total":3775,"nuevas":51,"lat":-1.8,"lng":-79.533333,"semana":41},{"provincia":"Manabí","poblacion":1562079,"total":10151,"nuevas":242,"lat":-1.056181,"lng":-80.455217,"semana":41},{"provincia":"Morona Santiago","poblacion":196535,"total":2816,"nuevas":56,"lat":-2.3000000000000003,"lng":-78.116667,"semana":41},{"provincia":"Napo","poblacion":133705,"total":1391,"nuevas":14,"lat":-0.989,"lng":-77.8159,"semana":41},{"provincia":"Orellana","poblacion":161338,"total":1777,"nuevas":38,"lat":-0.466667,"lng":-76.966667,"semana":41},{"provincia":"Pastaza","poblacion":114202,"total":2205,"nuevas":14,"lat":-1.066667,"lng":-78.001111,"semana":41},{"provincia":"Pichincha","poblacion":3228233,"total":45958,"nuevas":3940,"lat":-0.218611,"lng":-78.509722,"semana":41},{"provincia":"Santa Elena","poblacion":401178,"total":1522,"nuevas":24,"lat":-2.2267,"lng":-80.8583,"semana":41},{"provincia":"Sto. Domingo Tsáchilas","poblacion":511151,"total":5007,"nuevas":55,"lat":-0.254167,"lng":-79.171944,"semana":41},{"provincia":"Sucumbíos","poblacion":230503,"total":2625,"nuevas":38,"lat":0.08472200000000002,"lng":-76.882778,"semana":41},{"provincia":"Tungurahua","poblacion":590600,"total":4828,"nuevas":82,"lat":-1.241667,"lng":-78.619722,"semana":41},{"provincia":"Zamora Chinchipe","poblacion":120416,"total":1543,"nuevas":31,"lat":-4.12,"lng":-78.8,"semana":41},{"provincia":"Azuay","poblacion":881394,"total":9997,"nuevas":422,"lat":-2.8974140000000004,"lng":-79.004481,"semana":42},{"provincia":"Bolívar","poblacion":209933,"total":1947,"nuevas":72,"lat":-1.6055560000000002,"lng":-79.003056,"semana":42},{"provincia":"Carchi","poblacion":186869,"total":2908,"nuevas":91,"lat":0.81218,"lng":-77.71633,"semana":42},{"provincia":"Cañar","poblacion":281396,"total":2029,"nuevas":44,"lat":-2.733333,"lng":-78.833333,"semana":42},{"provincia":"Chimborazo","poblacion":524004,"total":2414,"nuevas":42,"lat":-1.674347,"lng":-78.648294,"semana":42},{"provincia":"Cotopaxi","poblacion":488716,"total":4225,"nuevas":103,"lat":-0.933333,"lng":-78.616667,"semana":42},{"provincia":"El Oro","poblacion":715751,"total":6028,"nuevas":195,"lat":-3.2666670000000004,"lng":-79.966667,"semana":42},{"provincia":"Esmeraldas","poblacion":591083,"total":4050,"nuevas":192,"lat":1.05,"lng":-79.2,"semana":42},{"provincia":"Galápagos","poblacion":33042,"total":212,"nuevas":12,"lat":-0.7999999999999999,"lng":-89.4,"semana":42},{"provincia":"Guayas","poblacion":4387434,"total":21110,"nuevas":375,"lat":-2.183333,"lng":-79.883333,"semana":42},{"provincia":"Imbabura","poblacion":476257,"total":4507,"nuevas":181,"lat":0.362678,"lng":-78.130667,"semana":42},{"provincia":"Loja","poblacion":521154,"total":5918,"nuevas":181,"lat":-3.9833330000000005,"lng":-79.2,"semana":42},{"provincia":"Los Ríos","poblacion":921763,"total":3844,"nuevas":69,"lat":-1.8,"lng":-79.533333,"semana":42},{"provincia":"Manabí","poblacion":1562079,"total":10409,"nuevas":258,"lat":-1.056181,"lng":-80.455217,"semana":42},{"provincia":"Morona Santiago","poblacion":196535,"total":2880,"nuevas":64,"lat":-2.3000000000000003,"lng":-78.116667,"semana":42},{"provincia":"Napo","poblacion":133705,"total":1413,"nuevas":22,"lat":-0.989,"lng":-77.8159,"semana":42},{"provincia":"Orellana","poblacion":161338,"total":1832,"nuevas":55,"lat":-0.466667,"lng":-76.966667,"semana":42},{"provincia":"Pastaza","poblacion":114202,"total":2215,"nuevas":10,"lat":-1.066667,"lng":-78.001111,"semana":42},{"provincia":"Pichincha","poblacion":3228233,"total":49528,"nuevas":3570,"lat":-0.218611,"lng":-78.509722,"semana":42},{"provincia":"Santa Elena","poblacion":401178,"total":1567,"nuevas":45,"lat":-2.2267,"lng":-80.8583,"semana":42},{"provincia":"Sto. Domingo Tsáchilas","poblacion":511151,"total":5118,"nuevas":111,"lat":-0.254167,"lng":-79.171944,"semana":42},{"provincia":"Sucumbíos","poblacion":230503,"total":2672,"nuevas":47,"lat":0.08472200000000002,"lng":-76.882778,"semana":42},{"provincia":"Tungurahua","poblacion":590600,"total":4912,"nuevas":84,"lat":-1.241667,"lng":-78.619722,"semana":42},{"provincia":"Zamora Chinchipe","poblacion":120416,"total":1554,"nuevas":11,"lat":-4.12,"lng":-78.8,"semana":42},{"provincia":"Azuay","poblacion":881394,"total":10402,"nuevas":405,"lat":-2.8974140000000004,"lng":-79.004481,"semana":43},{"provincia":"Bolívar","poblacion":209933,"total":2043,"nuevas":96,"lat":-1.6055560000000002,"lng":-79.003056,"semana":43},{"provincia":"Carchi","poblacion":186869,"total":2977,"nuevas":69,"lat":0.81218,"lng":-77.71633,"semana":43},{"provincia":"Cañar","poblacion":281396,"total":2083,"nuevas":54,"lat":-2.733333,"lng":-78.833333,"semana":43},{"provincia":"Chimborazo","poblacion":524004,"total":2462,"nuevas":48,"lat":-1.674347,"lng":-78.648294,"semana":43},{"provincia":"Cotopaxi","poblacion":488716,"total":4354,"nuevas":129,"lat":-0.933333,"lng":-78.616667,"semana":43},{"provincia":"El Oro","poblacion":715751,"total":6295,"nuevas":267,"lat":-3.2666670000000004,"lng":-79.966667,"semana":43},{"provincia":"Esmeraldas","poblacion":591083,"total":4159,"nuevas":109,"lat":1.05,"lng":-79.2,"semana":43},{"provincia":"Galápagos","poblacion":33042,"total":220,"nuevas":8,"lat":-0.7999999999999999,"lng":-89.4,"semana":43},{"provincia":"Guayas","poblacion":4387434,"total":21515,"nuevas":405,"lat":-2.183333,"lng":-79.883333,"semana":43},{"provincia":"Imbabura","poblacion":476257,"total":4616,"nuevas":109,"lat":0.362678,"lng":-78.130667,"semana":43},{"provincia":"Loja","poblacion":521154,"total":6029,"nuevas":111,"lat":-3.9833330000000005,"lng":-79.2,"semana":43},{"provincia":"Los Ríos","poblacion":921763,"total":3929,"nuevas":85,"lat":-1.8,"lng":-79.533333,"semana":43},{"provincia":"Manabí","poblacion":1562079,"total":10886,"nuevas":477,"lat":-1.056181,"lng":-80.455217,"semana":43},{"provincia":"Morona Santiago","poblacion":196535,"total":2925,"nuevas":45,"lat":-2.3000000000000003,"lng":-78.116667,"semana":43},{"provincia":"Napo","poblacion":133705,"total":1426,"nuevas":13,"lat":-0.989,"lng":-77.8159,"semana":43},{"provincia":"Orellana","poblacion":161338,"total":1914,"nuevas":82,"lat":-0.466667,"lng":-76.966667,"semana":43},{"provincia":"Pastaza","poblacion":114202,"total":2236,"nuevas":21,"lat":-1.066667,"lng":-78.001111,"semana":43},{"provincia":"Pichincha","poblacion":3228233,"total":55071,"nuevas":5543,"lat":-0.218611,"lng":-78.509722,"semana":43},{"provincia":"Santa Elena","poblacion":401178,"total":1624,"nuevas":57,"lat":-2.2267,"lng":-80.8583,"semana":43},{"provincia":"Sto. Domingo Tsáchilas","poblacion":511151,"total":5193,"nuevas":75,"lat":-0.254167,"lng":-79.171944,"semana":43},{"provincia":"Sucumbíos","poblacion":230503,"total":2719,"nuevas":47,"lat":0.08472200000000002,"lng":-76.882778,"semana":43},{"provincia":"Tungurahua","poblacion":590600,"total":4997,"nuevas":85,"lat":-1.241667,"lng":-78.619722,"semana":43},{"provincia":"Zamora Chinchipe","poblacion":120416,"total":1560,"nuevas":6,"lat":-4.12,"lng":-78.8,"semana":43},{"provincia":"Azuay","poblacion":881394,"total":10405,"nuevas":3,"lat":-2.8974140000000004,"lng":-79.004481,"semana":44},{"provincia":"Bolívar","poblacion":209933,"total":2049,"nuevas":6,"lat":-1.6055560000000002,"lng":-79.003056,"semana":44},{"provincia":"Carchi","poblacion":186869,"total":2977,"nuevas":0,"lat":0.81218,"lng":-77.71633,"semana":44},{"provincia":"Cañar","poblacion":281396,"total":2083,"nuevas":0,"lat":-2.733333,"lng":-78.833333,"semana":44},{"provincia":"Chimborazo","poblacion":524004,"total":2478,"nuevas":16,"lat":-1.674347,"lng":-78.648294,"semana":44},{"provincia":"Cotopaxi","poblacion":488716,"total":4357,"nuevas":3,"lat":-0.933333,"lng":-78.616667,"semana":44},{"provincia":"El Oro","poblacion":715751,"total":6310,"nuevas":15,"lat":-3.2666670000000004,"lng":-79.966667,"semana":44},{"provincia":"Esmeraldas","poblacion":591083,"total":4160,"nuevas":1,"lat":1.05,"lng":-79.2,"semana":44},{"provincia":"Galápagos","poblacion":33042,"total":220,"nuevas":0,"lat":-0.7999999999999999,"lng":-89.4,"semana":44},{"provincia":"Guayas","poblacion":4387434,"total":21554,"nuevas":39,"lat":-2.183333,"lng":-79.883333,"semana":44},{"provincia":"Imbabura","poblacion":476257,"total":4618,"nuevas":2,"lat":0.362678,"lng":-78.130667,"semana":44},{"provincia":"Loja","poblacion":521154,"total":6029,"nuevas":0,"lat":-3.9833330000000005,"lng":-79.2,"semana":44},{"provincia":"Los Ríos","poblacion":921763,"total":3932,"nuevas":3,"lat":-1.8,"lng":-79.533333,"semana":44},{"provincia":"Manabí","poblacion":1562079,"total":10897,"nuevas":11,"lat":-1.056181,"lng":-80.455217,"semana":44},{"provincia":"Morona Santiago","poblacion":196535,"total":2925,"nuevas":0,"lat":-2.3000000000000003,"lng":-78.116667,"semana":44},{"provincia":"Napo","poblacion":133705,"total":1426,"nuevas":0,"lat":-0.989,"lng":-77.8159,"semana":44},{"provincia":"Orellana","poblacion":161338,"total":1914,"nuevas":0,"lat":-0.466667,"lng":-76.966667,"semana":44},{"provincia":"Pastaza","poblacion":114202,"total":2237,"nuevas":1,"lat":-1.066667,"lng":-78.001111,"semana":44},{"provincia":"Pichincha","poblacion":3228233,"total":55498,"nuevas":427,"lat":-0.218611,"lng":-78.509722,"semana":44},{"provincia":"Santa Elena","poblacion":401178,"total":1624,"nuevas":0,"lat":-2.2267,"lng":-80.8583,"semana":44},{"provincia":"Sto. Domingo Tsáchilas","poblacion":511151,"total":5208,"nuevas":15,"lat":-0.254167,"lng":-79.171944,"semana":44},{"provincia":"Sucumbíos","poblacion":230503,"total":2719,"nuevas":0,"lat":0.08472200000000002,"lng":-76.882778,"semana":44},{"provincia":"Tungurahua","poblacion":590600,"total":4998,"nuevas":1,"lat":-1.241667,"lng":-78.619722,"semana":44},{"provincia":"Zamora Chinchipe","poblacion":120416,"total":1560,"nuevas":0,"lat":-4.12,"lng":-78.8,"semana":44}]